Age,Attrition,BusinessTravel,DailyRate,DistanceFromHome,Education,EnvironmentSatisfaction,Gender,HourlyRate,JobInvolvement,JobLevel,JobSatisfaction,MonthlyIncome,MonthlyRate,NumCompaniesWorked,OverTime,PercentSalaryHike,PerformanceRating,RelationshipSatisfaction,StockOptionLevel,TotalWorkingYears,TrainingTimesLastYear,WorkLifeBalance,YearsAtCompany,YearsInCurrentRole,YearsSinceLastPromotion,YearsWithCurrManager,Department_Human Resources,Department_Research & Development,Department_Sales,EducationField_Human Resources,EducationField_Life Sciences,EducationField_Marketing,EducationField_Medical,EducationField_Other,EducationField_Technical Degree,JobRole_Healthcare Representative,JobRole_Human Resources,JobRole_Laboratory Technician,JobRole_Manager,JobRole_Manufacturing Director,JobRole_Research Director,JobRole_Research Scientist,JobRole_Sales Executive,JobRole_Sales Representative,MaritalStatus_Divorced,MaritalStatus_Married,MaritalStatus_Single,PromotionRatio,IncomePerYear,RoleStabilityRatio,AgeGroup,SatisfactionScore,LowSatisfactionFlag,Cluster
0.4463504035345031,1,1,0.7425265337769018,-1.010909342912418,2,2,0,1.3831382668932737,3,2,4,-0.1086219598904873,0.7260199409380492,2.1251359240839385,1,-1.1505541015749308,3,1,0,-0.4240732797786506,-2.171981830933257,1,-0.1646131090542286,-0.063295899399149,-0.6791456840737199,0.2458339946348354,False,False,True,False,True,False,False,False,False,False,False,False,False,False,False,False,True,False,False,False,True,0.0,665.8888888888889,0.5714285714285714,1,2.333333333333333,0,2
1.3223652142096962,0,2,-1.2977746019136118,-0.1471497200137397,1,3,1,-0.2406767700620191,2,2,2,-0.2922807241739462,1.4888761391146892,-0.6780493930322936,0,2.1293060069870897,4,4,1,-0.1645986819536281,0.1557070814399298,3,0.4885077284888646,0.7649976209279952,-0.3687152874355457,0.8065414765793012,False,True,False,False,True,False,False,False,False,False,False,False,False,False,False,True,False,False,False,True,False,0.0909090909090909,466.3636363636364,0.6363636363636364,2,3.0,0,0
0.0083429981969065,1,1,1.4143632382387843,-0.8875151110697495,2,4,1,1.2847252343505289,2,1,3,-0.9392362785444152,-1.6748408610979753,1.324225833479301,1,-0.0572673987209239,3,2,0,-0.5538105786911619,0.1557070814399298,3,-1.1442943653688686,-1.1676872598353414,-0.6791456840737199,-1.1559347102263289,False,True,False,False,False,False,False,True,False,False,False,True,False,False,False,False,False,False,False,False,True,0.0,261.25,0.0,1,3.0,0,7
-0.42966440714069,0,2,1.4614661806180305,-0.7641208792270812,4,4,0,-0.4867093514188816,3,1,3,-0.7649413446531605,1.2432105837696696,-0.6780493930322936,1,-1.1505541015749308,3,3,0,-0.4240732797786506,0.1557070814399298,3,0.161947309717318,0.7649976209279952,0.2521455058408027,-1.1559347102263289,False,True,False,False,True,False,False,False,False,False,False,False,False,False,False,True,False,False,False,True,False,0.3333333333333333,323.22222222222223,0.7777777777777778,1,3.333333333333333,0,0
-1.0866755151470848,0,1,-0.5242947060017769,-0.8875151110697495,1,1,1,-1.2740136117608418,3,1,2,-0.6459781358067487,0.3258998974213038,2.5255909693862573,0,-0.8772324258614291,3,4,1,-0.6835478776036732,0.1557070814399298,3,-0.8177339465973219,-0.6154915796172451,-0.0582848907973714,-0.5952272282818631,False,True,False,False,False,False,True,False,False,False,False,True,False,False,False,False,False,False,False,True,False,0.6666666666666666,495.4285714285714,0.6666666666666666,0,2.333333333333333,0,0
-0.5391662584750891,0,2,0.5020536174196967,-0.8875151110697495,2,4,1,0.645040522822686,3,1,4,-0.7311038666449683,-0.3441992832909694,-1.0785044383346123,0,-0.6039107501479274,3,3,0,-0.4240732797786506,-0.6201892226844657,2,-0.0013328996684553,0.7649976209279952,0.2521455058408027,0.5261877356070683,False,True,False,False,True,False,False,False,False,False,False,True,False,False,False,False,False,False,False,False,True,0.375,340.8888888888889,0.875,1,3.6666666666666665,0,0
2.417383727553688,0,1,1.2928872289449382,-0.7641208792270812,3,3,0,0.743453555365431,4,1,1,-0.8158039688289968,-0.6112270608399039,0.523315742874663,1,1.3093409798465847,4,1,3,0.0948759158713943,0.1557070814399298,2,-0.9810141559830952,-1.1676872598353414,-0.6791456840737199,-1.1559347102263289,False,True,False,False,False,False,True,False,False,False,False,True,False,False,False,False,False,False,False,True,False,0.0,205.3846153846154,0.0,2,1.6666666666666667,1,0
-0.7581699611438873,0,1,1.3771767047814845,1.827157989468953,1,4,1,0.0545623275662159,3,1,3,-0.8109092393057992,-0.1374635670938734,-0.6780493930322936,0,1.855984331273588,4,2,1,-1.3322343721662295,-0.6201892226844657,3,-0.9810141559830952,-1.1676872598353414,-0.6791456840737199,-1.1559347102263289,False,True,False,False,True,False,False,False,False,False,False,True,False,False,False,False,False,False,True,False,False,0.0,1346.5,0.0,0,3.0,0,0
0.1178448495313057,0,2,-1.4539580424342708,1.7037637576262843,3,4,1,-1.0771875466753518,2,3,3,0.6432510577380874,-0.7766437419846911,-1.0785044383346123,0,1.5826626555600865,4,2,0,-0.1645986819536281,-0.6201892226844657,3,0.3252275191030913,0.7649976209279952,-0.3687152874355457,1.086895217551534,False,True,False,False,True,False,False,False,False,False,False,False,False,True,False,False,False,False,False,False,True,0.1,866.0,0.7,1,3.0,0,8
-0.1011588531374925,0,1,1.230909673182772,2.197340684996958,3,3,1,1.3831382668932737,3,2,3,-0.2695095911747224,0.3181701459659399,1.324225833479301,0,-0.6039107501479274,3,2,2,0.7435624104339507,0.1557070814399298,2,-0.0013328996684553,0.7649976209279952,1.4938670923934996,0.8065414765793012,False,True,False,False,False,False,True,False,False,True,False,False,False,False,False,False,False,False,False,True,False,0.875,290.94444444444446,0.875,1,2.6666666666666665,0,0
-0.2106607044718917,0,1,0.016149580244313,0.8400041347276065,3,1,1,0.8910731041795485,4,1,2,-0.8677306646403108,0.304397134281837,-1.0785044383346123,0,-0.6039107501479274,3,3,1,-0.6835478776036732,1.707499689688721,3,-0.3278933184400019,-0.063295899399149,-0.6791456840737199,-0.3148734873096303,False,True,False,False,False,False,True,False,False,False,False,True,False,False,False,False,False,False,False,True,False,0.0,346.57142857142856,0.6666666666666666,1,2.0,1,0
-0.8676718124782865,0,1,-1.61014148295493,0.7166099028849382,2,4,0,-0.8311549653184892,2,2,3,-0.4916877486624756,-0.2292367980093755,-1.0785044383346123,1,-0.8772324258614291,3,4,0,-0.1645986819536281,0.1557070814399298,3,0.3252275191030913,0.212801940709899,-0.6791456840737199,1.086895217551534,False,True,False,False,True,False,False,False,False,False,False,True,False,False,False,False,False,False,False,False,True,0.0,381.1818181818182,0.5,0,3.6666666666666665,0,0
-0.6486681098094882,0,1,-0.3284456297933313,2.073946453154289,1,1,1,-1.7168722582031943,3,1,3,-0.7645157159989695,0.1204290496441764,-0.6780493930322936,0,0.4893759527060795,3,4,1,-0.8132851765161844,-1.3960855268088614,2,-0.3278933184400019,-0.6154915796172451,0.5625759024789769,-0.3148734873096303,False,True,False,False,True,False,False,False,False,False,False,False,False,False,False,True,False,False,True,False,False,0.6666666666666666,485.1666666666667,0.3333333333333333,1,2.6666666666666665,0,0
-0.3201625558062908,0,1,1.3474274780156446,1.2101868302556114,2,2,1,1.333931750621901,3,1,4,-0.8177192977728568,-0.7807194291157011,-1.0785044383346123,0,-1.1505541015749308,3,3,1,-1.072759774341207,-0.6201892226844657,3,-0.8177339465973219,-0.6154915796172451,-0.3687152874355457,-0.5952272282818631,False,True,False,False,False,False,True,False,False,False,False,True,False,False,False,False,False,False,True,False,False,0.3333333333333333,665.25,0.6666666666666666,1,3.0,0,0
-0.9771736638126856,1,1,-1.7340965944792623,1.827157989468953,3,3,1,-0.7819484490471167,2,1,3,-0.9524307668243392,-0.1919934500880768,0.9237707881769818,1,-0.3305890744344257,3,2,0,-0.6835478776036732,0.9316033855643254,3,-0.4911735278257753,-0.6154915796172451,-0.6791456840737199,-0.3148734873096303,False,True,False,False,True,False,False,False,False,False,False,True,False,False,False,False,False,False,False,False,True,0.0,289.7142857142857,0.4,0,2.6666666666666665,0,0
-0.8676718124782865,0,1,1.4540288739265703,1.456975293940948,4,2,0,-0.7327419327757442,4,3,1,0.7398687622394667,-0.5787621047273755,-0.6780493930322936,0,-1.1505541015749308,3,3,1,-0.1645986819536281,-1.3960855268088614,3,0.4885077284888646,1.3171933011460917,1.8042974890316736,1.086895217551534,False,True,False,False,True,False,False,False,False,False,False,False,False,True,False,False,False,False,True,False,False,0.7272727272727273,907.2727272727273,0.8181818181818182,0,2.0,1,8
-0.5391662584750891,0,1,-1.161423979236846,-0.5173324155417446,2,1,1,0.6942470390940585,4,1,2,-0.682156571412992,0.1039857601845841,-1.0785044383346123,1,-0.8772324258614291,3,4,2,-0.5538105786911619,1.707499689688721,2,-0.1646131090542286,-0.6154915796172451,-0.6791456840737199,0.2458339946348354,False,True,False,False,True,False,False,False,False,False,False,False,False,False,False,True,False,False,True,False,False,0.0,412.25,0.2857142857142857,1,2.333333333333333,0,0
-1.6341847718190805,0,0,0.7945876806171215,0.8400041347276065,2,4,1,1.4815512994360187,4,1,4,-0.7594081721486763,-0.9822551306973706,-0.6780493930322936,1,-0.6039107501479274,3,2,2,-1.3322343721662295,-0.6201892226844657,2,-0.9810141559830952,-1.1676872598353414,-0.6791456840737199,-1.1559347102263289,False,True,False,False,False,False,True,False,False,False,False,True,False,False,False,False,False,False,True,False,False,0.0,1467.5,0.0,0,3.333333333333333,0,0
1.7603726195472926,0,1,1.03258149474384,-0.8875151110697495,4,1,0,0.5958340065513135,2,4,4,1.8990684019289223,1.083274999111413,-0.2775943477299747,0,0.2160542769925777,3,3,0,2.559884595209108,0.1557070814399298,3,2.9377108692754645,1.041095461037043,0.2521455058408027,0.8065414765793012,False,False,True,False,True,False,False,False,False,False,False,False,True,False,False,False,False,False,False,True,False,0.1153846153846153,482.09375,0.3076923076923077,2,2.6666666666666665,0,4
0.1178448495313057,0,1,-1.06969719670884,-0.8875151110697495,3,4,1,-1.0279810304039791,3,1,4,-0.5446785161092673,-1.40640767419352,0.9237707881769818,1,-1.1505541015749308,3,3,0,-0.6835478776036732,0.1557070814399298,3,-0.6544537372115486,-0.6154915796172451,-0.3687152874355457,-0.5952272282818631,False,True,False,False,True,False,False,False,False,False,False,False,False,False,False,True,False,False,False,False,True,0.25,563.4285714285714,0.5,1,3.6666666666666665,0,0
-1.4151810691502822,0,0,-0.3210083231018714,0.2230329755142651,2,1,0,1.4815512994360187,4,2,3,-0.5304199561938655,-0.8546439612160903,-1.0785044383346123,0,0.7626976284195812,3,4,1,-0.8132851765161844,1.707499689688721,2,-0.4911735278257753,-0.6154915796172451,-0.3687152874355457,-0.3148734873096303,False,True,False,False,False,False,False,True,False,False,False,False,False,True,False,False,False,False,True,False,False,0.2,668.5,0.4,0,2.6666666666666665,0,7
-0.1011588531374925,1,1,1.0301023925133532,-0.0237554881710714,4,3,1,0.7926600716368035,2,1,1,-0.6589598097595771,-1.0297579669139705,1.7246808787816197,0,2.1293060069870897,4,2,0,-0.1645986819536281,0.9316033855643254,3,-0.3278933184400019,-0.339393739508197,-0.6791456840737199,-0.3148734873096303,False,False,True,False,True,False,False,False,False,False,False,False,False,False,False,False,False,True,False,False,True,0.0,309.72727272727275,0.5,1,2.0,1,5
-0.3201625558062908,0,1,-0.9507002896454808,-0.270543951856408,4,1,0,-0.6343289002329991,3,3,2,1.1684768170099025,0.9809611980295057,-1.0785044383346123,0,-1.1505541015749308,3,3,0,0.2246132147839056,0.9316033855643254,3,0.8150681472604113,0.4888997808189471,-0.0582848907973714,1.9279564404682328,False,True,False,False,True,False,False,False,False,False,False,False,False,False,True,False,False,False,False,False,True,0.1538461538461538,856.7142857142857,0.4615384615384615,1,2.0,1,6
-1.7436866231534796,0,1,-1.020115152099107,0.7166099028849382,2,3,1,1.4815512994360187,3,1,4,-1.0898109275376,0.6981928356987392,-0.6780493930322936,0,-0.3305890744344257,3,4,0,-1.3322343721662295,2.4833959938131165,3,-1.1442943653688686,-1.1676872598353414,-0.6791456840737199,-1.1559347102263289,False,True,False,False,True,False,False,False,False,False,False,False,False,False,False,True,False,False,False,False,True,0.0,1232.0,0.0,0,3.6666666666666665,0,0
-0.3201625558062908,1,1,-0.2565516651092185,-0.3939381836990763,1,2,1,0.841866587908176,3,1,1,-0.7540878139712875,0.3919541371307771,-0.2775943477299747,0,-1.1505541015749308,3,3,0,-0.4240732797786506,-0.6201892226844657,3,-0.4911735278257753,-0.6154915796172451,-0.3687152874355457,-0.3148734873096303,False,True,False,False,False,False,True,False,False,False,False,False,False,False,False,True,False,False,False,False,True,0.2,328.8888888888889,0.4,1,2.0,1,0
1.7603726195472926,0,1,1.188764935264499,-0.5173324155417446,3,3,0,-0.3882963188761366,3,5,3,2.6794585393883006,-0.5028699995292573,0.523315742874663,0,-1.1505541015749308,3,4,1,1.911198100646552,0.1557070814399298,2,1.141628566031958,2.421584661582284,0.5625759024789769,1.086895217551534,False,True,False,False,False,False,False,True,False,False,False,False,True,False,False,False,False,False,True,False,False,0.2666666666666666,707.1851851851852,0.8666666666666667,2,3.333333333333333,0,7
-0.5391662584750891,1,2,0.7995458850780948,0.8400041347276065,1,2,0,0.3005949089230785,1,1,1,-0.5499988742866561,-1.3537048233614937,-0.6780493930322936,1,1.855984331273588,4,2,0,-0.1645986819536281,1.707499689688721,3,0.4885077284888646,-0.6154915796172451,1.1834366957553253,0.8065414765793012,False,True,False,False,True,False,False,False,False,False,False,False,False,False,False,True,False,False,False,False,True,0.5454545454545454,356.27272727272725,0.1818181818181818,1,1.6666666666666667,1,0
0.5558522548689022,0,1,-0.2763844829531117,-0.1471497200137397,4,3,1,-0.8803614815898617,3,2,2,0.0684395602530094,0.964096285763257,-1.0785044383346123,0,-1.1505541015749308,3,4,1,-0.1645986819536281,-0.6201892226844657,3,0.3252275191030913,0.7649976209279952,0.5625759024789769,-0.5952272282818631,False,False,True,False,False,True,False,False,False,False,False,False,False,False,False,False,True,False,False,True,False,0.4,620.4545454545455,0.7,1,3.0,0,2
0.7748559575377005,0,1,-0.806912360277255,-0.270543951856408,4,1,0,-1.1756005792180968,2,3,4,0.7969030019010739,-1.7172842236347006,0.1228606975723441,0,-0.3305890744344257,3,4,1,1.6517235028215294,0.9316033855643254,3,2.447870241118145,0.4888997808189471,0.8730062991171511,3.6100788863016295,False,True,False,False,False,False,True,False,False,True,False,False,False,False,False,False,False,False,False,True,False,0.217391304347826,409.92,0.2608695652173913,1,3.0,0,3
0.9938596602064989,0,1,-0.2416770517262986,-0.8875151110697495,4,2,0,0.841866587908176,3,5,1,2.648174833305255,1.1958482884886217,0.1228606975723441,0,-0.8772324258614291,3,4,0,1.392248904996507,-0.6201892226844657,2,-0.8177339465973219,-0.6154915796172451,-0.0582848907973714,-0.8755809692540959,False,False,True,False,False,True,False,False,False,False,False,False,True,False,False,False,False,False,False,False,True,0.6666666666666666,823.7826086956521,0.6666666666666666,2,2.333333333333333,0,4
-0.42966440714069,0,1,0.3012463367502779,-0.8875151110697495,3,3,1,0.5958340065513135,3,1,4,-0.8528336617436223,-1.074168902548425,0.523315742874663,0,-1.1505541015749308,3,4,0,-0.5538105786911619,0.1557070814399298,3,-0.9810141559830952,-0.8915894197262932,-0.6791456840737199,-1.1559347102263289,False,True,False,False,False,False,True,False,False,False,False,True,False,False,False,False,False,False,False,False,True,0.0,312.0,0.5,1,3.6666666666666665,0,0
0.7748559575377005,0,1,1.627566030060636,0.0996387436715968,4,4,1,-1.2248070954894692,3,2,4,-0.0081735975013881,0.6757062860104079,-0.2775943477299747,1,-0.6039107501479274,3,4,0,-0.2943359808661394,1.707499689688721,4,-0.4911735278257753,-0.6154915796172451,-0.3687152874355457,-0.3148734873096303,False,True,False,False,False,False,False,True,False,True,False,False,False,False,False,False,False,False,False,True,False,0.2,646.5,0.4,1,4.0,0,7
-0.7581699611438873,0,1,-1.679556345408556,-0.0237554881710714,2,4,1,0.841866587908176,2,1,3,-0.9145498166013316,0.2535213156119874,-0.6780493930322936,0,-0.6039107501479274,3,1,0,-0.1645986819536281,1.707499689688721,3,0.4885077284888646,-1.1676872598353414,-0.3687152874355457,1.086895217551534,False,True,False,False,False,False,True,False,False,False,False,True,False,False,False,False,False,False,False,False,True,0.0909090909090909,200.54545454545453,0.0,0,2.6666666666666665,0,0
0.2273467008657048,1,1,0.229352372066165,-0.5173324155417446,3,4,1,-0.4867093514188816,3,2,4,-0.9400875358527976,-1.5428729226145808,0.1228606975723441,0,-0.3305890744344257,3,3,1,1.0030370082589732,2.4833959938131165,4,-0.9810141559830952,-1.1676872598353414,-0.6791456840737199,-1.1559347102263289,False,False,True,False,False,False,False,False,True,False,False,False,False,False,False,False,False,True,False,True,False,0.0,104.3,0.0,1,3.6666666666666665,0,5
-1.4151810691502822,1,1,0.0260659891662596,-1.010909342912418,3,2,1,-0.2406767700620191,3,1,4,-0.8960349701440188,-1.587143317313483,-0.2775943477299747,1,0.2160542769925777,3,1,1,-0.6835478776036732,-0.6201892226844657,2,-0.8177339465973219,-1.1676872598353414,-0.0582848907973714,-1.1559347102263289,False,True,False,False,False,False,True,False,False,False,False,False,False,False,False,True,False,False,False,True,False,0.6666666666666666,327.57142857142856,0.0,0,2.333333333333333,0,0
0.6653541062033014,0,1,1.1664530151901191,-0.8875151110697495,2,4,0,0.3005949089230785,4,1,3,-0.8211243270063855,1.0695019874273102,-0.6780493930322936,0,-0.8772324258614291,3,4,2,-0.6835478776036732,0.1557070814399298,2,-0.3278933184400019,-0.339393739508197,-0.3687152874355457,-0.0345197463373974,False,True,False,False,False,False,True,False,False,False,False,False,False,False,False,True,False,False,True,False,False,0.1666666666666666,377.8571428571428,0.5,1,3.6666666666666665,0,0
1.4318670655440953,1,1,0.1648957140735121,-0.7641208792270812,2,1,1,0.9894861367222936,2,1,3,-0.8130373825767546,-1.4761159782273472,-0.6780493930322936,1,-0.3305890744344257,3,3,0,-1.072759774341207,-0.6201892226844657,3,-0.6544537372115486,-0.6154915796172451,-0.6791456840737199,-0.5952272282818631,False,False,True,False,False,True,False,False,False,False,False,False,False,False,False,False,False,True,False,True,False,0.0,670.75,0.5,2,2.333333333333333,0,5
-0.2106607044718917,0,1,0.2169568609137318,-0.8875151110697495,3,4,0,1.5307578157073911,3,1,4,-0.955410167403677,-0.6501568999878274,-0.6780493930322936,0,-0.6039107501479274,3,1,0,-1.202497073253718,0.1557070814399298,3,-0.8177339465973219,-0.6154915796172451,-0.0582848907973714,-0.5952272282818631,False,False,True,False,False,True,False,False,False,False,False,False,False,False,False,False,False,True,False,True,False,0.6666666666666666,671.3333333333334,0.6666666666666666,1,3.0,0,5
-0.1011588531374925,0,1,0.122750976155239,-0.5173324155417446,4,2,0,0.7926600716368035,2,1,1,-0.6564060378344305,-0.174425833144068,2.5255909693862573,1,-0.3305890744344257,3,4,1,-0.6835478776036732,0.1557070814399298,4,-0.9810141559830952,-0.8915894197262932,-0.6791456840737199,-1.1559347102263289,False,True,False,False,True,False,False,False,False,False,False,False,False,False,False,True,False,False,False,True,False,0.0,488.4285714285714,0.5,1,2.333333333333333,0,0
-0.42966440714069,0,2,0.8392115207658811,-1.010909342912418,3,3,0,-1.1756005792180968,4,2,1,-0.2399283997084411,-1.5628297354629748,-0.2775943477299747,0,1.036019304133083,3,1,2,-0.1645986819536281,0.1557070814399298,3,-0.3278933184400019,-0.339393739508197,-0.3687152874355457,-0.3148734873096303,False,False,True,False,True,False,False,False,False,False,False,False,False,False,False,False,True,False,False,True,False,0.1666666666666666,488.7272727272728,0.5,1,1.6666666666666667,1,2
-0.2106607044718917,0,1,-0.8391406892735814,-0.6407266473844129,2,3,1,0.448214457737196,3,1,4,-0.9688174700106964,-0.4782753358076449,-0.6780493930322936,0,-0.8772324258614291,3,3,1,-1.3322343721662295,0.1557070814399298,3,-0.9810141559830952,-1.1676872598353414,-0.6791456840737199,-1.1559347102263289,False,True,False,False,False,False,False,True,False,False,False,True,False,False,False,False,False,False,True,False,False,0.0,975.5,0.0,1,3.333333333333333,0,7
-1.0866755151470848,0,1,1.0846426415840595,-0.8875151110697495,4,4,0,-1.6184592256604493,3,1,1,-0.8858198824434325,0.7591876017283379,-0.6780493930322936,0,-0.6039107501479274,3,4,1,-1.3322343721662295,2.4833959938131165,3,-0.9810141559830952,-1.1676872598353414,-0.6791456840737199,-1.1559347102263289,False,True,False,False,True,False,False,False,False,False,False,True,False,False,False,False,False,False,True,False,False,0.0,1170.5,0.0,0,3.0,0,0
-1.196177366481484,1,1,1.3746976025509978,1.950552221311621,3,1,1,-0.8803614815898617,1,1,3,-0.8960349701440188,-0.5277457451219738,-0.6780493930322936,0,-0.8772324258614291,3,3,0,-1.3322343721662295,-0.6201892226844657,2,-0.9810141559830952,-1.1676872598353414,-0.6791456840737199,-0.8755809692540959,False,True,False,False,True,False,False,False,False,False,False,True,False,False,False,False,False,False,False,False,True,0.0,1146.5,0.0,0,2.333333333333333,0,0
-1.0866755151470848,0,2,0.4747834928843435,-0.1471497200137397,3,4,1,-1.4216331605749593,3,3,3,0.4729995960616482,-1.5934676594133264,-0.6780493930322936,0,-0.0572673987209239,3,4,0,-0.2943359808661394,-2.171981830933257,3,0.3252275191030913,1.041095461037043,-0.3687152874355457,0.8065414765793012,False,False,True,False,True,False,False,False,False,False,False,False,False,False,False,False,True,False,False,False,True,0.1,872.6,0.8,0,3.6666666666666665,0,2
-0.7581699611438873,0,2,-0.2020114160385122,-1.010909342912418,2,3,0,-0.3882963188761366,3,2,4,-0.5304199561938655,-0.496405116493862,-0.6780493930322936,0,2.1293060069870897,4,4,0,0.0948759158713943,-0.6201892226844657,3,0.8150681472604113,1.041095461037043,0.2521455058408027,0.8065414765793012,False,True,False,False,False,False,True,False,False,False,False,True,False,False,False,False,False,False,False,False,True,0.2307692307692307,308.53846153846155,0.6153846153846154,0,3.6666666666666665,0,0
0.4463504035345031,1,1,1.3821349092424575,0.3464272073569334,3,2,0,-0.8311549653184892,3,5,3,2.775437800908393,0.2764294881069749,-0.6780493930322936,0,-0.8772324258614291,3,4,0,1.5219862039090182,-2.171981830933257,3,2.447870241118145,2.97378034180038,3.977310265498893,1.086895217551534,False,True,False,False,False,False,False,False,True,False,False,False,False,False,True,False,False,False,False,True,False,0.6521739130434783,814.375,0.6521739130434783,1,3.0,0,6
-0.3201625558062908,0,0,0.6507997512488957,1.7037637576262843,4,2,1,0.3005949089230785,3,2,3,-0.4118823760016447,-0.6013891953512589,-1.0785044383346123,0,1.3093409798465847,4,3,0,-0.1645986819536281,-0.6201892226844657,3,0.3252275191030913,0.212801940709899,1.8042974890316736,0.8065414765793012,False,False,True,False,False,True,False,False,False,False,False,False,False,False,False,False,True,False,False,False,True,0.8,415.27272727272725,0.5,1,2.6666666666666665,0,2
0.0083429981969065,0,1,-0.977970414180834,1.2101868302556114,2,2,1,0.349801425194451,3,1,2,-0.7408933256913636,-0.5742647947897093,0.523315742874663,0,1.5826626555600865,4,1,0,-0.4240732797786506,-1.3960855268088614,3,-0.9810141559830952,-1.1676872598353414,-0.6791456840737199,-1.1559347102263289,False,True,False,False,True,False,False,False,False,False,False,False,False,False,False,True,False,False,False,True,False,0.0,335.77777777777777,0.0,1,1.6666666666666667,1,0
0.9938596602064989,0,2,1.0127486768999467,-0.5173324155417446,4,1,1,1.5799643319787635,3,2,4,-0.1556539261786036,0.8617824846813495,0.523315742874663,1,1.5826626555600865,4,3,0,0.3543505136964169,0.9316033855643254,3,0.3252275191030913,0.4888997808189471,-0.6791456840737199,1.086895217551534,False,False,True,False,False,True,False,False,False,False,False,False,False,False,False,False,True,False,False,False,True,0.0,384.8,0.6,2,2.6666666666666665,0,2
-0.2106607044718917,0,1,1.0573725170487065,-0.1471497200137397,1,4,1,-1.4708396768463317,4,1,4,-0.901142513994312,-1.3240506859600067,-0.6780493930322936,0,1.036019304133083,3,4,0,-1.3322343721662295,-0.6201892226844657,3,-0.9810141559830952,-1.1676872598353414,-0.6791456840737199,-0.8755809692540959,False,True,False,False,True,False,False,False,False,False,False,True,False,False,False,False,False,False,False,True,False,0.0,1134.5,0.0,1,4.0,0,0
1.2128633628752972,1,1,-0.437526127934744,-1.010909342912418,2,1,1,1.5799643319787635,2,3,3,-0.2388643280729633,0.7000198678609162,2.5255909693862573,1,-0.6039107501479274,3,4,0,1.5219862039090182,-0.6201892226844657,3,-0.9810141559830952,-1.1676872598353414,-0.6791456840737199,-1.1559347102263289,False,True,False,False,True,False,False,False,False,False,False,True,False,False,False,False,False,False,False,False,True,0.0,224.20833333333331,0.0,2,2.6666666666666665,0,0
-0.9771736638126856,1,1,1.5655884742984698,-0.5173324155417446,4,3,1,-0.7819484490471167,3,1,3,-0.6517241226383285,-0.4404698241441379,-0.6780493930322936,1,-0.6039107501479274,3,3,0,-1.202497073253718,0.1557070814399298,2,-0.8177339465973219,-0.6154915796172451,-0.0582848907973714,-0.5952272282818631,False,True,False,False,False,False,False,False,True,False,False,True,False,False,False,False,False,False,False,False,True,0.6666666666666666,1147.0,0.6666666666666666,0,3.0,0,0
0.7748559575377005,0,1,1.699459994744749,-1.010909342912418,5,2,0,0.448214457737196,3,2,1,-0.2233288821949882,-1.448148332052485,0.9237707881769818,1,1.5826626555600865,4,3,1,-0.2943359808661394,-0.6201892226844657,2,-0.4911735278257753,-0.339393739508197,-0.3687152874355457,-0.3148734873096303,False,False,True,False,False,True,False,False,False,False,False,False,False,False,False,False,True,False,True,False,False,0.2,545.4,0.6,1,2.0,1,2
-0.2106607044718917,0,0,0.7301310226244685,0.2230329755142651,2,3,1,0.645040522822686,2,3,1,0.719438586838294,-0.8448060957274455,-0.2775943477299747,1,-0.6039107501479274,3,3,1,-0.1645986819536281,0.1557070814399298,3,-0.4911735278257753,-1.1676872598353414,-0.0582848907973714,-0.3148734873096303,False,True,False,False,False,False,True,False,False,True,False,False,False,False,False,False,False,False,False,True,False,0.4,898.5454545454545,0.0,1,2.333333333333333,0,3
-1.196177366481484,0,1,1.5879003943728498,1.7037637576262843,3,3,0,-0.929567997861234,2,2,4,-0.4993490644379154,1.0010585518134516,1.7246808787816197,1,1.036019304133083,3,3,1,-0.8132851765161844,-0.6201892226844657,2,-0.8177339465973219,-0.6154915796172451,-0.6791456840737199,-1.1559347102263289,False,False,True,False,False,True,False,False,False,False,False,False,False,False,False,False,True,False,False,True,False,0.0,692.8333333333334,0.6666666666666666,0,3.333333333333333,0,2
-0.42966440714069,0,2,-0.7127064755187623,-1.010909342912418,2,1,0,1.5799643319787635,3,3,4,1.4800369918777865,0.1170560671909267,-0.6780493930322936,1,-0.8772324258614291,3,3,0,0.4840878126089281,-1.3960855268088614,3,1.304908775417731,2.6976825016913315,1.8042974890316736,2.2083101814404653,False,True,False,False,True,False,False,False,False,False,False,False,False,False,True,False,False,False,False,False,True,0.5,841.125,0.875,1,2.6666666666666665,0,6
-0.2106607044718917,0,2,0.1252300783857257,1.0867925984129432,5,2,1,0.251388392651706,3,3,1,0.5459949102554215,-0.4612698826058444,-0.6780493930322936,0,1.855984331273588,4,4,1,-0.2943359808661394,0.1557070814399298,2,0.3252275191030913,1.041095461037043,-0.3687152874355457,1.086895217551534,False,False,True,False,True,False,False,False,False,False,False,False,False,False,False,False,True,False,False,True,False,0.1,906.9,0.8,1,2.333333333333333,0,2
-0.2106607044718917,0,1,0.8416906229963679,1.7037637576262843,4,3,0,-1.7660787744745667,3,1,1,-0.5297815132125789,0.2373591080234992,0.1228606975723441,1,-0.0572673987209239,3,3,1,-0.9430224754286956,0.1557070814399298,3,-0.8177339465973219,-0.6154915796172451,-0.0582848907973714,-0.5952272282818631,False,True,False,False,False,False,True,False,False,False,False,True,False,False,False,False,False,False,False,True,False,0.6666666666666666,802.8,0.6666666666666666,1,2.333333333333333,0,0
-0.6486681098094882,0,1,-0.3656321632506311,-0.270543951856408,4,4,1,-0.8803614815898617,3,2,4,-0.1252214774039401,-0.6725029087406067,0.1228606975723441,0,1.855984331273588,4,4,1,-0.1645986819536281,0.1557070814399298,2,-0.0013328996684553,0.7649976209279952,-0.3687152874355457,0.8065414765793012,False,True,False,False,True,False,False,False,False,False,False,True,False,False,False,False,False,False,True,False,False,0.125,537.7272727272727,0.875,1,4.0,0,0
0.0083429981969065,0,1,0.7747548627732282,-1.010909342912418,4,1,1,-0.7327419327757442,2,2,3,-0.1086219598904873,-1.6336623669812185,-0.6780493930322936,0,0.7626976284195812,3,3,1,-0.5538105786911619,-0.6201892226844657,4,-0.0013328996684553,0.212801940709899,-0.6791456840737199,0.8065414765793012,False,True,False,False,True,False,False,False,False,False,False,False,False,True,False,False,False,False,True,False,False,0.0,749.125,0.625,1,2.333333333333333,0,8
-0.5391662584750891,0,1,-0.9308674718015876,-1.010909342912418,3,1,1,-1.6184592256604493,3,2,4,-0.0726563386113395,-0.4829131866808632,-0.6780493930322936,1,1.855984331273588,4,2,1,-0.2943359808661394,0.1557070814399298,3,0.3252275191030913,1.041095461037043,1.4938670923934996,1.086895217551534,False,True,False,False,False,False,True,False,False,False,False,False,False,True,False,False,False,False,False,True,False,0.7,616.2,0.8,1,2.333333333333333,0,8
0.1178448495313057,0,2,-0.3705903677116045,2.4441291486822943,5,4,0,-0.7819484490471167,3,2,4,-0.8719869511822218,-1.2447855983086389,-0.6780493930322936,0,-1.1505541015749308,3,4,0,-0.1645986819536281,-0.6201892226844657,3,0.4885077284888646,-0.339393739508197,2.114727885669848,1.3672489585237668,False,True,False,False,True,False,False,False,False,False,False,True,False,False,False,False,False,False,False,False,True,0.8181818181818182,218.72727272727272,0.2727272727272727,1,4.0,0,0
1.4318670655440953,0,1,0.4623879817319102,-0.270543951856408,2,2,0,-1.1263940629467242,2,5,3,2.6041222675964764,0.3355972219743967,0.9237707881769818,1,-0.8772324258614291,3,4,1,2.3004099973840857,-0.6201892226844657,2,3.264271288047011,-0.339393739508197,3.3564494722225446,1.086895217551534,False,True,False,False,False,False,True,False,False,False,False,False,False,False,True,False,False,False,True,False,False,0.4642857142857143,624.6666666666666,0.1071428571428571,2,3.0,0,6
2.417383727553688,0,1,1.5680675765289565,1.950552221311621,3,1,0,1.629170848250136,3,3,1,0.2412447938545953,-1.680743580391162,1.7246808787816197,0,-1.1505541015749308,3,4,0,2.1706726984715745,0.1557070814399298,2,2.284590031732371,3.249878181909428,1.4938670923934996,1.3672489585237668,False,False,True,False,True,False,False,False,False,False,False,False,False,False,False,False,True,False,False,False,True,0.3181818181818182,263.3448275862069,0.7272727272727273,2,2.0,1,2
-0.1011588531374925,0,1,1.0424979036657869,-0.1471497200137397,3,3,0,-0.3390898026047641,3,3,3,0.7645552241825504,-0.8588601892826525,-0.6780493930322936,0,-0.6039107501479274,3,2,3,0.7435624104339507,-0.6201892226844657,3,1.6314691941892778,2.6976825016913315,3.0460190755843706,1.086895217551534,False,True,False,False,False,False,False,False,True,True,False,False,False,False,False,False,False,False,True,False,False,0.6666666666666666,560.8888888888889,0.7777777777777778,1,2.6666666666666665,0,3
1.979376322216091,0,1,0.0830853404674526,-0.1471497200137397,3,4,0,-1.6184592256604493,3,4,3,1.756269988447809,0.761295715761619,-0.2775943477299747,1,-0.3305890744344257,3,3,3,1.2625116060839956,-0.6201892226844657,3,-0.3278933184400019,-1.1676872598353414,-0.6791456840737199,-0.5952272282818631,False,True,False,False,False,False,True,False,False,False,False,False,True,False,False,False,False,False,True,False,False,0.0,670.7272727272727,0.0,2,3.333333333333333,0,4
-0.1011588531374925,0,2,0.9730830412121604,0.2230329755142651,3,2,1,1.432344783164646,2,2,2,-0.0009379103801395,1.172518493186978,-0.6780493930322936,0,-0.6039107501479274,3,3,0,-0.6835478776036732,0.1557070814399298,3,-0.1646131090542286,0.212801940709899,-0.6791456840737199,-0.3148734873096303,False,True,False,False,True,False,False,False,False,False,False,False,False,True,False,False,False,False,False,False,True,0.0,928.4285714285714,0.7142857142857143,1,2.333333333333333,0,8
0.8843578088720997,0,1,1.330073762402238,-0.270543951856408,3,2,1,-0.3390898026047641,3,3,1,0.6853882945030061,0.6287656135360162,-0.2775943477299747,0,0.4893759527060795,3,3,1,1.7814608017340408,-0.6201892226844657,3,-0.9810141559830952,-1.1676872598353414,-0.6791456840737199,-1.1559347102263289,False,True,False,False,True,False,False,False,False,False,False,False,False,False,False,True,False,False,True,False,False,0.0,374.0,0.0,1,2.0,1,0
-0.2106607044718917,0,2,-0.3433202431762513,-1.010909342912418,3,2,1,0.645040522822686,3,1,1,-0.917103588526478,-1.1868827328611855,0.523315742874663,0,-0.6039107501479274,3,4,1,-0.8132851765161844,-0.6201892226844657,2,-0.6544537372115486,-0.6154915796172451,-0.3687152874355457,-0.5952272282818631,False,True,False,False,False,False,True,False,False,False,False,False,False,False,False,True,False,False,False,True,False,0.25,365.6666666666667,0.5,1,2.333333333333333,0,0
-0.1011588531374925,1,1,-1.2010896149246324,-0.0237554881710714,3,4,1,0.645040522822686,2,1,3,-0.6630032819743926,1.0489830108367078,-1.0785044383346123,1,0.4893759527060795,3,1,1,-1.202497073253718,-2.171981830933257,2,-0.9810141559830952,-1.1676872598353414,-0.6791456840737199,-1.1559347102263289,False,True,False,False,False,False,True,False,False,False,False,False,False,False,False,True,False,False,False,True,False,0.0,1129.3333333333333,0.0,1,2.6666666666666665,0,0
2.417383727553688,0,2,1.04745610812676,-1.010909342912418,1,1,0,-0.4375028351475091,2,2,3,-0.2192854099801728,1.4552868555177445,1.7246808787816197,0,-1.1505541015749308,3,4,0,1.1327743071714844,-0.6201892226844657,2,-0.4911735278257753,-0.339393739508197,-0.3687152874355457,-0.3148734873096303,False,False,True,False,True,False,False,False,False,False,False,False,False,False,False,False,True,False,False,False,True,0.2,260.6190476190476,0.6,2,2.6666666666666665,0,2
-0.8676718124782865,0,1,1.3028036378668848,-0.8875151110697495,3,3,1,0.4974209740085685,3,1,2,-0.8087810960348437,-1.3150560660846742,-1.0785044383346123,0,2.1293060069870897,4,4,1,-0.6835478776036732,0.1557070814399298,3,-0.3278933184400019,-0.063295899399149,-0.6791456840737199,-0.0345197463373974,False,True,False,False,True,False,False,False,False,False,False,False,False,False,False,True,False,False,False,True,False,0.0,386.1428571428572,0.6666666666666666,0,3.0,0,0
-0.6486681098094882,0,1,0.6929444891671688,-1.010909342912418,4,3,1,1.038692652993666,3,1,2,-0.8517695901081446,0.6270791223093914,-0.6780493930322936,0,0.4893759527060795,3,2,0,-1.3322343721662295,0.9316033855643254,3,-0.9810141559830952,-0.8915894197262932,-0.3687152874355457,-1.1559347102263289,False,True,False,False,False,False,True,False,False,False,False,False,False,False,False,True,False,False,False,False,True,0.5,1250.5,0.5,1,2.333333333333333,0,0
-0.5391662584750891,0,1,-0.6308961019127028,-1.010909342912418,3,2,1,0.0053558112948434,3,2,2,-0.0603131076397977,-0.9791632301152252,-0.6780493930322936,0,0.4893759527060795,3,2,2,-0.1645986819536281,0.1557070814399298,3,0.4885077284888646,-0.063295899399149,-0.6791456840737199,1.3672489585237668,False,True,False,False,True,False,False,False,False,False,False,False,False,False,False,True,False,False,False,True,False,0.0,565.4545454545455,0.3636363636363636,1,2.0,1,0
-0.1011588531374925,0,1,-1.6622026297951495,-0.3939381836990763,3,2,0,-0.5359158676902541,4,1,4,-0.7374882964578348,1.0806047213359238,0.1228606975723441,0,-0.8772324258614291,3,2,0,-0.8132851765161844,0.1557070814399298,3,-0.9810141559830952,-1.1676872598353414,-0.6791456840737199,-1.1559347102263289,False,True,False,False,True,False,False,False,False,False,False,True,False,False,False,False,False,False,False,True,False,0.0,506.3333333333333,0.0,1,2.6666666666666665,0,0
-0.6486681098094882,0,1,-0.1400338602763459,-0.1471497200137397,4,3,0,-0.2406767700620191,3,2,4,-0.4425276391034037,0.8950906864071904,-0.6780493930322936,0,2.1293060069870897,4,4,0,-0.0348613830411168,-0.6201892226844657,3,0.651787937874638,0.7649976209279952,-0.3687152874355457,1.086895217551534,False,True,False,False,True,False,False,False,False,False,False,False,False,True,False,False,False,False,False,False,True,0.0833333333333333,368.6666666666667,0.5833333333333334,1,3.6666666666666665,0,8
-0.2106607044718917,0,1,-0.0656607933617463,-1.010909342912418,4,3,1,-1.6676657419318217,2,2,1,-0.4663628437381052,1.2231132299857237,-1.0785044383346123,0,-0.3305890744344257,3,2,0,0.6138251115214394,-0.6201892226844657,3,1.304908775417731,2.421584661582284,-0.0582848907973714,1.086895217551534,False,False,True,False,False,True,False,False,False,False,False,False,False,False,False,False,True,False,False,False,True,0.125,253.64705882352945,0.8125,1,2.0,1,2
0.8843578088720997,0,1,-1.5109773937354638,-0.3939381836990763,4,4,1,-0.6835354165043717,3,3,1,1.4347075402064342,0.1059533332823131,0.523315742874663,1,-0.3305890744344257,3,2,0,0.7435624104339507,0.1557070814399298,4,-1.1442943653688686,-1.1676872598353414,-0.6791456840737199,-1.1559347102263289,False,True,False,False,False,False,False,True,False,False,False,False,False,False,True,False,False,False,False,True,False,0.0,735.8333333333334,0.0,1,2.333333333333333,0,7
0.0083429981969065,0,1,-1.0052405387161871,-0.270543951856408,4,1,1,-1.7660787744745667,3,3,3,1.523876743259469,1.538206007493466,0.523315742874663,0,-0.6039107501479274,3,1,0,0.6138251115214394,0.1557070814399298,4,-0.3278933184400019,-0.6154915796172451,-0.6791456840737199,-0.5952272282818631,False,True,False,False,False,False,True,False,False,False,False,False,False,False,True,False,False,False,False,False,True,0.0,803.7647058823529,0.3333333333333333,1,1.6666666666666667,1,6
0.9938596602064989,0,1,0.3533074835904976,-0.5173324155417446,2,2,1,0.6942470390940585,3,2,2,-0.315477485827361,-0.5464376895503993,2.1251359240839385,1,1.855984331273588,4,4,1,0.6138251115214394,-0.6201892226844657,3,-0.4911735278257753,-0.6154915796172451,-0.6791456840737199,-0.5952272282818631,True,False,False,False,False,False,True,False,False,False,True,False,False,False,False,False,False,False,True,False,False,0.0,295.3529411764706,0.4,2,2.6666666666666665,0,1
-0.7581699611438873,0,1,0.122750976155239,-1.010909342912418,1,4,1,-0.5359158676902541,2,2,4,-0.2931319814823283,0.2367969442812909,-0.6780493930322936,1,-0.8772324258614291,3,3,2,-0.1645986819536281,-1.3960855268088614,2,0.4885077284888646,1.041095461037043,0.2521455058408027,-1.1559347102263289,False,True,False,False,True,False,False,False,False,False,False,True,False,False,False,False,False,False,False,True,False,0.2727272727272727,466.0,0.7272727272727273,0,3.6666666666666665,0,0
-0.2106607044718917,0,1,1.0201859835914069,-1.010909342912418,3,2,1,-1.7660787744745667,2,1,3,-0.775582061007938,1.6815577617565782,-0.6780493930322936,0,0.7626976284195812,3,1,0,-0.6835478776036732,0.1557070814399298,3,-0.1646131090542286,-0.063295899399149,-0.6791456840737199,-0.0345197463373974,False,True,False,False,False,False,True,False,False,False,False,False,False,False,False,True,False,False,False,False,True,0.0,408.4285714285714,0.5714285714285714,1,2.0,1,0
1.979376322216091,0,1,-1.7142637766353692,-1.010909342912418,2,1,1,0.2021818763803334,3,3,4,0.7949876729572138,0.5310896633273271,0.1228606975723441,0,-0.3305890744344257,3,4,1,1.6517235028215294,0.9316033855643254,3,-0.9810141559830952,-1.1676872598353414,-0.3687152874355457,-1.1559347102263289,False,False,True,False,True,False,False,False,False,False,False,False,False,False,False,False,True,False,False,True,False,0.5,409.56,0.0,2,3.0,0,2
0.1178448495313057,0,0,-0.5689185461505365,-0.3939381836990763,3,2,0,0.645040522822686,1,2,4,-0.2499306730819319,0.1973049413911591,1.7246808787816197,1,-0.8772324258614291,3,4,3,0.7435624104339507,0.1557070814399298,3,0.9783483566461848,1.8693889813641875,-0.3687152874355457,1.3672489585237668,False,True,False,False,False,False,True,False,False,False,False,False,False,False,False,True,False,False,True,False,False,0.0714285714285714,296.05555555555554,0.7857142857142857,1,3.333333333333333,0,0
-0.3201625558062908,0,1,0.868960747531721,-1.010909342912418,2,1,1,1.3831382668932737,3,2,2,-0.4635962574858631,0.4810570902707899,-0.6780493930322936,0,-0.0572673987209239,3,3,0,-0.8132851765161844,-0.6201892226844657,3,-0.3278933184400019,-0.6154915796172451,-0.3687152874355457,-0.3148734873096303,False,True,False,False,False,False,True,False,False,False,False,False,False,True,False,False,False,False,False,True,False,0.1666666666666666,720.8333333333334,0.3333333333333333,1,2.0,1,8
2.08887817355049,0,1,1.4812989984619238,-0.270543951856408,3,4,1,-0.8311549653184892,1,3,4,0.1610137925395733,1.037880276928094,0.523315742874663,0,-1.1505541015749308,3,1,0,3.078833790859153,0.1557070814399298,2,-0.1646131090542286,-0.063295899399149,-0.6791456840737199,-0.5952272282818631,False,True,False,False,True,False,False,False,False,False,False,False,False,True,False,False,False,False,False,False,True,0.0,191.05263157894737,0.5714285714285714,2,3.0,0,8
-1.5246829204846812,0,1,-0.6482498175261093,-0.8875151110697495,1,3,1,-0.1914702537906465,3,1,1,-0.8898633546582478,-0.6739083180961274,0.1228606975723441,0,-0.6039107501479274,3,3,1,-1.072759774341207,0.1557070814399298,3,-1.1442943653688686,-1.1676872598353414,-0.6791456840737199,-1.1559347102263289,False,False,True,False,False,False,False,False,True,False,False,False,False,False,False,False,False,True,True,False,False,0.0,580.5,0.0,0,2.333333333333333,0,5
1.5413689168784943,0,1,-0.9184719606491544,-0.0237554881710714,4,4,1,1.4815512994360187,3,1,4,-0.9424284934508484,0.6200520755317879,0.1228606975723441,0,2.1293060069870897,4,2,2,-0.1645986819536281,0.9316033855643254,3,-0.4911735278257753,-0.6154915796172451,-0.6791456840737199,-0.3148734873096303,False,True,False,False,True,False,False,False,False,False,False,True,False,False,False,False,False,False,False,True,False,0.0,188.63636363636363,0.4,2,3.333333333333333,0,0
-0.7581699611438873,0,1,-1.275462681839232,-0.8875151110697495,3,3,1,1.629170848250136,2,2,4,-0.5004131360733931,0.2131860671085431,-0.6780493930322936,0,1.036019304133083,3,1,3,-0.0348613830411168,0.1557070814399298,3,0.651787937874638,1.5932911412551394,2.4251582823080224,1.086895217551534,False,True,False,False,True,False,False,False,False,True,False,False,False,False,False,False,False,False,False,True,False,0.8333333333333334,346.0,0.8333333333333334,0,2.6666666666666665,0,3
0.9938596602064989,1,1,-0.330924732023818,-0.0237554881710714,2,3,1,-0.0930572212479015,2,3,4,0.6630427901579735,-0.1007823829147829,-0.6780493930322936,0,0.2160542769925777,3,4,0,-0.2943359808661394,0.1557070814399298,3,0.3252275191030913,1.041095461037043,0.5625759024789769,0.8065414765793012,False,False,True,False,False,False,True,False,False,False,False,False,False,False,False,False,True,False,False,False,True,0.4,961.9,0.8,2,3.6666666666666665,0,2
0.3368485522001039,0,2,-0.6755199420614625,-1.010909342912418,4,3,1,0.5958340065513135,2,4,2,1.489613636597086,-0.0278416373632582,-0.6780493930322936,0,1.855984331273588,4,4,1,1.392248904996507,0.1557070814399298,2,2.447870241118145,-0.339393739508197,2.7355886789461965,1.9279564404682328,False,True,False,False,True,False,False,False,False,True,False,False,False,False,False,False,False,False,False,True,False,0.4782608695652174,587.0869565217391,0.1304347826086956,1,3.0,0,3
1.5413689168784943,0,1,-0.4226515145518241,1.456975293940948,4,3,1,0.251388392651706,3,2,4,-0.2260954684472304,-0.8278006425256449,-1.0785044383346123,1,1.855984331273588,4,4,0,-0.0348613830411168,-0.6201892226844657,1,0.4885077284888646,0.7649976209279952,-0.3687152874355457,-1.1559347102263289,False,False,True,False,False,True,False,False,False,False,False,False,False,False,False,False,True,False,False,False,True,0.0909090909090909,453.4166666666667,0.6363636363636364,2,3.6666666666666665,0,2
-0.7581699611438873,0,1,1.3176782512498049,-0.6407266473844129,2,3,0,-0.142263737519274,2,2,2,-0.2754683923333977,0.7655119438281811,-0.6780493930322936,1,-0.8772324258614291,3,2,3,-0.0348613830411168,0.9316033855643254,2,0.651787937874638,1.041095461037043,-0.0582848907973714,0.8065414765793012,False,False,True,False,False,False,True,False,False,False,False,False,False,False,False,False,True,False,True,False,False,0.1666666666666666,434.0833333333333,0.6666666666666666,0,2.333333333333333,0,2
0.9938596602064989,0,2,-0.4077769011689042,-1.010909342912418,3,3,1,-1.2740136117608418,2,3,1,0.8873490909166821,-1.5699973231761304,-0.2775943477299747,1,-0.6039107501479274,3,3,1,1.2625116060839956,1.707499689688721,2,0.4885077284888646,1.3171933011460917,2.114727885669848,0.2458339946348354,False,True,False,False,False,False,True,False,False,True,False,False,False,False,False,False,False,False,False,True,False,0.8181818181818182,485.1363636363636,0.8181818181818182,2,2.333333333333333,0,3
-0.5391662584750891,0,1,0.7202146137025219,-0.3939381836990763,4,2,1,1.038692652993666,3,2,3,-0.317818443425412,1.4037083321701342,-0.6780493930322936,0,0.2160542769925777,3,1,0,0.0948759158713943,-2.171981830933257,3,0.651787937874638,1.041095461037043,0.8730062991171511,0.8065414765793012,False,False,True,False,False,False,True,False,False,False,False,False,False,False,False,False,True,False,False,False,True,0.4166666666666667,385.38461538461536,0.6666666666666666,1,2.0,1,2
1.869874470881692,0,1,1.0276232902828666,-0.8875151110697495,4,1,0,-0.2898832863333916,3,3,3,1.4994030956434812,1.361546051504513,2.5255909693862573,0,-0.8772324258614291,3,1,1,0.6138251115214394,1.707499689688721,1,-0.4911735278257753,-0.339393739508197,-0.6791456840737199,-0.3148734873096303,False,True,False,False,False,False,False,False,True,False,False,False,False,False,True,False,False,False,False,True,False,0.0,797.0,0.6,2,1.6666666666666667,1,6
-1.4151810691502822,0,1,1.3647811936290513,-0.7641208792270812,2,1,0,-1.6184592256604493,3,2,3,-0.3201594010234631,0.4505597072559906,-1.0785044383346123,0,1.5826626555600865,4,1,1,-0.9430224754286956,-0.6201892226844657,2,-0.6544537372115486,-0.6154915796172451,-0.6791456840737199,-0.5952272282818631,False,False,True,False,False,False,False,True,False,False,False,False,False,False,False,False,True,False,False,True,False,0.0,999.8,0.5,0,1.6666666666666667,1,7
-0.9771736638126856,0,0,-1.6919518565609897,-0.6407266473844129,3,2,1,-1.1263940629467242,3,2,3,-0.4857289475038002,-0.7659626308827338,-0.6780493930322936,0,-0.0572673987209239,3,2,0,-0.8132851765161844,0.1557070814399298,4,-0.3278933184400019,-0.063295899399149,-0.6791456840737199,-0.0345197463373974,False,False,True,False,False,False,True,False,False,False,False,False,False,False,False,False,True,False,False,True,False,0.0,703.5,0.6666666666666666,0,2.333333333333333,0,2
2.3078818762192883,0,1,-0.2986964030274915,0.0996387436715968,4,4,1,-1.4216331605749593,3,4,3,1.5681421232953436,1.418886753209758,-1.0785044383346123,0,-0.6039107501479274,3,3,0,3.078833790859153,-1.3960855268088614,2,4.897073381904744,1.5932911412551394,-0.3687152874355457,1.086895217551534,False,False,True,False,False,False,True,False,False,False,False,False,False,False,False,False,True,False,False,False,True,0.0263157894736842,355.6923076923077,0.2631578947368421,2,3.333333333333333,0,4
0.7748559575377005,0,0,-0.7771631335114152,1.7037637576262843,3,2,1,0.0545623275662159,3,2,2,-0.9494513662450016,1.507989706349771,0.523315742874663,0,-0.8772324258614291,3,3,1,0.7435624104339507,0.1557070814399298,4,-0.6544537372115486,-0.6154915796172451,-0.3687152874355457,-0.5952272282818631,False,True,False,False,False,False,True,False,False,False,False,True,False,False,False,False,False,False,False,True,False,0.25,113.44444444444444,0.5,1,2.333333333333333,0,0
0.0083429981969065,1,1,0.0111913757833397,-0.3939381836990763,4,3,1,-0.142263737519274,3,1,1,-0.9428541221050396,1.311935101254632,0.523315742874663,1,1.855984331273588,4,4,0,-0.5538105786911619,0.1557070814399298,3,-0.6544537372115486,-0.6154915796172451,-0.6791456840737199,-0.5952272282818631,True,False,False,True,False,False,False,False,False,False,True,False,False,False,False,False,False,False,True,False,False,0.0,259.125,0.5,1,2.6666666666666665,0,1
-0.5391662584750891,0,1,0.0607734203930728,-1.010909342912418,1,4,1,0.251388392651706,3,1,1,-0.7549390712796697,0.1215533771285929,-0.6780493930322936,0,-0.6039107501479274,3,4,0,-1.3322343721662295,-0.6201892226844657,3,-0.9810141559830952,-1.1676872598353414,-0.6791456840737199,-1.1559347102263289,False,True,False,False,True,False,False,False,False,False,False,False,False,False,False,True,False,False,False,False,True,0.0,1478.0,0.0,1,3.0,0,0
-1.8531884744878788,1,2,0.1698539185344854,-0.3939381836990763,3,4,0,0.0053558112948434,2,1,4,-0.7613235010925362,0.7687443853458787,-0.6780493930322936,1,0.7626976284195812,3,2,0,-1.3322343721662295,1.707499689688721,3,-0.9810141559830952,-1.1676872598353414,-0.3687152874355457,-1.1559347102263289,False,True,False,False,True,False,False,False,False,False,False,True,False,False,False,False,False,False,False,False,True,0.5,1463.0,0.0,0,3.333333333333333,0,0
-0.3201625558062908,0,1,-0.3408411409457646,-0.3939381836990763,4,1,0,-1.2248070954894692,3,2,3,-0.3605941231716174,-0.2573449851197897,-0.6780493930322936,0,-0.3305890744344257,3,3,0,0.6138251115214394,0.1557070814399298,3,1.4681889848035046,2.421584661582284,-0.0582848907973714,1.6476026994959998,False,True,False,False,False,False,False,True,False,False,False,False,False,False,False,True,False,False,False,False,True,0.1176470588235294,282.88235294117646,0.7647058823529411,1,2.333333333333333,0,7
0.0083429981969065,0,0,0.5888221954867294,-0.8875151110697495,2,3,1,1.6783773645215088,2,2,4,-0.285257851379793,0.2159968858195845,0.9237707881769818,0,-0.3305890744344257,3,4,1,0.7435624104339507,-0.6201892226844657,4,-0.9810141559830952,-1.1676872598353414,-0.6791456840737199,-1.1559347102263289,False,True,False,False,True,False,False,False,False,True,False,False,False,False,False,False,False,False,True,False,False,0.0,286.8333333333333,0.0,1,3.6666666666666665,0,3
2.417383727553688,0,0,1.5308810430716568,-0.8875151110697495,4,3,0,-1.6676657419318217,2,5,4,2.6262549576144134,1.069361446491758,2.5255909693862573,0,1.5826626555600865,4,4,1,2.430147296296597,0.1557070814399298,3,-0.6544537372115486,-0.6154915796172451,-0.0582848907973714,-0.5952272282818631,True,False,False,True,False,False,False,False,False,False,False,False,True,False,False,False,False,False,False,True,False,0.5,607.8709677419355,0.5,2,3.6666666666666665,0,1
1.4318670655440953,0,2,0.7747548627732282,-1.010909342912418,3,1,0,0.349801425194451,3,5,2,2.483243729806204,-0.6406001163702867,0.1228606975723441,1,1.036019304133083,3,1,0,2.1706726984715745,-1.3960855268088614,2,0.161947309717318,-0.339393739508197,-0.6791456840737199,0.8065414765793012,False,True,False,False,True,False,False,False,False,False,False,False,False,False,True,False,False,False,False,True,False,0.0,626.6206896551724,0.3333333333333333,2,1.3333333333333333,1,6
-1.3056792178158831,1,1,-1.3944595889025913,-0.5173324155417446,3,3,1,-0.9787745141326066,2,2,3,-0.161612727337279,1.7772661388675384,-0.6780493930322936,1,-1.1505541015749308,3,4,0,-0.6835478776036732,-1.3960855268088614,3,-0.1646131090542286,-0.063295899399149,-0.6791456840737199,-0.3148734873096303,False,False,True,False,False,True,False,False,False,False,False,False,False,False,False,False,True,False,False,False,True,0.0,820.5714285714286,0.5714285714285714,0,3.333333333333333,0,2
-1.3056792178158831,0,1,1.1838067308035256,-0.270543951856408,1,4,1,-0.0930572212479015,2,1,4,-0.7691976311950716,1.76855260086331,-0.6780493930322936,0,-1.1505541015749308,3,3,2,-1.202497073253718,-0.6201892226844657,3,-0.8177339465973219,-0.6154915796172451,-0.0582848907973714,-0.8755809692540959,False,True,False,False,False,False,True,False,False,False,False,False,False,False,False,True,False,False,False,True,False,0.6666666666666666,963.0,0.6666666666666666,0,3.6666666666666665,0,0
-1.6341847718190805,0,1,-0.6656035331395159,0.7166099028849382,3,2,0,-0.3390898026047641,3,1,4,-0.7730282890827914,1.3311892094252658,-0.6780493930322936,0,-0.0572673987209239,3,3,0,-1.3322343721662295,1.707499689688721,3,-1.1442943653688686,-1.1676872598353414,-0.6791456840737199,-1.1559347102263289,False,True,False,False,False,False,True,False,False,False,False,True,False,False,False,False,False,False,False,False,True,0.0,1435.5,0.0,0,3.0,0,0
1.5413689168784943,0,2,1.620128723369176,-1.010909342912418,4,1,0,-1.7660787744745667,2,3,1,0.2086842018089763,1.61381703082048,0.1228606975723441,0,1.3093409798465847,4,3,0,1.5219862039090182,-1.3960855268088614,2,0.9783483566461848,2.145486821473236,3.0460190755843706,1.086895217551534,False,True,False,False,False,False,True,False,False,True,False,False,False,False,False,False,False,False,False,False,True,0.8571428571428571,311.8333333333333,0.8571428571428571,2,1.6666666666666667,1,3
-0.3201625558062908,1,2,-0.3581948565591712,-0.270543951856408,3,1,1,0.0053558112948434,1,2,3,-0.0913839993957478,1.2049834492995064,-0.6780493930322936,1,2.4026276827005915,4,4,0,-0.2943359808661394,0.1557070814399298,3,0.3252275191030913,0.7649976209279952,-0.6791456840737199,0.5261877356070683,False,True,False,False,True,False,False,False,False,False,False,True,False,False,False,False,False,False,False,False,True,0.0,607.4,0.7,1,2.6666666666666665,0,0
1.869874470881692,0,0,-1.6374116074902831,2.073946453154289,3,4,0,-1.7660787744745667,4,4,4,2.303628437737561,-0.0621336256379634,-0.2775943477299747,1,-0.8772324258614291,3,3,0,1.5219862039090182,0.1557070814399298,3,-0.3278933184400019,-0.339393739508197,0.5625759024789769,-0.0345197463373974,True,False,False,True,False,False,False,False,False,False,False,False,True,False,False,False,False,False,False,False,True,0.6666666666666666,722.0,0.5,2,3.6666666666666665,0,1
-1.4151810691502822,0,1,0.804504089539068,1.0867925984129432,1,2,1,-0.6835354165043717,3,1,3,-0.7936712788110597,-0.1484257600669349,-1.0785044383346123,0,-0.8772324258614291,3,3,1,-0.6835478776036732,-0.6201892226844657,3,-0.3278933184400019,-0.339393739508197,-0.3687152874355457,-0.5952272282818631,False,True,False,False,True,False,False,False,False,False,False,True,False,False,False,False,False,False,False,True,False,0.1666666666666666,396.2857142857143,0.5,0,2.6666666666666665,0,0
-0.3201625558062908,0,1,0.5665102754123496,-0.3939381836990763,4,3,0,-1.0279810304039791,2,2,2,-0.4252896786086643,0.0965370906003243,1.324225833479301,0,-0.0572673987209239,3,3,1,0.0948759158713943,0.1557070814399298,3,-0.9810141559830952,-1.1676872598353414,-0.6791456840737199,-1.1559347102263289,False,True,False,False,True,False,False,False,False,False,False,False,False,False,False,True,False,False,True,False,False,0.0,346.53846153846155,0.0,1,2.6666666666666665,0,0
0.0083429981969065,0,1,0.9582084278292404,-0.7641208792270812,3,3,1,1.038692652993666,3,3,4,0.1967665994916255,0.0271098684376014,-0.2775943477299747,0,-0.8772324258614291,3,1,0,0.0948759158713943,0.1557070814399298,3,-0.3278933184400019,-0.339393739508197,-0.3687152874355457,-0.3148734873096303,False,False,True,False,True,False,False,False,False,False,False,False,False,False,False,False,True,False,False,False,True,0.1666666666666666,571.3846153846154,0.5,1,2.6666666666666665,0,2
-0.3201625558062908,0,1,1.367260295859538,-0.5173324155417446,3,3,0,-1.0279810304039791,2,3,1,1.0912252162742182,-1.2224395895558595,-0.2775943477299747,0,-0.8772324258614291,3,4,0,0.3543505136964169,2.4833959938131165,3,0.651787937874638,1.5932911412551394,0.8730062991171511,1.086895217551534,False,True,False,False,False,False,True,False,False,False,False,False,True,False,False,False,False,False,False,False,True,0.4166666666666667,775.4,0.8333333333333334,1,2.6666666666666665,0,4
-0.1011588531374925,0,2,1.6473988479045294,0.2230329755142651,2,2,0,1.2847252343505289,3,3,4,0.6883676950823439,1.214118610110391,-1.0785044383346123,0,-0.3305890744344257,3,3,1,-0.1645986819536281,2.4833959938131165,3,0.3252275191030913,0.7649976209279952,-0.0582848907973714,1.086895217551534,False,False,True,False,False,False,False,False,True,False,False,False,False,False,False,False,True,False,False,True,False,0.2,885.2727272727273,0.7,1,3.0,0,2
-0.1011588531374925,0,1,0.2962881322893046,-0.7641208792270812,2,1,0,-1.3232201280322142,3,1,4,-0.7806896048582312,-1.6516516067318836,0.9237707881769818,0,1.855984331273588,4,1,1,-0.5538105786911619,-0.6201892226844657,3,-0.9810141559830952,-1.1676872598353414,-0.6791456840737199,-1.1559347102263289,False,True,False,False,True,False,False,False,False,False,False,True,False,False,False,False,False,False,True,False,False,0.0,354.375,0.0,1,2.0,1,0
0.6653541062033014,0,2,-1.012677845407647,2.073946453154289,2,3,1,1.2847252343505289,3,4,4,2.2250999510393035,0.7281280549713303,-0.6780493930322936,1,-0.8772324258614291,3,4,2,1.7814608017340408,0.1557070814399298,4,2.9377108692754645,2.145486821473236,0.5625759024789769,2.2083101814404653,False,False,True,False,True,False,False,False,False,False,False,False,True,False,False,False,False,False,False,True,False,0.1538461538461538,652.2692307692307,0.4615384615384615,1,3.6666666666666665,0,4
-0.7581699611438873,0,2,1.2631380021790986,1.7037637576262843,3,1,1,1.4815512994360187,1,1,3,-0.8279343854734431,1.1238913294859614,-0.6780493930322936,0,2.675949358414093,4,3,3,-0.1645986819536281,-0.6201892226844657,2,0.4885077284888646,0.7649976209279952,-0.6791456840737199,1.3672489585237668,False,True,False,False,True,False,False,False,False,False,False,False,False,False,False,True,False,False,True,False,False,0.0,237.54545454545453,0.6363636363636364,0,2.333333333333333,0,0
-0.42966440714069,0,0,-0.1301174513543993,1.5803695257836163,2,3,1,1.432344783164646,3,2,2,-0.0760613678448683,0.1639967396653183,-1.0785044383346123,0,-0.6039107501479274,3,1,1,-0.4240732797786506,-0.6201892226844657,4,-0.0013328996684553,0.7649976209279952,-0.6791456840737199,0.8065414765793012,False,False,True,False,False,True,False,False,False,False,False,False,False,False,False,False,True,False,False,True,False,0.0,682.8888888888889,0.875,1,2.0,1,2
2.08887817355049,1,1,-0.8961600405747744,0.59321567104227,4,2,0,0.3005949089230785,3,1,2,-0.3278207167989028,-1.3777373233408976,2.5255909693862573,1,0.7626976284195812,3,1,3,-0.5538105786911619,-0.6201892226844657,3,-0.3278933184400019,-0.063295899399149,0.5625759024789769,-0.3148734873096303,False,True,False,False,True,False,False,False,False,False,False,False,False,False,False,True,False,False,False,True,False,0.6666666666666666,620.375,0.6666666666666666,2,1.6666666666666667,1,0
1.5413689168784943,0,1,-0.2937381985665183,-0.3939381836990763,3,1,1,-0.7327419327757442,3,5,3,2.773735286291629,-1.1034014171432556,1.7246808787816197,0,-0.6039107501479274,3,3,0,1.5219862039090182,1.707499689688721,3,2.1213098223465976,3.802073862127524,3.977310265498893,3.049371404357164,False,True,False,False,True,False,False,False,False,False,False,False,False,False,True,False,False,False,False,False,True,0.7142857142857143,814.0416666666666,0.8571428571428571,2,2.333333333333333,0,6
-0.6486681098094882,1,1,-1.3721476688282117,-0.3939381836990763,4,2,1,0.4974209740085685,1,2,3,-0.070528195340384,0.9031015197336584,0.523315742874663,1,0.7626976284195812,3,2,0,0.0948759158713943,0.1557070814399298,2,-0.0013328996684553,0.7649976209279952,1.4938670923934996,0.8065414765793012,False,False,True,False,True,False,False,False,False,False,False,False,False,False,False,False,True,False,False,True,False,0.875,474.7692307692308,0.875,1,2.333333333333333,0,2
-1.196177366481484,0,1,0.0954808516198859,-0.3939381836990763,3,3,0,-0.9787745141326066,2,1,2,-0.8800738956118526,1.2630268556825115,-0.6780493930322936,0,1.036019304133083,3,3,0,-0.8132851765161844,0.1557070814399298,2,-0.3278933184400019,-0.063295899399149,0.5625759024789769,-0.3148734873096303,False,True,False,False,False,False,False,True,False,False,False,False,False,False,False,True,False,False,False,True,False,0.6666666666666666,394.6666666666667,0.6666666666666666,0,2.6666666666666665,0,7
2.3078818762192883,1,1,-1.6250160963378495,1.7037637576262843,4,4,0,1.3831382668932737,3,3,4,0.810523118835189,-1.5246026009928115,-0.6780493930322936,0,-0.8772324258614291,3,4,1,3.078833790859153,0.1557070814399298,2,5.386914010062064,1.5932911412551394,3.977310265498893,0.5261877356070683,False,True,False,False,False,False,True,False,False,True,False,False,False,False,False,False,False,False,False,True,False,0.3658536585365853,251.5121951219512,0.2439024390243902,2,4.0,0,3
-1.9626903258222776,1,1,-0.6804781465224358,1.5803695257836163,1,4,1,-0.7819484490471167,3,1,3,-1.027554224289068,1.7577309488258006,-0.6780493930322936,1,1.036019304133083,3,4,0,-1.3322343721662295,-0.6201892226844657,2,-1.1442943653688686,-1.1676872598353414,-0.6791456840737199,-1.1559347102263289,False,False,True,False,False,True,False,False,False,False,False,False,False,False,False,False,False,True,False,False,True,0.0,1675.0,0.0,0,3.6666666666666665,0,5
-1.6341847718190805,0,1,-0.5168573993103168,-0.8875151110697495,1,3,1,1.6783773645215088,3,1,4,-0.8470876749120425,0.7007225725386765,-1.0785044383346123,0,-0.3305890744344257,3,3,1,-1.072759774341207,-0.6201892226844657,3,-0.8177339465973219,-0.8915894197262932,-0.0582848907973714,-0.8755809692540959,False,True,False,False,False,False,False,False,True,False,False,True,False,False,False,False,False,False,False,True,False,0.6666666666666666,630.75,0.3333333333333333,0,3.333333333333333,0,0
1.3223652142096962,0,1,-0.8242660758906616,1.3335810620982798,4,3,0,1.4815512994360187,3,2,1,0.0135334638623578,-1.2317152913022962,-0.6780493930322936,0,-0.3305890744344257,3,3,0,0.6138251115214394,-0.6201892226844657,2,1.304908775417731,1.8693889813641875,0.8730062991171511,1.9279564404682328,False,True,False,False,False,False,True,False,False,False,False,False,False,True,False,False,False,False,False,True,False,0.3125,386.2941176470589,0.6875,2,2.333333333333333,0,8
0.6653541062033014,0,2,0.3830567103563374,2.320734916839626,3,2,0,0.3005949089230785,4,1,3,-0.3754911260683058,0.2497267103520815,0.523315742874663,0,-0.8772324258614291,3,4,0,0.873299709346462,-0.6201892226844657,3,-0.6544537372115486,-0.6154915796172451,-0.3687152874355457,-0.5952272282818631,False,True,False,False,False,False,True,False,False,False,False,False,False,False,False,True,False,False,False,False,True,0.25,249.42105263157896,0.5,1,3.0,0,0
1.4318670655440953,0,2,0.016149580244313,0.3464272073569334,3,3,0,0.5466274902799411,3,3,4,0.5755761017217028,-1.0776824259372266,0.523315742874663,0,-1.1505541015749308,3,4,0,0.6138251115214394,0.1557070814399298,3,-0.8177339465973219,-0.6154915796172451,-0.0582848907973714,-0.8755809692540959,False,False,True,False,False,True,False,False,False,False,False,False,False,False,False,False,True,False,False,False,True,0.6666666666666666,541.6470588235294,0.6666666666666666,2,3.6666666666666665,0,2
-0.6486681098094882,1,1,-0.6457707152956227,1.3335810620982798,3,2,0,0.251388392651706,1,2,3,-0.4137977049455046,1.4721517677839928,0.1228606975723441,1,-1.1505541015749308,3,3,1,-0.9430224754286956,-0.6201892226844657,3,-0.8177339465973219,-0.6154915796172451,-0.0582848907973714,-0.5952272282818631,False,False,True,False,True,False,False,False,False,False,False,False,False,False,False,False,True,False,False,True,False,0.6666666666666666,911.8,0.6666666666666666,1,2.6666666666666665,0,2
0.4463504035345031,0,1,-0.0012041353690934,-0.0237554881710714,1,3,1,1.4815512994360187,3,3,3,0.3587183024113383,0.9673287272809546,0.1228606975723441,1,-0.6039107501479274,3,3,1,0.0948759158713943,-0.6201892226844657,3,0.3252275191030913,0.7649976209279952,-0.6791456840737199,0.8065414765793012,False,False,True,False,True,False,False,False,False,False,False,False,False,False,False,False,True,False,True,False,False,0.0,629.9230769230769,0.7,1,3.0,0,2
-1.196177366481484,0,1,1.3697393980900243,1.950552221311621,1,3,0,-0.2406767700620191,3,1,3,-0.7579184718590075,-0.758513961298474,-0.6780493930322936,0,2.1293060069870897,4,4,1,-0.4240732797786506,0.1557070814399298,3,0.161947309717318,0.7649976209279952,0.8730062991171511,0.8065414765793012,True,False,False,False,True,False,False,False,False,False,True,False,False,False,False,False,False,False,False,True,False,0.5555555555555556,326.8888888888889,0.7777777777777778,0,3.333333333333333,0,1
-0.1011588531374925,0,1,-1.4539580424342708,-0.3939381836990763,2,2,1,0.8910731041795485,3,2,2,-0.3325026319950049,-1.6153920453594492,1.324225833479301,0,1.3093409798465847,4,4,2,-0.5538105786911619,-2.171981830933257,3,-0.6544537372115486,-0.6154915796172451,-0.6791456840737199,-0.8755809692540959,False,True,False,False,False,False,True,False,False,False,False,False,False,True,False,False,False,False,True,False,False,0.0,617.625,0.5,1,2.6666666666666665,0,8
1.5413689168784943,1,2,0.861523440840261,-0.1471497200137397,4,1,1,-0.6343289002329991,1,3,4,0.8824543613934845,1.5230275864538425,-0.2775943477299747,0,-0.0572673987209239,3,4,0,0.873299709346462,-0.6201892226844657,3,-0.4911735278257753,-0.6154915796172451,-0.6791456840737199,-0.3148734873096303,False,True,False,False,True,False,False,False,False,False,False,False,False,True,False,False,False,False,False,False,True,0.0,560.5263157894736,0.4,2,3.0,0,8
0.2273467008657048,0,1,1.3052827400973714,-0.6407266473844129,4,4,0,-0.929567997861234,2,2,3,-0.1279880636561823,0.0389153070239753,0.523315742874663,0,-0.3305890744344257,3,3,1,0.7435624104339507,-1.3960855268088614,4,1.304908775417731,1.8693889813641875,0.8730062991171511,1.3672489585237668,False,False,True,False,True,False,False,False,False,False,False,False,False,False,False,False,True,False,False,True,False,0.3125,327.8888888888889,0.6875,1,3.333333333333333,0,2
-1.3056792178158831,0,1,0.3880149148173107,2.320734916839626,3,1,1,-1.2248070954894692,2,2,3,0.4544847496043354,1.47875719175494,-0.2775943477299747,0,0.7626976284195812,3,4,0,-0.6835478776036732,0.1557070814399298,3,-0.8177339465973219,-0.6154915796172451,-0.0582848907973714,-0.5952272282818631,False,False,True,False,True,False,False,False,False,False,False,False,False,False,False,False,True,False,False,True,False,0.6666666666666666,1234.142857142857,0.6666666666666666,0,2.6666666666666665,0,2
-0.7581699611438873,0,1,1.0846426415840595,-0.0237554881710714,3,3,1,-0.8803614815898617,3,2,4,-0.0332856880986629,-0.0465335817916836,-1.0785044383346123,1,1.036019304133083,3,4,0,0.0948759158713943,-0.6201892226844657,1,0.651787937874638,1.3171933011460917,0.5625759024789769,0.8065414765793012,True,False,False,True,False,False,False,False,False,False,True,False,False,False,False,False,False,False,False,True,False,0.3333333333333333,488.2307692307692,0.75,0,3.6666666666666665,0,1
-0.5391662584750891,1,1,0.5714684798733228,-0.0237554881710714,3,1,0,-1.2248070954894692,3,1,1,-0.4901980483728068,-0.5746864175963655,1.7246808787816197,0,1.855984331273588,4,1,0,-0.1645986819536281,-0.6201892226844657,4,-0.3278933184400019,-0.063295899399149,-0.6791456840737199,-0.0345197463373974,False,True,False,False,False,False,True,False,False,False,False,True,False,False,False,False,False,False,False,False,True,0.0,381.8181818181818,0.6666666666666666,1,1.0,1,0
0.8843578088720997,0,1,1.2730544111010451,2.4441291486822943,3,3,1,0.841866587908176,3,1,4,-0.6493831650402775,-0.6410217391769428,0.9237707881769818,0,-0.6039107501479274,3,2,0,-0.2943359808661394,-0.6201892226844657,2,-0.1646131090542286,0.212801940709899,-0.6791456840737199,-0.3148734873096303,False,True,False,False,False,False,True,False,False,False,False,False,False,False,False,True,False,False,False,False,True,0.0,345.2,0.7142857142857143,1,3.0,0,0
0.1178448495313057,0,1,-1.0870509123222465,-0.7641208792270812,5,4,0,-1.6676657419318217,3,2,3,-0.4652987721026275,-1.68805170903987,0.1228606975723441,1,1.3093409798465847,4,2,0,1.0030370082589732,-0.6201892226844657,3,-0.6544537372115486,-0.6154915796172451,-0.0582848907973714,-0.5952272282818631,False,True,False,False,False,False,False,False,True,False,False,False,False,False,False,True,False,False,False,False,True,0.5,215.85,0.5,1,3.0,0,0
-0.7581699611438873,0,1,-0.9035973472662344,1.0867925984129432,3,1,0,0.448214457737196,3,1,3,-0.8238909132586276,1.3487568263692746,-0.6780493930322936,0,-0.3305890744344257,3,3,0,-0.8132851765161844,0.9316033855643254,2,-0.3278933184400019,-0.063295899399149,-0.6791456840737199,-0.0345197463373974,False,True,False,False,True,False,False,False,False,False,False,False,False,False,False,True,False,False,False,False,True,0.0,438.6666666666667,0.6666666666666666,0,2.333333333333333,0,0
-0.5391662584750891,0,2,-0.281342687414085,-0.0237554881710714,2,4,1,-1.5200461931177045,1,2,4,-0.3906009432920898,1.194442879133101,-1.0785044383346123,0,0.4893759527060795,3,4,3,-0.2943359808661394,-0.6201892226844657,4,0.161947309717318,0.7649976209279952,-0.6791456840737199,0.8065414765793012,False,False,True,False,False,False,True,False,False,False,False,False,False,False,False,False,True,False,True,False,False,0.0,466.8,0.7777777777777778,1,4.0,0,2
-0.7581699611438873,0,1,-1.491144575891571,-0.5173324155417446,3,4,0,0.8910731041795485,3,1,1,-0.7021611181599736,-0.54784309890592,0.9237707881769818,0,-0.3305890744344257,3,4,1,-0.4240732797786506,0.1557070814399298,3,-0.6544537372115486,-0.6154915796172451,-0.0582848907973714,-0.5952272282818631,False,True,False,False,False,False,False,False,True,False,False,False,False,False,False,True,False,False,True,False,False,0.5,356.0,0.5,0,3.0,0,0
-0.7581699611438873,0,1,1.548234758685063,-0.8875151110697495,1,2,1,-1.5200461931177045,2,1,4,-0.8051632524742194,-0.4428590200485231,-1.0785044383346123,0,-0.6039107501479274,3,4,0,-0.6835478776036732,0.1557070814399298,3,-0.3278933184400019,-0.339393739508197,-0.3687152874355457,-0.5952272282818631,False,True,False,False,False,False,True,False,False,False,False,True,False,False,False,False,False,False,False,False,True,0.1666666666666666,388.57142857142856,0.5,0,3.333333333333333,0,0
0.4463504035345031,0,2,0.1351464873076723,0.0996387436715968,3,4,1,1.235518718079156,2,4,1,2.272344731654516,-0.200285365285649,0.523315742874663,0,-0.6039107501479274,3,2,1,1.2625116060839956,-0.6201892226844657,2,-0.0013328996684553,0.4888997808189471,1.4938670923934996,0.8065414765793012,False,True,False,False,True,False,False,False,False,False,False,False,True,False,False,False,False,False,True,False,False,0.875,780.9545454545455,0.75,1,2.333333333333333,0,4
0.4463504035345031,0,1,0.3235582568246578,-0.0237554881710714,4,3,1,1.3831382668932737,3,1,1,-0.907739758134274,-1.0332714903027722,-0.2775943477299747,0,1.5826626555600865,4,4,1,-0.5538105786911619,-0.6201892226844657,3,-0.3278933184400019,-1.1676872598353414,-0.3687152874355457,-0.0345197463373974,False,True,False,False,True,False,False,False,False,False,False,True,False,False,False,False,False,False,False,True,False,0.1666666666666666,279.75,0.0,1,2.6666666666666665,0,0
-1.9626903258222776,0,1,0.9383756099853472,-0.7641208792270812,1,2,0,0.645040522822686,3,1,2,-1.0684145750914136,0.2514132015787063,-0.6780493930322936,0,-0.3305890744344257,3,4,0,-1.3322343721662295,0.1557070814399298,3,-0.9810141559830952,-1.1676872598353414,-0.6791456840737199,-1.1559347102263289,False,True,False,False,False,False,True,False,False,False,False,True,False,False,False,False,False,False,False,False,True,0.0,741.5,0.0,0,2.6666666666666665,0,0
0.3368485522001039,0,2,1.4689034873094906,2.073946453154289,3,2,0,-0.5851223839616266,3,2,2,-0.1911939188035603,-0.8164168267459271,-0.6780493930322936,0,-1.1505541015749308,3,1,1,1.1327743071714844,-0.6201892226844657,3,2.1213098223465976,0.7649976209279952,-0.0582848907973714,2.488663922412698,False,True,False,False,False,False,True,False,False,False,False,False,False,False,False,True,False,False,True,False,False,0.0952380952380952,266.9047619047619,0.3333333333333333,1,1.6666666666666667,1,0
-0.2106607044718917,0,1,-0.3482784476372246,-1.010909342912418,5,3,1,1.3831382668932737,3,3,2,0.1684622939879175,-0.4039291809005995,-0.6780493930322936,0,-0.6039107501479274,3,1,2,-0.1645986819536281,0.1557070814399298,3,0.4885077284888646,1.041095461037043,-0.6791456840737199,0.5261877356070683,False,False,True,False,False,True,False,False,False,False,False,False,False,False,False,False,True,False,False,True,False,0.0,663.1818181818181,0.7272727272727273,1,2.0,1,2
1.7603726195472926,0,1,1.570546678759443,-0.3939381836990763,2,2,1,-1.569252709389077,3,2,3,-0.8932683838917767,0.2436834501233424,-0.2775943477299747,1,1.3093409798465847,4,4,1,0.2246132147839056,0.1557070814399298,1,-0.0013328996684553,0.7649976209279952,0.5625759024789769,0.2458339946348354,False,False,True,False,False,True,False,False,False,False,False,False,False,False,False,False,False,True,False,True,False,0.5,164.71428571428572,0.875,2,3.0,0,5
0.8843578088720997,0,1,-1.5084982915049772,-0.0237554881710714,3,2,1,-0.2898832863333916,3,2,2,-0.8843301821537636,-0.4795402042276135,2.1251359240839385,0,0.7626976284195812,3,3,1,1.1327743071714844,-0.6201892226844657,1,1.6314691941892778,1.3171933011460917,-0.6791456840737199,3.049371404357164,False,True,False,False,True,False,False,False,False,False,False,True,False,False,False,False,False,False,True,False,False,0.0,111.8095238095238,0.5,1,2.333333333333333,0,0
-0.5391662584750891,0,2,0.4078477326612039,-0.1471497200137397,3,2,0,-1.1263940629467242,3,3,4,0.5308850930316376,0.179315701640494,-0.6780493930322936,0,-0.3305890744344257,3,4,0,-0.2943359808661394,-0.6201892226844657,3,0.3252275191030913,1.041095461037043,0.2521455058408027,0.8065414765793012,False,False,True,False,False,True,False,False,False,False,False,False,False,False,False,False,True,False,False,False,True,0.3,899.8,0.8,1,3.333333333333333,0,2
-0.8676718124782865,0,0,1.7192928125886422,-1.010909342912418,1,4,1,-1.2248070954894692,3,2,3,-0.4648731434484364,1.6822604664343386,-0.6780493930322936,0,-0.6039107501479274,3,1,1,-0.1645986819536281,-1.3960855268088614,3,0.4885077284888646,0.7649976209279952,-0.6791456840737199,1.3672489585237668,False,True,False,False,False,False,False,False,True,False,False,False,False,True,False,False,False,False,False,True,False,0.0,392.6363636363636,0.6363636363636364,0,2.6666666666666665,0,8
1.5413689168784943,0,1,0.9086263832195074,-0.270543951856408,4,2,1,-1.569252709389077,2,2,3,-0.079040768424206,-0.0463930408561315,-0.2775943477299747,0,0.4893759527060795,3,3,0,-0.1645986819536281,-0.6201892226844657,3,-0.9810141559830952,-1.1676872598353414,-0.6791456840737199,-1.1559347102263289,False,True,False,False,False,False,True,False,False,False,False,False,False,True,False,False,False,False,False,True,False,0.0,557.4545454545455,0.0,2,2.6666666666666665,0,8
2.3078818762192883,0,1,0.8491279296878278,-0.0237554881710714,3,2,0,0.448214457737196,2,1,2,-0.6719414837124057,-0.3429344148710008,0.523315742874663,1,1.3093409798465847,4,2,1,-0.2943359808661394,0.1557070814399298,2,-0.9810141559830952,-1.1676872598353414,-0.6791456840737199,-1.1559347102263289,False,True,False,False,False,False,True,False,False,False,False,False,False,False,False,True,False,False,False,True,False,0.0,334.6,0.0,2,2.0,1,0
0.3368485522001039,0,1,-0.4276097190127974,-0.6407266473844129,4,3,1,0.0545623275662159,2,3,4,0.926081298448072,-0.8096708618394277,1.7246808787816197,0,-1.1505541015749308,3,1,1,0.4840878126089281,-0.6201892226844657,2,0.8150681472604113,1.8693889813641875,-0.0582848907973714,1.9279564404682328,False,False,True,False,False,True,False,False,False,False,False,False,False,False,False,False,True,False,False,True,False,0.1538461538461538,678.4375,0.8461538461538461,1,2.6666666666666665,0,2
-0.3201625558062908,0,2,-1.2382761483819322,-0.8875151110697495,4,3,0,0.448214457737196,3,1,3,-0.9092294584239428,-0.4214967978446083,1.324225833479301,0,0.7626976284195812,3,4,1,-0.6835478776036732,0.1557070814399298,3,-0.4911735278257753,-0.339393739508197,-0.3687152874355457,-0.5952272282818631,False,False,True,False,False,True,False,False,False,False,False,False,False,False,False,False,False,True,False,True,False,0.2,318.7142857142857,0.6,1,3.333333333333333,0,5
-1.6341847718190805,0,1,1.124308277271846,1.2101868302556114,1,3,1,0.6942470390940585,3,1,4,-0.8896505403311523,-0.3262100435403044,-0.6780493930322936,0,2.4026276827005915,4,1,2,-1.202497073253718,2.4833959938131165,3,-0.8177339465973219,-0.6154915796172451,-0.0582848907973714,-0.5952272282818631,False,True,False,False,False,False,True,False,False,False,False,False,False,False,False,True,False,False,False,True,False,0.6666666666666666,774.3333333333334,0.6666666666666666,0,2.6666666666666665,0,0
-1.0866755151470848,0,0,-0.2763844829531117,-0.0237554881710714,3,4,1,-0.4375028351475091,3,1,2,-0.9532820241327216,-1.1725475574348745,1.324225833479301,0,0.7626976284195812,3,4,1,-0.6835478776036732,-1.3960855268088614,1,-0.8177339465973219,-0.6154915796172451,-0.0582848907973714,-0.5952272282818631,False,True,False,False,False,False,True,False,False,False,False,False,False,False,False,True,False,False,True,False,False,0.6666666666666666,289.1428571428572,0.6666666666666666,0,3.333333333333333,0,0
-0.9771736638126856,0,1,-0.8986391428052611,1.456975293940948,3,3,1,-1.1756005792180968,3,1,4,-0.8066529527638882,-1.0738878206773208,-0.6780493930322936,0,-1.1505541015749308,3,3,1,-0.8132851765161844,-0.6201892226844657,1,-0.3278933184400019,-0.6154915796172451,-0.6791456840737199,-0.5952272282818631,False,True,False,False,False,False,True,False,False,False,False,False,False,False,False,True,False,False,False,True,False,0.0,452.1666666666667,0.3333333333333333,0,3.333333333333333,0,0
2.198380024884889,0,1,-1.161423979236846,1.827157989468953,2,3,1,0.841866587908176,4,3,4,0.6247362112807746,1.2773620311088227,0.1228606975723441,1,0.2160542769925777,3,2,1,0.0948759158713943,-0.6201892226844657,1,-0.3278933184400019,-0.339393739508197,-0.3687152874355457,-0.0345197463373974,False,True,False,False,True,False,False,False,False,True,False,False,False,False,False,False,False,False,True,False,False,0.1666666666666666,726.0769230769231,0.5,2,3.0,0,3
-1.0866755151470848,0,0,1.6052541099862565,-0.7641208792270812,3,3,1,0.645040522822686,2,1,3,-0.8379366588469339,1.5477627911110068,-0.6780493930322936,1,-0.0572673987209239,3,4,1,-1.3322343721662295,-0.6201892226844657,2,-0.9810141559830952,-0.8915894197262932,-0.6791456840737199,-0.8755809692540959,False,True,False,False,False,False,True,False,False,False,False,False,False,False,False,True,False,False,True,False,False,0.0,1283.0,0.5,0,3.333333333333333,0,0
1.4318670655440953,0,1,1.6102123144472296,0.2230329755142651,3,3,0,-0.6343289002329991,3,5,2,2.7927417338445326,0.3850676312887256,0.1228606975723441,0,-0.0572673987209239,3,2,0,1.2625116060839956,1.707499689688721,3,-0.3278933184400019,-0.063295899399149,0.5625759024789769,-0.0345197463373974,False,True,False,False,True,False,False,False,False,False,False,False,True,False,False,False,False,False,False,False,True,0.6666666666666666,905.7272727272727,0.6666666666666666,2,2.333333333333333,0,4
0.4463504035345031,0,1,-0.8366615870430948,0.59321567104227,3,1,1,-0.4867093514188816,3,1,3,-0.862410306462922,-1.3638237707212426,0.523315742874663,0,-0.8772324258614291,3,1,1,0.2246132147839056,-0.6201892226844657,3,0.3252275191030913,1.041095461037043,-0.3687152874355457,1.086895217551534,False,True,False,False,True,False,False,False,False,False,False,False,False,False,False,True,False,False,True,False,False,0.1,175.07142857142858,0.8,1,1.6666666666666667,1,0
-0.7581699611438873,0,1,1.330073762402238,-0.5173324155417446,3,2,0,-1.2248070954894692,3,3,4,0.6204799247388637,-0.8798007886799111,-0.2775943477299747,0,-0.8772324258614291,3,3,1,0.0948759158713943,-0.6201892226844657,3,0.4885077284888646,1.3171933011460917,1.4938670923934996,-0.0345197463373974,False,False,True,False,True,False,False,False,False,False,False,False,False,False,False,False,True,False,False,True,False,0.6363636363636364,724.5384615384615,0.8181818181818182,0,3.0,0,2
0.1178448495313057,0,1,-0.2491143584177585,-1.010909342912418,4,1,0,-0.3390898026047641,2,2,4,0.4644870229778262,-0.194382645992462,0.523315742874663,0,1.855984331273588,4,3,0,0.0948759158713943,-0.6201892226844657,4,0.161947309717318,-0.339393739508197,-0.6791456840737199,0.8065414765793012,False,False,True,False,True,False,False,False,False,False,False,False,False,False,False,False,True,False,False,False,True,0.0,668.1538461538462,0.3333333333333333,1,2.6666666666666665,0,2
-0.5391662584750891,0,1,-1.6919518565609897,-0.3939381836990763,5,3,1,-1.1263940629467242,3,1,3,-0.7374882964578348,-0.2646531137684974,0.1228606975723441,0,1.3093409798465847,4,1,0,-0.4240732797786506,-0.6201892226844657,3,-0.3278933184400019,-0.063295899399149,-0.3687152874355457,-0.0345197463373974,False,True,False,False,True,False,False,False,False,False,False,False,False,False,False,True,False,False,False,False,True,0.1666666666666666,337.55555555555554,0.6666666666666666,1,2.333333333333333,0,0
-1.0866755151470848,0,1,0.8788771564536676,0.9633983665702748,3,3,1,-0.7327419327757442,3,1,2,-0.7332320099159237,-0.1333878799628633,-1.0785044383346123,1,0.2160542769925777,3,4,1,-0.6835478776036732,0.1557070814399298,2,-0.3278933184400019,-0.6154915796172451,-0.3687152874355457,-0.8755809692540959,False,True,False,False,False,False,False,False,True,False,False,False,False,False,False,True,False,False,False,True,False,0.1666666666666666,436.8571428571428,0.3333333333333333,0,3.0,0,0
-1.9626903258222776,1,2,-0.4970245814664236,-1.010909342912418,1,3,0,1.6783773645215088,1,1,1,-0.8892249116769613,0.938236753621676,-1.0785044383346123,0,1.5826626555600865,4,1,0,-1.3322343721662295,1.707499689688721,4,-1.1442943653688686,-1.1676872598353414,-0.6791456840737199,-1.1559347102263289,False,False,True,False,False,False,False,False,True,False,False,False,False,False,False,False,False,True,False,False,True,0.0,1162.5,0.0,0,1.6666666666666667,1,5
-0.1011588531374925,0,2,1.6796271769008555,-0.7641208792270812,2,4,1,-1.7660787744745667,3,1,2,-0.9396619071986064,0.1052506286045527,0.523315742874663,0,-0.8772324258614291,3,3,0,0.2246132147839056,0.1557070814399298,2,0.161947309717318,0.7649976209279952,1.4938670923934996,-0.5952272282818631,False,True,False,False,False,False,True,False,False,False,False,True,False,False,False,False,False,False,False,False,True,0.7777777777777778,149.14285714285714,0.7777777777777778,1,3.0,0,0
-0.7581699611438873,0,0,-1.7142637766353692,-0.0237554881710714,3,3,1,0.0053558112948434,3,2,1,-0.7302526093365861,-0.4639401603813337,-0.6780493930322936,0,-1.1505541015749308,3,3,2,0.0948759158713943,0.9316033855643254,3,0.8150681472604113,1.3171933011460917,1.1834366957553253,1.6476026994959998,False,True,False,False,False,False,True,False,False,False,False,True,False,False,False,False,False,False,True,False,False,0.4615384615384615,236.30769230769232,0.6923076923076923,0,2.333333333333333,0,0
0.8843578088720997,0,1,1.154057504037686,-0.6407266473844129,2,3,0,-1.7660787744745667,3,2,1,-0.3186697007337942,-1.1234987709272015,0.523315742874663,1,-1.1505541015749308,3,1,1,-0.2943359808661394,0.1557070814399298,4,-0.3278933184400019,-0.063295899399149,-0.6791456840737199,-0.3148734873096303,False,False,True,False,True,False,False,False,False,False,False,False,False,False,False,False,True,False,True,False,False,0.0,500.6,0.6666666666666666,1,1.6666666666666667,1,2
2.08887817355049,0,1,-0.2218442338824054,-0.1471497200137397,3,3,0,0.0545623275662159,3,1,1,-0.4780676317283605,-0.0525768420204226,0.523315742874663,1,0.7626976284195812,3,3,1,1.0030370082589732,0.1557070814399298,3,-0.8177339465973219,-0.6154915796172451,-0.0582848907973714,-0.5952272282818631,False,True,False,False,True,False,False,False,False,False,False,False,False,False,False,True,False,False,True,False,False,0.6666666666666666,212.85,0.6666666666666666,2,2.333333333333333,0,0
-0.42966440714069,0,1,-1.6572444253341765,-0.8875151110697495,3,3,1,1.1863122018077836,3,1,4,-0.8519824044352401,-0.5337890053507128,-1.0785044383346123,0,-0.3305890744344257,3,1,0,-0.9430224754286956,-0.6201892226844657,4,-0.6544537372115486,-0.8915894197262932,-0.6791456840737199,-0.5952272282818631,False,True,False,False,True,False,False,False,False,False,False,False,False,False,False,True,False,False,False,False,True,0.0,500.0,0.25,1,2.6666666666666665,0,0
-1.9626903258222776,1,1,-1.2382761483819322,-0.8875151110697495,3,2,1,-0.929567997861234,2,1,4,-1.0898109275376,-0.712838157244051,-0.6780493930322936,0,1.855984331273588,4,3,0,-1.3322343721662295,0.1557070814399298,2,-0.9810141559830952,-1.1676872598353414,-0.3687152874355457,-1.1559347102263289,False,True,False,False,True,False,False,False,False,False,False,True,False,False,False,False,False,False,False,False,True,0.5,551.0,0.0,0,3.0,0,0
0.9938596602064989,0,1,-0.6854363509834092,-1.010909342912418,2,2,0,1.2847252343505289,3,3,1,0.8405299389556614,-1.7112409634059615,-0.6780493930322936,0,2.675949358414093,4,3,3,1.6517235028215294,-0.6201892226844657,3,2.774430659889691,2.421584661582284,3.977310265498893,0.8065414765793012,False,False,True,False,False,True,False,False,False,False,False,False,False,False,False,False,True,False,True,False,False,0.6,418.12,0.52,2,2.0,1,2
0.1178448495313057,0,1,1.4317169538521908,-0.0237554881710714,2,3,0,0.448214457737196,3,1,4,-0.8970990417794965,-1.1234987709272015,-0.6780493930322936,0,-0.8772324258614291,3,3,0,-1.202497073253718,0.1557070814399298,3,-0.8177339465973219,-0.6154915796172451,-0.0582848907973714,-0.8755809692540959,False,True,False,False,True,False,False,False,False,False,False,True,False,False,False,False,False,False,False,False,True,0.6666666666666666,762.6666666666666,0.6666666666666666,1,3.333333333333333,0,0
-0.6486681098094882,0,1,-1.6423698119512564,0.3464272073569334,1,3,0,1.432344783164646,3,1,4,-0.5478707310157006,-1.0300390487850746,2.1251359240839385,1,2.1293060069870897,4,3,1,-0.5538105786911619,-2.171981830933257,3,-0.4911735278257753,-0.6154915796172451,-0.6791456840737199,-0.5952272282818631,False,True,False,False,False,False,True,False,False,False,False,False,False,False,False,True,False,False,False,True,False,0.0,491.125,0.4,1,3.333333333333333,0,0
-0.3201625558062908,0,1,-0.430088821243284,2.197340684996958,2,4,0,1.432344783164646,3,1,2,-0.8922043122562989,-1.2089476597428608,-0.2775943477299747,0,-0.0572673987209239,3,4,0,-0.2943359808661394,0.1557070814399298,3,-0.6544537372115486,-0.6154915796172451,-0.3687152874355457,-0.5952272282818631,False,True,False,False,False,False,True,False,False,False,False,False,False,False,False,True,False,False,False,False,True,0.25,231.1,0.5,1,3.333333333333333,0,0
0.4463504035345031,1,1,1.3722185003205112,1.3335810620982798,2,2,0,0.2021818763803334,3,1,2,-0.7157812350940888,1.0420965049946562,-0.6780493930322936,1,1.855984331273588,4,4,0,-0.9430224754286956,1.707499689688721,2,-0.4911735278257753,-0.339393739508197,-0.6791456840737199,-0.5952272282818631,False,False,True,False,False,True,False,False,False,False,False,False,False,False,False,False,False,True,False,False,True,0.0,628.0,0.6,1,2.6666666666666665,0,5
1.4318670655440953,0,1,-1.176298592619766,-1.010909342912418,3,3,1,0.9894861367222936,2,1,3,-0.5987333551915368,-1.5302242384148943,-0.2775943477299747,0,-0.0572673987209239,3,4,1,-0.8132851765161844,-0.6201892226844657,2,-0.6544537372115486,-0.6154915796172451,-0.6791456840737199,-0.5952272282818631,False,True,False,False,False,False,True,False,False,False,False,True,False,False,False,False,False,False,False,True,False,0.0,615.0,0.5,2,3.333333333333333,0,0
1.7603726195472926,0,1,0.6979026936281421,0.4698214391996017,2,4,0,-0.4375028351475091,4,2,1,-0.4369944665989195,1.6776226155611202,-0.6780493930322936,0,-1.1505541015749308,3,3,2,-0.8132851765161844,0.1557070814399298,3,-0.4911735278257753,-0.6154915796172451,-0.3687152874355457,-0.3148734873096303,False,True,False,False,False,False,True,False,False,False,False,False,False,True,False,False,False,False,True,False,False,0.2,741.6666666666666,0.4,2,2.6666666666666665,0,8
-0.42966440714069,0,1,0.3186000523636845,0.59321567104227,3,4,0,0.3005949089230785,3,1,2,-0.7975019366987796,-1.35482915084591,-0.6780493930322936,0,-0.6039107501479274,3,4,1,-0.4240732797786506,1.707499689688721,3,0.161947309717318,0.7649976209279952,-0.3687152874355457,0.5261877356070683,False,True,False,False,False,False,True,False,False,False,False,False,False,False,False,True,False,False,False,True,False,0.1111111111111111,306.22222222222223,0.7777777777777778,1,3.333333333333333,0,0
0.3368485522001039,0,1,0.4623879817319102,-0.6407266473844129,1,4,0,-0.9787745141326066,3,5,3,2.666476865435472,-1.098201402527829,-0.6780493930322936,0,-0.3305890744344257,3,2,1,1.2625116060839956,-0.6201892226844657,3,2.1213098223465976,1.041095461037043,2.114727885669848,1.3672489585237668,False,True,False,False,False,False,True,False,False,False,False,False,True,False,False,False,False,False,False,True,False,0.4285714285714285,865.1363636363636,0.3809523809523809,1,3.0,0,4
1.979376322216091,0,1,-0.273905380722625,0.59321567104227,4,3,1,-0.2406767700620191,4,5,2,2.6002916097087563,-0.1369014033516651,2.1251359240839385,0,-1.1505541015749308,3,4,0,3.078833790859153,0.1557070814399298,3,2.774430659889691,2.97378034180038,-0.0582848907973714,3.049371404357164,False,True,False,False,False,False,True,False,False,False,False,False,False,False,True,False,False,False,False,False,True,0.08,506.0,0.6,2,3.0,0,6
-0.3201625558062908,0,2,0.6607161601708423,-0.8875151110697495,1,4,1,-1.0279810304039791,2,2,3,0.647720158607094,-0.0336038157208931,-0.6780493930322936,0,0.4893759527060795,3,3,0,-0.1645986819536281,-0.6201892226844657,2,0.4885077284888646,1.3171933011460917,-0.3687152874355457,1.3672489585237668,False,True,False,False,True,False,False,False,False,False,False,False,False,True,False,False,False,False,False,True,False,0.0909090909090909,867.9090909090909,0.8181818181818182,1,3.333333333333333,0,8
1.5413689168784943,0,1,-1.2134851260770658,-0.7641208792270812,3,4,0,1.5799643319787635,3,4,2,1.5387737461561577,-1.000806534190244,0.1228606975723441,0,0.7626976284195812,3,3,0,1.2625116060839956,2.4833959938131165,3,-0.0013328996684553,0.7649976209279952,-0.3687152874355457,-1.1559347102263289,False,True,False,False,False,False,True,False,False,True,False,False,False,False,False,False,False,False,False,False,True,0.125,624.2727272727273,0.875,2,3.0,0,3
1.6508707682128936,0,1,-0.2565516651092185,-1.010909342912418,4,3,1,-0.043850704976529,2,5,3,2.7927417338445326,-1.213585510616079,-1.0785044383346123,0,-0.3305890744344257,3,1,1,2.949096491946642,1.707499689688721,3,4.243952544361651,3.802073862127524,2.7355886789461965,1.3672489585237668,False,True,False,False,True,False,False,False,False,False,False,False,True,False,False,False,False,False,False,True,False,0.3235294117647059,571.4,0.5294117647058824,2,2.333333333333333,0,4
-1.0866755151470848,0,1,0.2268732698356784,-0.0237554881710714,3,4,0,1.629170848250136,3,1,2,-0.8990143707233564,-0.3558641809417913,-0.6780493930322936,0,0.2160542769925777,3,4,0,-0.5538105786911619,-0.6201892226844657,2,-0.0013328996684553,0.7649976209279952,-0.6791456840737199,-0.3148734873096303,False,True,False,False,False,False,True,False,False,False,False,False,False,False,False,True,False,False,False,False,True,0.0,284.875,0.875,0,3.333333333333333,0,0
-0.2106607044718917,1,1,-0.6110632840688096,1.7037637576262843,2,2,1,-0.7819484490471167,2,2,3,-0.1250086630768446,0.1663859355697035,0.1228606975723441,1,-0.6039107501479274,3,1,0,-0.4240732797786506,-1.3960855268088614,3,-0.9810141559830952,-1.1676872598353414,-0.6791456840737199,-0.8755809692540959,False,True,False,False,True,False,False,False,False,False,False,False,False,True,False,False,False,False,False,True,False,0.0,657.3333333333334,0.0,1,2.0,1,8
0.6653541062033014,0,0,1.3424692735546713,-0.270543951856408,3,4,1,-1.4216331605749593,4,1,4,-0.9394490928715108,-1.276828931614511,0.523315742874663,0,-0.3305890744344257,3,4,3,-0.5538105786911619,0.1557070814399298,4,-0.3278933184400019,-0.063295899399149,-0.0582848907973714,-0.5952272282818631,False,True,False,False,False,False,True,False,False,False,False,False,False,False,False,True,False,False,True,False,False,0.3333333333333333,261.125,0.6666666666666666,1,4.0,0,0
0.8843578088720997,0,0,0.9730830412121604,-0.8875151110697495,2,1,1,-0.043850704976529,2,4,4,2.1895599584143466,0.8641716805857348,2.5255909693862573,0,2.1293060069870897,4,4,1,1.392248904996507,-1.3960855268088614,3,2.1213098223465976,1.041095461037043,2.7355886789461965,1.086895217551534,False,True,False,False,False,False,True,False,False,False,False,False,True,False,False,False,False,False,False,True,False,0.5238095238095238,730.0869565217391,0.3809523809523809,1,3.0,0,4
0.0083429981969065,0,1,-1.2705044773782588,1.456975293940948,3,2,1,-0.043850704976529,4,1,1,-0.6255479604055759,1.2176321334991926,-0.6780493930322936,1,-0.8772324258614291,3,1,1,-0.4240732797786506,0.1557070814399298,2,0.161947309717318,0.7649976209279952,-0.3687152874355457,0.8065414765793012,False,True,False,False,True,False,False,False,False,False,False,False,False,False,False,True,False,False,False,True,False,0.1111111111111111,396.0,0.7777777777777778,1,1.3333333333333333,1,0
-0.2106607044718917,0,2,-1.6473280164122297,-0.8875151110697495,3,2,0,-1.4216331605749593,3,2,2,-0.4423148247763082,0.2351104530546661,0.9237707881769818,0,-1.1505541015749308,3,4,0,-0.1645986819536281,1.707499689688721,3,-0.1646131090542286,-0.6154915796172451,-0.3687152874355457,-0.5952272282818631,False,True,False,False,False,False,True,False,False,False,False,True,False,False,False,False,False,False,False,False,True,0.1428571428571428,402.27272727272725,0.2857142857142857,1,2.6666666666666665,0,0
0.5558522548689022,0,0,0.3062045412112512,1.456975293940948,2,3,0,-1.4708396768463317,3,2,3,-0.263550790016047,0.2987754968597542,-0.2775943477299747,0,0.2160542769925777,3,2,1,-0.0348613830411168,1.707499689688721,3,-0.3278933184400019,-0.339393739508197,-0.6791456840737199,-0.5952272282818631,False,True,False,False,False,False,True,False,False,False,False,False,False,True,False,False,False,False,True,False,False,0.0,438.75,0.5,1,2.6666666666666665,0,8
0.1178448495313057,0,1,1.1367037884242792,-0.8875151110697495,4,4,1,1.0878991692650386,3,2,3,0.0105540632830201,-0.9913902915082552,2.5255909693862573,0,-0.3305890744344257,3,2,0,0.3543505136964169,0.1557070814399298,3,-0.9810141559830952,-1.1676872598353414,-0.6791456840737199,-1.1559347102263289,False,True,False,False,True,False,False,False,False,False,False,False,False,True,False,False,False,False,False,True,False,0.0,436.8666666666667,0.0,1,3.0,0,8
0.1178448495313057,0,1,0.6979026936281421,2.4441291486822943,3,4,1,-0.5851223839616266,3,2,4,-0.0515877202288801,-1.4234131273953206,0.1228606975723441,0,0.7626976284195812,3,1,1,-0.2943359808661394,0.1557070814399298,1,-0.0013328996684553,0.7649976209279952,-0.3687152874355457,0.8065414765793012,False,True,False,False,False,False,False,False,True,False,False,False,False,True,False,False,False,False,False,True,False,0.125,626.1,0.875,1,3.0,0,8
-1.0866755151470848,0,2,-0.8193078714296883,-1.010909342912418,1,3,1,-0.2898832863333916,2,2,1,-0.469342244317443,-0.651281227472244,0.9237707881769818,0,1.036019304133083,3,3,1,-0.6835478776036732,-1.3960855268088614,3,-0.8177339465973219,-0.6154915796172451,-0.0582848907973714,-1.1559347102263289,False,True,False,False,False,False,False,False,True,False,False,False,False,True,False,False,False,False,False,True,False,0.6666666666666666,614.0,0.6666666666666666,0,2.333333333333333,0,8
1.3223652142096962,0,0,0.4946163107282367,1.0867925984129432,4,4,1,1.2847252343505289,3,2,4,0.0639704593840029,1.3323135369096823,-0.6780493930322936,1,-0.0572673987209239,3,1,2,-0.5538105786911619,-2.171981830933257,3,-0.0013328996684553,0.7649976209279952,-0.3687152874355457,0.8065414765793012,False,True,False,False,True,False,False,False,False,False,False,False,False,True,False,False,False,False,True,False,False,0.125,850.5,0.875,2,3.0,0,8
-0.3201625558062908,0,2,0.187207634147892,0.0996387436715968,4,4,1,-1.1263940629467242,3,1,3,-0.5721315643045931,-1.1722664755637702,-0.6780493930322936,1,0.4893759527060795,3,4,1,-0.8132851765161844,0.9316033855643254,4,-0.3278933184400019,-0.339393739508197,-0.0582848907973714,-1.1559347102263289,False,True,False,False,False,False,True,False,False,False,False,False,False,False,False,True,False,False,True,False,False,0.3333333333333333,635.8333333333334,0.5,1,3.6666666666666665,0,0
0.3368485522001039,0,1,0.2541433943710315,1.2101868302556114,2,3,1,1.629170848250136,3,2,4,-0.8006941516052128,0.3105809354461281,2.1251359240839385,1,-0.0572673987209239,3,3,1,0.4840878126089281,-0.6201892226844657,4,-0.0013328996684553,-0.6154915796172451,0.2521455058408027,0.8065414765793012,False,True,False,False,False,False,True,False,False,False,False,True,False,False,False,False,False,False,False,True,False,0.375,171.3125,0.25,1,3.333333333333333,0,0
0.1178448495313057,1,1,0.9358965077548606,2.4441291486822943,1,2,1,0.2021818763803334,3,2,1,0.036091782534486,-0.4158751604225255,1.7246808787816197,1,1.036019304133083,3,2,0,0.7435624104339507,-0.6201892226844657,3,-0.9810141559830952,-1.1676872598353414,-0.6791456840737199,-1.1559347102263289,False,True,False,False,False,False,True,False,False,True,False,False,False,False,False,False,False,False,False,True,False,0.0,370.72222222222223,0.0,1,1.6666666666666667,1,3
-0.8676718124782865,1,1,-1.6894727543305028,2.197340684996958,3,2,0,-1.5200461931177045,3,3,4,0.2416704225087864,1.435189501733798,-0.6780493930322936,0,1.855984331273588,4,4,3,-0.1645986819536281,0.1557070814399298,2,0.4885077284888646,-0.063295899399149,-0.3687152874355457,1.3672489585237668,False,False,True,False,False,True,False,False,False,False,False,False,False,False,False,False,True,False,False,True,False,0.0909090909090909,694.4545454545455,0.3636363636363636,0,3.333333333333333,0,2
-1.6341847718190805,0,1,0.8268160096134479,-0.5173324155417446,3,4,1,-0.2898832863333916,4,1,2,-0.8885864686956746,-0.2699936693194761,-0.6780493930322936,1,0.2160542769925777,3,1,1,-0.9430224754286956,-0.6201892226844657,2,-0.4911735278257753,-0.6154915796172451,-0.0582848907973714,-0.5952272282818631,False,True,False,False,True,False,False,False,False,False,False,False,False,False,False,True,False,False,True,False,False,0.4,465.6,0.4,0,2.333333333333333,0,0
-0.1011588531374925,0,2,-0.4152142078603641,1.0867925984129432,1,2,0,0.349801425194451,3,1,4,-0.9258289759373955,-0.9289901161231358,-0.6780493930322936,0,-0.6039107501479274,3,1,0,-0.4240732797786506,-0.6201892226844657,3,0.161947309717318,-0.8915894197262932,-0.3687152874355457,0.8065414765793012,False,True,False,False,False,False,True,False,False,False,False,True,False,False,False,False,False,False,False,False,True,0.1111111111111111,239.22222222222223,0.1111111111111111,1,2.333333333333333,0,0
0.3368485522001039,0,0,0.8640025430707476,-0.0237554881710714,5,4,1,-0.142263737519274,2,2,4,-0.3463355632562156,-0.0099929385481452,2.5255909693862573,0,-0.3305890744344257,3,4,1,-0.8132851765161844,1.707499689688721,1,-0.6544537372115486,-0.6154915796172451,-0.6791456840737199,-0.5952272282818631,False,True,False,False,True,False,False,False,False,True,False,False,False,False,False,False,False,False,False,True,False,0.0,812.6666666666666,0.5,1,4.0,0,3
0.9938596602064989,0,1,-0.3929022877859843,-1.010909342912418,4,4,1,1.5307578157073911,3,3,1,0.615585195215666,-0.2733666517727258,1.7246808787816197,0,0.2160542769925777,3,3,1,0.7435624104339507,0.1557070814399298,3,-0.4911735278257753,-0.6154915796172451,-0.6791456840737199,-0.3148734873096303,False,True,False,False,False,False,True,False,False,True,False,False,False,False,False,False,False,False,True,False,False,0.0,522.0,0.4,2,2.6666666666666665,0,3
-0.5391662584750891,1,1,0.6012177066391627,-0.6407266473844129,4,4,1,-1.6676657419318217,1,3,4,0.8292507796195973,1.6160656857893132,-0.6780493930322936,0,-1.1505541015749308,3,3,0,0.3543505136964169,-0.6201892226844657,2,1.141628566031958,1.041095461037043,2.114727885669848,1.086895217551534,False,False,True,False,False,False,True,False,False,False,False,False,False,False,False,False,True,False,False,True,False,0.6,693.3333333333334,0.5333333333333333,1,3.6666666666666665,0,2
-0.7581699611438873,0,0,0.0657316248540461,-1.010909342912418,1,3,1,1.0878991692650386,2,3,3,0.4193703856335698,0.9292421337463436,-0.6780493930322936,0,1.855984331273588,4,3,0,0.0948759158713943,-0.6201892226844657,3,0.651787937874638,1.041095461037043,0.8730062991171511,1.086895217551534,False,True,False,False,True,False,False,False,False,False,False,False,False,True,False,False,False,False,False,False,True,0.4166666666666667,651.8461538461538,0.6666666666666666,0,3.0,0,8
-1.0866755151470848,0,2,1.0896008460450328,1.3335810620982798,3,4,0,1.1863122018077836,3,2,3,0.7400815765665623,-0.196350219090191,-0.6780493930322936,0,-0.3305890744344257,3,4,0,-0.5538105786911619,-0.6201892226844657,3,-0.0013328996684553,0.7649976209279952,-0.6791456840737199,0.8065414765793012,False,False,True,False,True,False,False,False,False,False,False,False,False,False,False,False,True,False,False,False,True,0.0,1247.625,0.875,0,3.6666666666666665,0,2
1.5413689168784943,0,1,1.652357052365503,-0.1471497200137397,4,2,1,0.743453555365431,2,3,2,1.2740327232492947,0.1999752191666484,0.9237707881769818,0,0.2160542769925777,3,4,2,0.6138251115214394,1.707499689688721,1,0.4885077284888646,1.3171933011460917,0.5625759024789769,0.8065414765793012,False,True,False,False,True,False,False,False,False,False,False,False,False,False,True,False,False,False,False,True,False,0.3636363636363636,734.7058823529412,0.8181818181818182,2,2.6666666666666665,0,6
-0.7581699611438873,1,1,0.5020536174196967,-0.7641208792270812,3,4,0,1.0878991692650386,3,1,1,-0.818570555081239,-0.8091086980972194,0.9237707881769818,1,-1.1505541015749308,3,3,0,-0.4240732797786506,1.707499689688721,3,-0.3278933184400019,-0.6154915796172451,-0.6791456840737199,-0.0345197463373974,False,True,False,False,False,False,False,False,True,False,False,False,False,False,False,True,False,False,False,False,True,0.0,295.22222222222223,0.3333333333333333,0,2.6666666666666665,0,0
0.4463504035345031,0,1,0.2318314742966517,-0.3939381836990763,3,4,0,0.448214457737196,3,3,4,1.5083412973814945,0.0507207456103493,0.1228606975723441,1,0.7626976284195812,3,3,0,0.6138251115214394,0.1557070814399298,3,-0.9810141559830952,-1.1676872598353414,-0.6791456840737199,-1.1559347102263289,False,False,True,False,True,False,False,False,False,False,False,False,True,False,False,False,False,False,False,False,True,0.0,799.4705882352941,0.0,1,3.6666666666666665,0,4
-0.7581699611438873,1,2,-1.161423979236846,2.073946453154289,4,3,0,-0.6835354165043717,2,2,1,0.0409865120576836,1.216226724143672,0.9237707881769818,0,-0.0572673987209239,3,3,0,-0.2943359808661394,1.707499689688721,2,-0.1646131090542286,-0.339393739508197,-0.6791456840737199,-0.8755809692540959,False,False,True,False,False,True,False,False,False,False,False,False,False,False,False,False,True,False,False,False,True,0.0,669.6,0.4285714285714285,0,2.333333333333333,0,2
-0.8676718124782865,1,1,0.4698252884233702,-1.010909342912418,3,3,1,0.9402796204509212,3,1,3,-0.9460463370114728,0.7650903210215249,-1.0785044383346123,0,-0.3305890744344257,3,4,0,-0.5538105786911619,-1.3960855268088614,2,-0.1646131090542286,-0.6154915796172451,-0.3687152874355457,0.2458339946348354,False,True,False,False,False,False,False,False,True,False,False,False,False,False,False,True,False,False,False,False,True,0.1428571428571428,257.25,0.2857142857142857,0,3.333333333333333,0,0
0.8843578088720997,0,0,0.6185714222525692,-0.3939381836990763,3,4,0,-0.4375028351475091,2,3,4,0.5025807875279296,0.3551324120161345,1.324225833479301,0,-0.8772324258614291,3,4,0,1.5219862039090182,-0.6201892226844657,3,1.9580296129608248,0.7649976209279952,3.0460190755843706,1.086895217551534,False,False,True,False,False,False,True,False,False,False,False,False,False,False,False,False,True,False,False,False,True,0.6,369.375,0.35,1,4.0,0,2
1.869874470881692,0,1,0.8540861341488011,-0.7641208792270812,3,4,0,-0.6835354165043717,3,2,1,-0.1199011192265514,0.3791649119955386,-0.2775943477299747,0,-0.3305890744344257,3,4,1,0.6138251115214394,0.9316033855643254,3,-0.1646131090542286,-0.6154915796172451,-0.6791456840737199,0.2458339946348354,False,False,True,False,False,True,False,False,False,False,False,False,False,False,False,False,True,False,False,True,False,0.0,349.4117647058824,0.2857142857142857,2,3.0,0,2
-0.1011588531374925,0,1,1.4713825895399772,-0.5173324155417446,2,4,1,-0.1914702537906465,3,2,2,-0.1254342917310357,-0.6138973386153932,2.1251359240839385,0,0.2160542769925777,3,4,0,0.6138251115214394,0.1557070814399298,4,0.9783483566461848,1.8693889813641875,0.2521455058408027,0.8065414765793012,False,True,False,False,True,False,False,False,False,False,False,True,False,False,False,False,False,False,False,False,True,0.2142857142857142,347.88235294117646,0.7857142857142857,1,3.333333333333333,0,0
-0.42966440714069,0,1,-1.6250160963378495,-0.6407266473844129,4,3,0,-0.929567997861234,2,1,2,-0.8260190565295832,-0.1496906284869035,1.324225833479301,0,1.5826626555600865,4,4,0,-0.5538105786911619,0.1557070814399298,3,-0.6544537372115486,-0.6154915796172451,-0.3687152874355457,-0.8755809692540959,False,True,False,False,False,False,True,False,False,False,False,False,False,False,False,True,False,False,False,True,False,0.25,327.75,0.5,1,3.0,0,0
0.0083429981969065,0,2,-0.3457993454067379,0.2230329755142651,3,2,1,-0.929567997861234,3,3,4,1.2091243534851523,-0.5982972947691133,-0.6780493930322936,1,-0.3305890744344257,3,3,3,-0.1645986819536281,-1.3960855268088614,3,0.4885077284888646,1.041095461037043,-0.6791456840737199,0.8065414765793012,False,True,False,False,False,False,False,True,False,False,False,False,False,False,True,False,False,False,True,False,False,0.0,1107.7272727272727,0.7272727272727273,1,3.0,0,7
0.1178448495313057,0,1,-1.694430958791476,-0.7641208792270812,3,1,1,0.4974209740085685,3,3,3,0.873728973982567,-0.6557785374099103,-1.0785044383346123,0,-0.8772324258614291,3,3,2,0.7435624104339507,2.4833959938131165,2,1.4681889848035046,1.5932911412551394,0.8730062991171511,2.488663922412698,False,False,True,False,True,False,False,False,False,False,False,False,False,False,False,False,True,False,True,False,False,0.2941176470588235,589.3888888888889,0.5882352941176471,1,2.333333333333333,0,2
-0.6486681098094882,0,0,0.4375969594270437,-1.010909342912418,4,3,1,1.1863122018077836,1,2,3,-0.4593399709439522,-1.395867104027115,-1.0785044383346123,0,-0.8772324258614291,3,4,1,-0.6835478776036732,-0.6201892226844657,3,-0.3278933184400019,-0.063295899399149,-0.3687152874355457,-0.0345197463373974,False,True,False,False,False,False,True,False,False,False,False,False,False,True,False,False,False,False,False,True,False,0.1666666666666666,620.7142857142857,0.6666666666666666,1,3.333333333333333,0,8
2.417383727553688,0,1,-1.6374116074902831,-0.7641208792270812,3,3,1,0.2021818763803334,2,1,4,-0.9207214320871024,-0.8231627916524266,0.1228606975723441,0,0.4893759527060795,3,1,1,-0.5538105786911619,2.4833959938131165,3,-0.9810141559830952,-1.1676872598353414,-0.6791456840737199,-1.1559347102263289,False,True,False,False,True,False,False,False,False,False,False,False,False,False,False,True,False,False,False,True,False,0.0,272.125,0.0,2,2.6666666666666665,0,0
0.0083429981969065,0,2,-1.1986105126941458,-0.6407266473844129,4,1,1,-1.2248070954894692,3,1,4,-0.7896278065962443,-1.654743507314029,0.523315742874663,0,0.4893759527060795,3,3,1,0.2246132147839056,-0.6201892226844657,3,0.3252275191030913,1.041095461037043,0.8730062991171511,1.086895217551534,False,False,True,False,False,True,False,False,False,False,False,False,False,False,False,False,False,True,True,False,False,0.5,199.5,0.8,1,2.6666666666666665,0,5
-0.8676718124782865,0,2,1.51352732745825,-1.010909342912418,1,2,0,-1.1756005792180968,3,3,4,0.3010456197684446,-1.084147308972622,-0.6780493930322936,0,-0.3305890744344257,3,4,1,-0.0348613830411168,1.707499689688721,3,0.651787937874638,1.5932911412551394,0.5625759024789769,-0.8755809692540959,False,False,True,False,False,False,True,False,False,False,False,False,False,False,False,False,True,False,False,True,False,0.3333333333333333,659.8333333333334,0.8333333333333334,0,3.333333333333333,0,2
-0.2106607044718917,0,2,0.3508283813600109,-1.010909342912418,3,3,0,1.2847252343505289,3,3,3,0.4864068986686677,-0.7332165928991012,-0.6780493930322936,0,-0.3305890744344257,3,1,0,-0.1645986819536281,0.1557070814399298,4,0.4885077284888646,0.7649976209279952,-0.6791456840737199,1.086895217551534,False,False,True,False,False,True,False,False,False,False,False,False,False,False,False,False,True,False,False,False,True,0.0,799.0,0.6363636363636364,1,2.333333333333333,0,2
-0.8676718124782865,1,1,0.2318314742966517,1.0867925984129432,1,3,1,0.9894861367222936,2,1,4,-0.8756047947428461,0.0910559941137936,-0.6780493930322936,1,-0.6039107501479274,3,3,0,-0.9430224754286956,0.1557070814399298,2,-0.4911735278257753,-0.339393739508197,-0.6791456840737199,-0.8755809692540959,False,True,False,False,False,False,True,False,False,False,False,False,False,False,False,True,False,False,False,False,True,0.0,477.8,0.6,0,3.333333333333333,0,0
1.6508707682128936,0,1,1.2904081267144516,-0.8875151110697495,3,3,0,1.137105685536411,2,1,4,-0.7004586035432092,-1.5477918553589032,1.7246808787816197,0,-0.0572673987209239,3,2,0,-0.6835478776036732,0.1557070814399298,2,-0.8177339465973219,-0.6154915796172451,-0.0582848907973714,-0.5952272282818631,False,True,False,False,True,False,False,False,False,False,False,True,False,False,False,False,False,False,False,False,True,0.6666666666666666,458.8571428571428,0.6666666666666666,2,3.0,0,0
0.5558522548689022,0,1,-0.6705617376004892,-0.6407266473844129,2,3,1,-0.3882963188761366,3,5,4,2.7088269165274865,-1.3182885076023718,-0.6780493930322936,0,-1.1505541015749308,3,4,0,1.392248904996507,0.1557070814399298,3,2.447870241118145,3.5259760220184755,2.7355886789461965,3.049371404357164,False,True,False,False,False,False,False,False,True,False,False,False,True,False,False,False,False,False,False,True,False,0.4782608695652174,836.1739130434783,0.7391304347826086,1,3.6666666666666665,0,4
2.417383727553688,0,1,0.0384615003186929,-0.3939381836990763,2,2,1,-0.6835354165043717,3,1,3,-0.901568142648503,1.5942818407787422,2.1251359240839385,0,0.4893759527060795,3,4,0,-0.5538105786911619,-0.6201892226844657,2,-0.8177339465973219,-0.6154915796172451,-0.0582848907973714,-0.5952272282818631,True,False,False,False,False,False,True,False,False,False,True,False,False,False,False,False,False,False,False,True,False,0.6666666666666666,283.375,0.6666666666666666,2,3.0,0,1
1.4318670655440953,0,1,0.1277091806162123,-1.010909342912418,4,4,0,0.1037688438375884,3,5,4,2.769478999749718,1.3779893409641053,0.1228606975723441,0,-1.1505541015749308,3,3,1,2.68962189412162,0.1557070814399298,2,-0.0013328996684553,-1.1676872598353414,-0.6791456840737199,0.5261877356070683,False,False,True,False,False,False,True,False,False,False,False,False,True,False,False,False,False,False,True,False,False,0.0,591.4242424242424,0.0,2,3.6666666666666665,0,4
-0.42966440714069,1,1,0.0260659891662596,0.59321567104227,3,3,1,-0.3882963188761366,3,1,4,-0.8656025213693552,1.101264238862078,0.9237707881769818,1,-0.6039107501479274,3,3,1,-0.4240732797786506,-0.6201892226844657,1,-0.3278933184400019,-0.063295899399149,-0.6791456840737199,-0.0345197463373974,False,True,False,False,False,False,True,False,False,False,False,True,False,False,False,False,False,False,False,True,False,0.0,270.6666666666667,0.6666666666666666,1,3.333333333333333,0,0
0.6653541062033014,0,1,0.5739475821038096,0.8400041347276065,3,4,0,0.6942470390940585,3,4,4,2.0346311282887872,-0.9232279377655008,0.9237707881769818,1,1.855984331273588,4,3,1,1.392248904996507,0.1557070814399298,3,1.6314691941892778,2.421584661582284,-0.3687152874355457,1.3672489585237668,False,False,True,False,False,True,False,False,False,False,False,False,True,False,False,False,False,False,False,True,False,0.0555555555555555,698.4347826086956,0.7222222222222222,1,3.6666666666666665,0,4
-0.42966440714069,1,1,-0.8366615870430948,-0.8875151110697495,2,1,0,-1.3232201280322142,3,1,1,-0.8079298387264615,1.011318040108753,1.7246808787816197,0,1.3093409798465847,4,1,0,0.2246132147839056,0.1557070814399298,4,0.3252275191030913,0.7649976209279952,-0.3687152874355457,0.8065414765793012,False,True,False,False,True,False,False,False,False,False,False,True,False,False,False,False,False,False,False,True,False,0.1,193.3571428571429,0.7,1,1.0,1,0
1.6508707682128936,0,0,-0.0780563045141796,-0.8875151110697495,4,1,1,0.645040522822686,2,5,3,2.6739253668838163,0.943998931979311,-0.6780493930322936,1,0.7626976284195812,3,4,0,2.819359193034131,-0.6201892226844657,4,4.243952544361651,0.7649976209279952,3.977310265498893,2.2083101814404653,False,False,True,False,True,False,False,False,False,False,False,False,True,False,False,False,False,False,False,False,True,0.4411764705882353,560.8235294117648,0.2058823529411764,2,2.6666666666666665,0,4
-0.5391662584750891,0,1,1.4837781006924105,-0.6407266473844129,2,3,0,-0.4867093514188816,3,1,2,-0.5474451023615095,0.938377294557228,-0.2775943477299747,0,-1.1505541015749308,3,1,1,-0.6835478776036732,1.707499689688721,3,-0.4911735278257753,-0.339393739508197,-0.3687152874355457,-0.5952272282818631,False,False,True,False,True,False,False,False,False,False,False,False,False,False,False,False,False,True,False,True,False,0.2,561.5714285714286,0.6,1,2.0,1,5
-0.5391662584750891,1,1,-0.7127064755187623,-1.010909342912418,3,4,1,-0.1914702537906465,2,1,3,-0.5902207821077148,-0.6664596485118677,-1.0785044383346123,1,-0.3305890744344257,3,4,0,-0.9430224754286956,-0.6201892226844657,1,-0.6544537372115486,-0.6154915796172451,-0.3687152874355457,-0.5952272282818631,False,True,False,False,True,False,False,False,False,False,False,True,False,False,False,False,False,False,False,False,True,0.25,746.0,0.5,1,3.6666666666666665,0,0
0.2273467008657048,0,1,1.55815116760701,-1.010909342912418,4,3,0,1.4815512994360187,3,1,3,-0.9090166440968472,0.1551426607255379,1.7246808787816197,0,-0.3305890744344257,3,3,3,-0.5538105786911619,-1.3960855268088614,3,-0.6544537372115486,-0.6154915796172451,-0.3687152874355457,-0.5952272282818631,False,True,False,False,False,False,True,False,False,False,False,True,False,False,False,False,False,False,True,False,False,0.25,279.0,0.5,1,3.0,0,0
-0.5391662584750891,0,0,0.4301596527355837,2.073946453154289,4,3,1,1.6783773645215088,3,2,4,-0.4338022516924862,-0.3153883915027949,-1.0785044383346123,0,0.7626976284195812,3,1,0,-0.9430224754286956,-0.6201892226844657,3,-0.6544537372115486,-0.6154915796172451,-0.0582848907973714,-0.5952272282818631,False,False,True,False,False,True,False,False,False,False,False,False,False,False,False,False,True,False,False,True,False,0.5,893.0,0.5,1,2.6666666666666665,0,2
0.4463504035345031,0,1,1.5085691229972769,1.2101868302556114,2,3,1,-1.4708396768463317,3,2,1,-0.7302526093365861,0.7819552332877734,-0.2775943477299747,0,0.2160542769925777,3,1,2,0.7435624104339507,-0.6201892226844657,2,-0.9810141559830952,-1.1676872598353414,-0.6791456840737199,-1.1559347102263289,False,True,False,False,True,False,False,False,False,False,False,False,False,False,False,True,False,False,True,False,False,0.0,170.66666666666666,0.0,1,1.6666666666666667,1,0
0.3368485522001039,0,1,1.2333887754132586,1.827157989468953,2,1,1,-0.1914702537906465,3,2,4,-0.6776874705439855,1.4242273087607369,-0.6780493930322936,0,0.4893759527060795,3,1,2,-0.2943359808661394,0.1557070814399298,3,0.3252275191030913,1.041095461037043,0.5625759024789769,0.8065414765793012,False,True,False,False,False,False,False,False,True,False,False,False,False,False,False,True,False,False,True,False,False,0.4,331.9,0.8,1,2.0,1,0
0.8843578088720997,0,1,-1.3647103621367511,-1.010909342912418,3,3,1,0.2021818763803334,4,5,4,2.70244248671462,0.232861798085833,-1.0785044383346123,0,-1.1505541015749308,3,3,1,1.7814608017340408,-0.6201892226844657,3,2.774430659889691,-1.1676872598353414,-0.3687152874355457,0.8065414765793012,False,True,False,False,False,False,False,True,False,False,False,False,True,False,False,False,False,False,False,True,False,0.04,738.5384615384615,0.0,1,3.333333333333333,0,7
-0.6486681098094882,0,2,1.3003245356363982,-0.7641208792270812,4,2,1,0.349801425194451,3,3,3,1.5262177008575204,-0.111041871210084,2.5255909693862573,0,-0.8772324258614291,3,1,1,-0.2943359808661394,0.1557070814399298,3,-0.8177339465973219,-0.6154915796172451,-0.0582848907973714,-0.5952272282818631,False,True,False,False,False,False,True,False,False,False,False,False,False,False,True,False,False,False,True,False,False,0.6666666666666666,1367.5,0.6666666666666666,1,2.0,1,6
-0.42966440714069,0,1,0.073168931545506,-0.5173324155417446,4,3,0,-0.142263737519274,2,1,4,-0.7645157159989695,0.0650559210366605,-0.6780493930322936,0,-0.6039107501479274,3,3,1,-1.202497073253718,-0.6201892226844657,2,-0.8177339465973219,-0.6154915796172451,-0.6791456840737199,-0.5952272282818631,False,True,False,False,True,False,False,False,False,False,False,False,False,False,False,True,False,False,False,True,False,0.0,970.3333333333334,0.6666666666666666,1,3.333333333333333,0,0
-0.3201625558062908,0,1,-0.8242660758906616,-0.8875151110697495,4,4,1,0.8910731041795485,2,2,1,-0.1162832756659271,1.317416197741163,1.324225833479301,0,-0.6039107501479274,3,2,1,0.2246132147839056,0.1557070814399298,3,0.651787937874638,1.3171933011460917,0.8730062991171511,1.3672489585237668,False,True,False,False,True,False,False,False,False,False,False,False,False,True,False,False,False,False,False,True,False,0.4166666666666667,425.5,0.75,1,2.333333333333333,0,8
0.0083429981969065,0,1,0.5318028441855365,-1.010909342912418,2,3,0,0.841866587908176,2,1,1,-0.5497860599595605,0.6161169293363299,-0.2775943477299747,0,-0.3305890744344257,3,1,1,0.7435624104339507,-0.6201892226844657,2,-0.6544537372115486,-0.8915894197262932,-0.6791456840737199,-0.5952272282818631,False,True,False,False,False,False,True,False,False,False,False,False,False,False,False,True,False,False,False,True,False,0.0,217.77777777777777,0.25,1,1.6666666666666667,1,0
0.8843578088720997,0,2,0.982999450134107,-0.270543951856408,4,1,1,0.5466274902799411,4,2,3,-0.0147708416413502,-1.2922884345252386,0.523315742874663,0,0.4893759527060795,3,4,1,-0.2943359808661394,-1.3960855268088614,3,-0.6544537372115486,-0.6154915796172451,-0.6791456840737199,-0.5952272282818631,False,True,False,False,True,False,False,False,False,False,False,False,False,True,False,False,False,False,False,True,False,0.0,643.4,0.5,1,2.6666666666666665,0,8
0.0083429981969065,1,2,-0.7399766000541155,0.0996387436715968,3,1,1,-0.2406767700620191,3,3,3,0.7543401364819641,1.160853595536156,1.324225833479301,0,-1.1505541015749308,3,2,2,0.7435624104339507,1.707499689688721,3,-0.9810141559830952,-1.1676872598353414,-0.6791456840737199,-1.1559347102263289,False,True,False,False,False,False,True,False,False,False,False,False,False,True,False,False,False,False,True,False,False,0.0,558.2222222222222,0.0,1,2.0,1,8
0.2273467008657048,0,2,-0.7374974978236288,-0.8875151110697495,4,3,0,-0.0930572212479015,3,3,3,0.9437448875970028,-1.1093041364364429,-1.0785044383346123,0,2.675949358414093,4,4,0,1.1327743071714844,-1.3960855268088614,3,1.9580296129608248,0.4888997808189471,2.7355886789461965,1.086895217551534,False,True,False,False,False,False,False,False,True,True,False,False,False,False,False,False,False,False,False,False,True,0.55,520.8571428571429,0.3,1,3.333333333333333,0,3
-0.8676718124782865,0,1,-0.3408411409457646,0.7166099028849382,3,3,1,-0.2898832863333916,3,1,4,-0.886032696770528,1.1749076890913632,-0.6780493930322936,0,1.036019304133083,3,1,0,-0.6835478776036732,-1.3960855268088614,3,-0.1646131090542286,0.212801940709899,-0.3687152874355457,0.2458339946348354,False,True,False,False,True,False,False,False,False,False,False,False,False,False,False,True,False,False,False,False,True,0.1428571428571428,334.2857142857143,0.7142857142857143,0,2.6666666666666665,0,0
0.5558522548689022,0,1,0.2814135189063847,0.9633983665702748,2,4,0,0.7926600716368035,4,2,1,0.0088515486662557,1.2231132299857237,0.1228606975723441,1,-0.6039107501479274,3,3,0,-0.1645986819536281,-1.3960855268088614,3,-0.6544537372115486,-0.6154915796172451,-0.6791456840737199,-0.5952272282818631,False,True,False,False,True,False,False,False,False,False,False,False,False,False,False,True,False,False,False,False,True,0.0,595.0,0.5,1,2.6666666666666665,0,0
-0.8676718124782865,0,1,1.1019963571974662,1.3335810620982798,2,4,1,-1.0279810304039791,3,2,4,0.0909978789251376,-0.5032916223359135,-0.2775943477299747,0,-0.3305890744344257,3,4,1,-0.1645986819536281,-0.6201892226844657,3,-0.6544537372115486,-0.6154915796172451,-0.6791456840737199,-0.5952272282818631,False,False,True,False,False,True,False,False,False,False,False,False,False,False,False,False,True,False,True,False,False,0.0,630.0909090909091,0.5,0,4.0,0,2
-1.3056792178158831,0,1,-0.2912590963360316,-1.010909342912418,3,1,0,-0.1914702537906465,3,2,3,-0.3416536480601135,-0.9568172213624458,-1.0785044383346123,0,-0.8772324258614291,3,4,2,-0.8132851765161844,0.1557070814399298,3,-0.4911735278257753,-0.6154915796172451,-0.3687152874355457,-0.5952272282818631,False,True,False,False,True,False,False,False,False,False,False,False,False,True,False,False,False,False,False,True,False,0.2,816.3333333333334,0.4,0,2.6666666666666665,0,8
0.5558522548689022,0,1,-1.3225656242184785,-0.8875151110697495,3,4,0,-0.4867093514188816,2,1,1,-0.8321906720153541,-0.8862656717153062,-1.0785044383346123,1,-1.1505541015749308,3,3,1,-0.1645986819536281,0.9316033855643254,3,0.3252275191030913,0.4888997808189471,1.4938670923934996,1.086895217551534,False,True,False,False,False,False,True,False,False,False,False,True,False,False,False,False,False,False,True,False,False,0.7,235.72727272727272,0.6,1,2.6666666666666665,0,0
0.3368485522001039,0,1,1.5209646341497105,-0.8875151110697495,2,1,1,-0.8311549653184892,3,5,3,2.7522410392549785,-1.1754989170814678,-1.0785044383346123,0,1.036019304133083,3,4,1,1.392248904996507,1.707499689688721,3,2.284590031732371,0.7649976209279952,0.2521455058408027,1.3672489585237668,False,True,False,False,False,False,True,False,False,False,False,False,False,False,True,False,False,False,True,False,False,0.1363636363636363,845.0434782608696,0.3181818181818182,1,2.6666666666666665,0,6
1.5413689168784943,0,1,0.0756480337759927,-1.010909342912418,3,3,1,1.4815512994360187,3,1,4,-0.8045248094929327,1.2533295311294186,-0.6780493930322936,0,-1.1505541015749308,3,2,0,-1.3322343721662295,-2.171981830933257,2,-0.9810141559830952,-1.1676872598353414,-0.6791456840737199,-1.1559347102263289,False,True,False,False,True,False,False,False,False,False,False,False,False,False,False,True,False,False,False,True,False,0.0,1361.5,0.0,2,3.0,0,0
-0.6486681098094882,1,2,-1.2283597394599857,2.4441291486822943,2,3,1,0.251388392651706,2,1,2,-0.6436371782086976,-0.3739939616280084,-1.0785044383346123,0,-1.1505541015749308,3,2,0,-0.6835478776036732,-0.6201892226844657,4,-0.3278933184400019,-0.063295899399149,-0.3687152874355457,-0.0345197463373974,False,True,False,False,False,False,True,False,False,False,False,True,False,False,False,False,False,False,False,False,True,0.1666666666666666,497.0,0.6666666666666666,1,2.333333333333333,0,0
-0.5391662584750891,0,2,1.260658899948612,-0.270543951856408,3,2,1,1.6783773645215088,4,1,2,-0.7894149922691487,1.651200919677331,-0.6780493930322936,0,1.3093409798465847,4,3,0,-0.8132851765161844,0.1557070814399298,1,-0.3278933184400019,-0.8915894197262932,-0.6791456840737199,-0.3148734873096303,False,True,False,False,True,False,False,False,False,False,False,True,False,False,False,False,False,False,False,True,False,0.0,465.6666666666667,0.1666666666666666,1,2.333333333333333,0,0
0.1178448495313057,0,0,1.3003245356363982,-0.8875151110697495,2,4,1,-1.3232201280322142,2,2,4,-0.2669558192495758,0.7545497508551195,0.1228606975723441,0,0.7626976284195812,3,4,1,0.2246132147839056,-2.171981830933257,3,0.161947309717318,0.7649976209279952,1.4938670923934996,0.2458339946348354,False,False,True,False,True,False,False,False,False,False,False,False,False,False,False,False,True,False,False,True,False,0.7777777777777778,374.9285714285714,0.7777777777777778,1,4.0,0,2
-0.5391662584750891,0,1,-1.672119038717096,-0.8875151110697495,1,4,1,0.8910731041795485,2,2,1,-0.920934246414198,0.7622795023104835,0.523315742874663,0,-0.6039107501479274,3,4,0,-0.2943359808661394,1.707499689688721,3,-0.1646131090542286,-0.6154915796172451,-0.6791456840737199,-0.0345197463373974,False,True,False,False,False,False,False,False,True,False,False,True,False,False,False,False,False,False,False,False,True,0.0,217.6,0.2857142857142857,1,3.0,0,0
0.9938596602064989,0,1,-0.7796422357419018,-0.8875151110697495,3,3,0,0.448214457737196,1,4,2,2.20658510458199,0.0933046490826267,0.1228606975723441,1,-0.8772324258614291,3,2,1,2.1706726984715745,-0.6201892226844657,2,-0.0013328996684553,0.7649976209279952,1.4938670923934996,0.8065414765793012,False,False,True,False,False,False,False,False,True,False,False,False,True,False,False,False,False,False,False,True,False,0.875,581.7931034482758,0.875,2,2.333333333333333,0,4
-0.9771736638126856,1,1,-0.6779990442919491,-0.8875151110697495,4,1,1,0.645040522822686,3,1,3,-0.6423602922461243,0.0874019297894397,-0.2775943477299747,0,-1.1505541015749308,3,3,0,-0.8132851765161844,1.707499689688721,1,-1.1442943653688686,-1.1676872598353414,-0.6791456840737199,-1.1559347102263289,False,True,False,False,True,False,False,False,False,False,False,True,False,False,False,False,False,False,False,False,True,0.0,580.8333333333334,0.0,0,2.333333333333333,0,0
-0.8676718124782865,0,1,1.01026957466946,-0.8875151110697495,3,1,1,0.5958340065513135,2,2,2,0.029920167048715,-1.493402513300252,-0.2775943477299747,0,1.036019304133083,3,2,2,-0.1645986819536281,-0.6201892226844657,3,-1.1442943653688686,-1.1676872598353414,-0.6791456840737199,-1.1559347102263289,False,False,True,False,False,False,True,False,False,False,False,False,False,False,False,False,True,False,False,True,False,0.0,604.0,0.0,0,1.6666666666666667,1,2
-0.6486681098094882,0,1,1.6374824389825828,1.7037637576262843,3,2,1,-0.0930572212479015,2,2,4,-0.1960886483267579,0.0133368567534985,-1.0785044383346123,0,1.5826626555600865,4,2,1,-0.1645986819536281,-0.6201892226844657,3,0.3252275191030913,-1.1676872598353414,1.4938670923934996,1.086895217551534,False,True,False,False,False,False,True,False,False,True,False,False,False,False,False,False,False,False,False,True,False,0.7,507.45454545454544,0.0,1,2.6666666666666665,0,3
-1.3056792178158831,0,0,-0.3160501186408981,-0.5173324155417446,2,2,1,0.9402796204509212,4,2,1,-0.5327609137919166,0.5721276165085317,-0.6780493930322936,0,-0.8772324258614291,3,4,2,-0.6835478776036732,-0.6201892226844657,3,-0.1646131090542286,-0.339393739508197,-0.3687152874355457,0.2458339946348354,False,True,False,False,True,False,False,False,False,True,False,False,False,False,False,False,False,False,True,False,False,0.1428571428571428,571.4285714285714,0.4285714285714285,0,2.333333333333333,0,3
0.8843578088720997,0,1,1.444112465004624,1.3335810620982798,2,3,1,0.645040522822686,3,4,4,1.488123936307417,-0.957379385104654,-1.0785044383346123,1,-0.3305890744344257,3,2,0,1.2625116060839956,-0.6201892226844657,3,2.1213098223465976,0.7649976209279952,0.5625759024789769,1.6476026994959998,False,True,False,False,False,False,True,False,False,True,False,False,False,False,False,False,False,False,False,True,False,0.1904761904761904,613.4545454545455,0.3333333333333333,1,3.0,0,3
-0.1011588531374925,0,1,1.4887363051533835,-0.3939381836990763,3,4,1,-0.929567997861234,3,1,4,-0.7008842321974004,0.8345175431842479,-1.0785044383346123,0,-1.1505541015749308,3,3,1,0.6138251115214394,0.9316033855643254,3,1.304908775417731,2.421584661582284,2.4251582823080224,1.9279564404682328,False,True,False,False,True,False,False,False,False,False,False,True,False,False,False,False,False,False,False,True,False,0.625,188.8235294117647,0.8125,1,3.6666666666666665,0,0
1.979376322216091,0,1,-0.8688899160394212,-1.010909342912418,3,4,1,0.743453555365431,3,5,1,2.6690306373606187,0.649987294804379,-1.0785044383346123,1,-0.3305890744344257,3,3,0,3.078833790859153,-0.6201892226844657,3,4.733793172518971,1.5932911412551394,0.5625759024789769,2.488663922412698,False,True,False,False,False,False,True,False,False,False,False,False,True,False,False,False,False,False,False,False,True,0.1081081081081081,501.1842105263158,0.2702702702702703,2,2.6666666666666665,0,4
1.103361511540898,1,0,-0.338362038715278,2.4441291486822943,4,1,1,1.0878991692650386,3,3,2,1.1376187395810478,-0.5685026164320743,-0.6780493930322936,1,-0.8772324258614291,3,4,1,-0.1645986819536281,-0.6201892226844657,2,0.4885077284888646,0.7649976209279952,2.114727885669848,1.3672489585237668,False,True,False,False,True,False,False,False,False,False,False,False,True,False,False,False,False,False,False,True,False,0.8181818181818182,1077.1818181818182,0.6363636363636364,2,2.333333333333333,0,4
-0.9771736638126856,0,1,0.8813562586841542,-0.0237554881710714,3,4,1,1.3831382668932737,3,1,4,-0.9434925650863262,-1.6443434780831758,-0.6780493930322936,0,2.1293060069870897,4,4,1,-0.8132851765161844,0.1557070814399298,2,-0.3278933184400019,-0.6154915796172451,-0.6791456840737199,-0.0345197463373974,False,True,False,False,False,False,True,False,False,False,False,False,False,False,False,True,False,False,False,True,False,0.0,345.0,0.3333333333333333,0,4.0,0,0
0.0083429981969065,0,1,-1.4242088156684312,-0.3939381836990763,4,3,1,1.5799643319787635,3,2,4,-0.0002994673988528,1.196269911295278,0.523315742874663,0,-0.3305890744344257,3,2,1,-0.5538105786911619,1.707499689688721,4,-0.3278933184400019,-0.063295899399149,-0.6791456840737199,-0.8755809692540959,False,False,True,False,False,False,True,False,False,False,False,False,False,False,False,False,True,False,False,True,False,0.0,812.75,0.6666666666666666,1,3.0,0,2
-1.7436866231534796,0,1,0.4797416973453168,-0.7641208792270812,2,4,1,1.6783773645215088,2,1,3,-0.6966279456554894,-0.5315403503818797,-0.6780493930322936,0,0.4893759527060795,3,1,0,-1.072759774341207,0.9316033855643254,4,-0.6544537372115486,-0.6154915796172451,-0.3687152874355457,-1.1559347102263289,False,True,False,False,False,False,True,False,False,False,False,False,False,False,False,True,False,False,False,False,True,0.25,807.5,0.5,0,2.6666666666666665,0,0
0.0083429981969065,0,0,-0.1846577004251056,-1.010909342912418,4,1,0,0.6942470390940585,3,3,4,1.510895069306641,-0.3704804382392067,-0.2775943477299747,1,0.7626976284195812,3,1,2,0.4840878126089281,-0.6201892226844657,3,-0.3278933184400019,-0.6154915796172451,-0.6791456840737199,-0.5952272282818631,False,True,False,False,False,False,True,False,False,False,False,False,False,False,True,False,False,False,True,False,False,0.0,850.1875,0.3333333333333333,1,2.0,1,6
-0.2106607044718917,0,1,1.2705753088705585,1.5803695257836163,3,2,0,0.251388392651706,4,3,2,1.1689024456640935,0.6727549263638144,1.7246808787816197,0,0.7626976284195812,3,2,1,-0.1645986819536281,2.4833959938131165,2,-0.0013328996684553,0.7649976209279952,1.1834366957553253,-0.5952272282818631,False,True,False,False,True,False,False,False,False,False,False,False,True,False,False,False,False,False,True,False,False,0.75,1090.5454545454545,0.875,1,2.0,1,4
0.1178448495313057,0,1,-1.1911732060026858,-0.270543951856408,2,1,0,-1.0771875466753518,4,2,1,-0.1911939188035603,0.6855441514990529,-0.6780493930322936,1,2.4026276827005915,4,3,1,-0.4240732797786506,0.1557070814399298,3,0.161947309717318,-1.1676872598353414,1.4938670923934996,0.8065414765793012,False,False,True,False,False,False,True,False,False,False,False,False,False,False,False,False,True,False,True,False,False,0.7777777777777778,622.7777777777778,0.0,1,1.6666666666666667,1,2
-1.196177366481484,0,2,1.677148074670369,-1.010909342912418,3,3,0,0.8910731041795485,3,2,2,-0.0226449717438855,1.750282279241541,-0.6780493930322936,0,1.3093409798465847,4,1,1,-0.6835478776036732,2.4833959938131165,1,-0.1646131090542286,0.212801940709899,-0.3687152874355457,-0.0345197463373974,False,True,False,False,True,False,False,False,False,False,False,False,False,True,False,False,False,False,True,False,False,0.1428571428571428,913.8571428571428,0.7142857142857143,0,2.0,1,8
1.4318670655440953,0,1,-0.0135996465215267,-0.6407266473844129,1,1,1,1.4815512994360187,3,5,2,2.6900992557430783,0.211077953075262,0.1228606975723441,0,-0.3305890744344257,3,1,2,2.1706726984715745,0.9316033855643254,2,0.4885077284888646,-0.063295899399149,-0.3687152874355457,0.5261877356070683,False,True,False,False,True,False,False,False,False,False,False,False,False,False,True,False,False,False,True,False,False,0.0909090909090909,660.1379310344828,0.3636363636363636,2,1.3333333333333333,1,6
1.7603726195472926,0,1,0.663195262401329,-0.7641208792270812,4,3,1,-1.0279810304039791,3,4,3,2.3581089054740216,0.942031358881582,0.1228606975723441,1,0.2160542769925777,3,4,3,1.2625116060839956,1.707499689688721,2,-0.3278933184400019,-0.339393739508197,-0.3687152874355457,-0.3148734873096303,False,True,False,False,False,False,True,False,False,False,False,False,False,False,True,False,False,False,False,True,False,0.1666666666666666,799.2727272727273,0.5,2,3.333333333333333,0,6
0.5558522548689022,0,1,-0.4152142078603641,-1.010909342912418,1,2,1,1.629170848250136,3,2,3,-0.3397383191162536,1.4361732882826628,-0.6780493930322936,0,2.675949358414093,4,3,0,1.1327743071714844,0.1557070814399298,3,2.1213098223465976,3.249878181909428,2.7355886789461965,0.5261877356070683,False,False,True,False,True,False,False,False,False,False,False,False,False,False,False,False,True,False,False,True,False,0.5238095238095238,233.66666666666663,0.7619047619047619,1,2.6666666666666665,0,2
-0.8676718124782865,0,2,-0.8936809383442877,-0.8875151110697495,2,2,1,-1.0771875466753518,3,2,4,-0.4148617765809824,0.8357824116042165,-0.6780493930322936,0,0.7626976284195812,3,1,0,-0.1645986819536281,0.1557070814399298,2,0.4885077284888646,0.7649976209279952,-0.6791456840737199,1.3672489585237668,False,False,True,False,True,False,False,False,False,False,False,False,False,False,False,False,True,False,False,False,True,0.0,414.0,0.6363636363636364,0,2.333333333333333,0,2
1.979376322216091,0,1,-1.6250160963378495,1.3335810620982798,2,2,1,-1.4216331605749593,3,2,4,-0.2316286409517146,0.2331428799569371,0.1228606975723441,1,1.036019304133083,3,4,1,0.0948759158713943,0.9316033855643254,3,0.4885077284888646,0.7649976209279952,-0.6791456840737199,1.086895217551534,False,True,False,False,False,False,False,False,True,False,False,True,False,False,False,False,False,False,False,True,False,0.0,416.5384615384616,0.6363636363636364,2,3.333333333333333,0,8
-1.196177366481484,0,2,-0.7598094178980086,0.2230329755142651,2,1,1,-0.2898832863333916,3,2,1,-0.3750654974141147,1.1817941949334143,-0.6780493930322936,1,-0.6039107501479274,3,3,1,-0.8132851765161844,0.1557070814399298,3,-0.3278933184400019,-0.339393739508197,0.2521455058408027,-0.3148734873096303,False,True,False,False,False,False,True,False,False,True,False,False,False,False,False,False,False,False,False,True,False,0.5,790.1666666666666,0.5,0,1.6666666666666667,1,3
0.0083429981969065,0,1,1.4118841360082974,-1.010909342912418,3,4,0,-1.1756005792180968,3,1,4,-0.9339159203670264,0.2203536548216987,-0.6780493930322936,0,-0.8772324258614291,3,2,0,0.7435624104339507,0.1557070814399298,3,1.6314691941892778,2.145486821473236,0.8730062991171511,0.8065414765793012,False,True,False,False,True,False,False,False,False,False,False,False,False,False,False,True,False,False,False,False,True,0.2777777777777778,117.5,0.6666666666666666,1,3.333333333333333,0,0
0.7748559575377005,1,2,0.2913299278283313,1.827157989468953,3,4,1,-1.1263940629467242,3,1,3,-0.7113121342250822,0.7879984935165124,0.1228606975723441,1,1.855984331273588,4,4,1,1.0030370082589732,-2.171981830933257,1,-0.9810141559830952,-1.1676872598353414,-0.6791456840737199,-1.1559347102263289,False,True,False,False,True,False,False,False,False,False,False,True,False,False,False,False,False,False,True,False,False,0.0,158.05,0.0,1,3.6666666666666665,0,0
0.1178448495313057,0,1,-0.2838217896445716,1.7037637576262843,4,4,1,0.7926600716368035,3,2,4,-0.1613999130101835,0.6445061983178482,2.5255909693862573,0,-0.3305890744344257,3,2,1,-0.1645986819536281,-0.6201892226844657,3,-0.8177339465973219,-0.6154915796172451,-0.3687152874355457,-0.5952272282818631,False,True,False,False,True,False,False,False,False,True,False,False,False,False,False,False,False,False,True,False,False,0.3333333333333333,522.2727272727273,0.6666666666666666,1,3.333333333333333,0,3
-1.196177366481484,1,1,1.6027750077557696,0.8400041347276065,4,1,1,-1.0279810304039791,3,1,2,-0.8790098239763748,-0.0187064765523736,-0.2775943477299747,1,-0.6039107501479274,3,4,1,-0.8132851765161844,-0.6201892226844657,3,-0.6544537372115486,-0.6154915796172451,-0.6791456840737199,-0.5952272282818631,False,True,False,False,False,False,True,False,False,False,False,True,False,False,False,False,False,False,True,False,False,0.0,395.5,0.5,0,2.333333333333333,0,0
-0.9771736638126856,0,1,0.7797130672342015,-0.1471497200137397,2,4,0,0.0053558112948434,3,1,4,-0.6796027994878454,-1.3808292239230433,-0.6780493930322936,0,1.5826626555600865,4,4,0,-0.8132851765161844,0.1557070814399298,3,-0.3278933184400019,-0.339393739508197,-0.6791456840737199,-0.5952272282818631,False,True,False,False,True,False,False,False,False,False,False,False,False,False,False,True,False,False,False,False,True,0.0,551.6666666666666,0.5,0,4.0,0,0
1.3223652142096962,0,2,-0.4127351056298775,0.0996387436715968,4,3,0,-1.5200461931177045,3,5,1,2.5881611930643103,1.5854277618389618,2.5255909693862573,1,-1.1505541015749308,3,4,0,1.392248904996507,0.9316033855643254,3,-0.6544537372115486,-0.6154915796172451,-0.3687152874355457,-0.5952272282818631,False,True,False,False,True,False,False,False,False,False,False,False,False,False,True,False,False,False,False,False,True,0.25,811.5217391304348,0.5,2,2.6666666666666665,0,6
-0.1011588531374925,0,1,-0.7350183955931421,-0.7641208792270812,3,3,1,-1.7660787744745667,3,2,2,-0.4295459651505753,1.682541548305443,0.523315742874663,0,-0.8772324258614291,3,4,0,-0.1645986819536281,-0.6201892226844657,3,0.161947309717318,-1.1676872598353414,1.4938670923934996,0.8065414765793012,False,True,False,False,False,False,False,False,True,False,False,False,False,False,False,True,False,False,False,False,True,0.7777777777777778,407.7272727272728,0.0,1,3.0,0,0
-0.6486681098094882,0,2,-0.8887227338833145,-0.5173324155417446,3,4,0,0.8910731041795485,3,1,2,-0.7904790639046264,-1.4622024256076922,-0.6780493930322936,0,-1.1505541015749308,3,3,1,-1.202497073253718,1.707499689688721,2,-0.8177339465973219,-0.6154915796172451,-0.0582848907973714,-0.5952272282818631,False,False,True,False,False,True,False,False,False,False,False,False,False,False,False,False,False,True,True,False,False,0.6666666666666666,929.6666666666666,0.6666666666666666,1,3.0,0,5
-1.196177366481484,1,1,0.3657029947429309,-0.6407266473844129,4,4,1,-0.8803614815898617,2,2,4,-0.1437363238612529,-0.824006037265739,-0.6780493930322936,1,-0.8772324258614291,3,2,0,-0.4240732797786506,-2.171981830933257,3,0.161947309717318,0.7649976209279952,1.4938670923934996,-0.0345197463373974,False,False,True,False,False,True,False,False,False,False,False,False,False,False,False,False,True,False,False,False,True,0.7777777777777778,647.5555555555555,0.7777777777777778,0,3.333333333333333,0,2
0.0083429981969065,0,2,0.2144777586832451,-0.0237554881710714,3,2,1,-0.6343289002329991,3,1,4,-0.8890120973498656,-0.4078643270960575,-0.6780493930322936,1,-0.8772324258614291,3,3,3,-0.9430224754286956,0.1557070814399298,2,-0.4911735278257753,-0.6154915796172451,-0.3687152874355457,-0.5952272282818631,False,True,False,False,False,False,True,False,False,False,False,False,False,False,False,True,False,False,False,True,False,0.2,465.2,0.4,1,3.0,0,0
0.5558522548689022,0,2,-0.6135423862992962,2.073946453154289,3,3,0,0.5466274902799411,3,4,2,1.494295551793188,0.0774235233652427,0.9237707881769818,0,-0.3305890744344257,3,4,1,1.5219862039090182,-0.6201892226844657,4,2.1213098223465976,-0.063295899399149,0.5625759024789769,1.086895217551534,False,False,True,False,False,True,False,False,False,False,False,False,False,False,False,False,True,False,False,True,False,0.1904761904761904,563.5416666666666,0.1904761904761904,1,3.0,0,2
-2.072192177156677,1,1,-1.419250611207458,-0.7641208792270812,3,3,1,-0.5851223839616266,3,1,3,-1.0818218776984332,1.5346924841046643,-0.6780493930322936,0,-0.6039107501479274,3,3,0,-1.3322343721662295,-0.6201892226844657,3,-1.1442943653688686,-1.1676872598353414,-0.6791456840737199,-1.1559347102263289,False,True,False,False,True,False,False,False,False,False,False,True,False,False,False,False,False,False,False,False,True,0.0,1420.0,0.0,0,3.0,0,0
-0.2106607044718917,0,1,1.0648098237401664,0.8400041347276065,3,3,1,1.4815512994360187,3,3,2,0.3227526811321906,-1.294818171365176,-1.0785044383346123,0,-0.0572673987209239,3,3,2,0.0948759158713943,0.1557070814399298,2,0.651787937874638,1.3171933011460917,1.1834366957553253,1.3672489585237668,False,False,True,False,False,True,False,False,False,False,False,False,False,False,False,False,True,False,False,True,False,0.5,616.9230769230769,0.75,1,2.6666666666666665,0,2
-0.1011588531374925,0,2,-0.5862722617639431,1.0867925984129432,4,3,1,0.743453555365431,4,1,4,-0.5991589838457279,-1.010644399678889,0.523315742874663,0,0.7626976284195812,3,4,2,-0.9430224754286956,-0.6201892226844657,3,-0.9810141559830952,-1.1676872598353414,-0.6791456840737199,-1.1559347102263289,False,True,False,False,True,False,False,False,False,False,False,True,False,False,False,False,False,False,False,True,False,0.0,737.6,0.0,1,3.6666666666666665,0,0
1.5413689168784943,0,1,1.238346979874232,-0.8875151110697495,3,4,1,0.8910731041795485,1,2,2,-0.2173700810363129,0.2821916664646098,0.9237707881769818,0,0.7626976284195812,3,4,1,0.2246132147839056,0.1557070814399298,3,-0.4911735278257753,-0.8915894197262932,-0.3687152874355457,-0.5952272282818631,False,True,False,False,False,False,True,False,False,False,False,False,False,True,False,False,False,False,True,False,False,0.2,391.57142857142856,0.2,2,3.333333333333333,0,8
0.4463504035345031,0,1,-1.161423979236846,-0.8875151110697495,4,4,1,1.0878991692650386,3,4,2,2.024203226261105,0.2224617688549797,-0.6780493930322936,0,1.036019304133083,3,2,0,1.392248904996507,-0.6201892226844657,3,2.447870241118145,1.5932911412551394,-0.6791456840737199,-0.0345197463373974,False,False,True,False,True,False,False,False,False,False,False,False,True,False,False,False,False,False,False,False,True,0.0,696.304347826087,0.4347826086956521,1,2.6666666666666665,0,4
-2.072192177156677,0,1,0.023586886935773,0.0996387436715968,3,4,0,0.1529753601089609,2,1,3,-1.0898109275376,-0.6449568853724008,-0.6780493930322936,0,-0.8772324258614291,3,1,0,-1.3322343721662295,-0.6201892226844657,3,-1.1442943653688686,-1.1676872598353414,-0.6791456840737199,-1.1559347102263289,False,False,True,False,False,False,True,False,False,False,False,False,False,False,False,False,False,True,False,False,True,0.0,1200.0,0.0,0,2.6666666666666665,0,5
-0.9771736638126856,0,1,1.6697107679789092,0.8400041347276065,2,2,1,0.1037688438375884,4,2,1,-0.1792763164862096,-1.3336074695775475,-1.0785044383346123,0,1.036019304133083,3,3,0,-0.2943359808661394,-0.6201892226844657,3,0.161947309717318,-0.339393739508197,-0.6791456840737199,0.8065414765793012,False,True,False,False,False,False,True,False,False,True,False,False,False,False,False,False,False,False,False,False,True,0.0,566.1,0.3333333333333333,0,2.0,1,3
-0.6486681098094882,0,1,-1.4489998379732976,-0.270543951856408,3,2,1,1.6783773645215088,4,2,4,0.0905722502709465,-0.2912153505878387,0.523315742874663,0,-1.1505541015749308,3,2,1,-0.1645986819536281,0.1557070814399298,2,0.161947309717318,0.7649976209279952,1.4938670923934996,0.8065414765793012,False,False,True,False,False,False,False,False,True,False,False,False,False,False,False,False,True,False,False,True,False,0.7777777777777778,629.9090909090909,0.7777777777777778,1,2.6666666666666665,0,2
0.2273467008657048,0,1,0.8168996006915014,-1.010909342912418,3,3,1,-0.8803614815898617,4,3,4,0.6617659041954002,-0.4737780258699787,-1.0785044383346123,0,0.4893759527060795,3,1,3,1.0030370082589732,1.707499689688721,2,1.794749403575051,1.5932911412551394,0.2521455058408027,0.8065414765793012,False,True,False,False,False,False,True,False,False,True,False,False,False,False,False,False,False,False,True,False,False,0.1578947368421052,480.65,0.5263157894736842,1,2.6666666666666665,0,3
-0.1011588531374925,0,0,0.7499638404683617,1.827157989468953,4,2,0,-0.929567997861234,3,2,2,-0.1765097302339675,-1.0380498821115427,1.7246808787816197,0,-0.0572673987209239,3,3,1,-0.0348613830411168,0.1557070814399298,3,0.3252275191030913,1.041095461037043,-0.6791456840737199,1.086895217551534,False,True,False,False,True,False,False,False,False,False,False,True,False,False,False,False,False,False,False,True,False,0.0,472.8333333333333,0.8,1,2.333333333333333,0,0
-0.5391662584750891,0,1,0.2566224966015182,-0.270543951856408,3,4,1,1.235518718079156,2,2,3,-0.2169444523821218,0.3755108476711848,-0.6780493930322936,0,-0.3305890744344257,3,3,1,0.2246132147839056,0.1557070814399298,2,0.9783483566461848,1.041095461037043,0.5625759024789769,1.086895217551534,False,False,True,False,True,False,False,False,False,False,False,False,False,False,False,False,True,False,False,True,False,0.2857142857142857,391.7142857142857,0.5714285714285714,1,3.333333333333333,0,2
0.1178448495313057,0,1,0.1153136694637791,1.950552221311621,2,1,0,0.743453555365431,2,3,2,1.1827353769253042,1.7418498231084163,0.1228606975723441,0,0.4893759527060795,3,3,1,1.0030370082589732,-0.6201892226844657,3,0.4885077284888646,1.041095461037043,-0.6791456840737199,-0.8755809692540959,False,True,False,False,True,False,False,False,False,False,False,False,False,False,True,False,False,False,False,True,False,0.0,603.05,0.7272727272727273,1,2.0,1,6
2.3078818762192883,0,0,-1.0225942543295936,-1.010909342912418,4,4,1,-1.6676657419318217,1,2,3,-0.1794891308133051,0.3854892540953818,-0.2775943477299747,1,-0.6039107501479274,3,4,1,0.0948759158713943,-0.6201892226844657,3,-0.3278933184400019,-0.339393739508197,-0.3687152874355457,-0.5952272282818631,False,True,False,False,True,False,False,False,False,True,False,False,False,False,False,False,False,False,True,False,False,0.1666666666666666,435.38461538461536,0.5,2,3.6666666666666665,0,3
-0.6486681098094882,0,1,-0.2763844829531117,-0.5173324155417446,4,3,1,0.9894861367222936,3,1,4,-0.3580403512464708,-0.5953459351225199,-1.0785044383346123,1,-0.8772324258614291,3,3,1,-0.6835478776036732,0.9316033855643254,3,-0.3278933184400019,-0.6154915796172451,-0.6791456840737199,-0.3148734873096303,False,True,False,False,False,False,False,False,True,False,False,False,False,False,False,True,False,False,False,True,False,0.0,688.7142857142857,0.3333333333333333,1,3.333333333333333,0,0
-0.6486681098094882,0,1,-1.7266592877878024,-0.8875151110697495,3,1,1,-0.1914702537906465,2,2,1,-0.0198783854916433,0.493143610728268,0.1228606975723441,0,-0.8772324258614291,3,4,0,-0.2943359808661394,-1.3960855268088614,3,-0.8177339465973219,-0.6154915796172451,-0.3687152874355457,-1.1559347102263289,True,False,False,True,False,False,False,False,False,False,True,False,False,False,False,False,False,False,False,True,False,0.3333333333333333,641.0,0.6666666666666666,1,2.0,1,1
0.8843578088720997,0,2,1.1069545616584395,-0.270543951856408,3,1,1,1.5307578157073911,3,3,1,-0.2752555780063022,0.8425283765107159,-0.6780493930322936,0,0.7626976284195812,3,1,1,1.6517235028215294,-0.6201892226844657,3,2.774430659889691,1.3171933011460917,2.114727885669848,1.9279564404682328,False,True,False,False,True,False,False,False,False,False,False,True,False,False,False,False,False,False,True,False,False,0.36,208.4,0.36,1,1.0,1,0
-0.6486681098094882,0,1,-1.5134564959659504,-0.8875151110697495,4,3,1,-1.6676657419318217,3,1,4,-0.8104836106516081,-0.9228063149588448,-1.0785044383346123,1,0.7626976284195812,3,2,1,-1.072759774341207,-0.6201892226844657,1,-0.8177339465973219,-0.6154915796172451,-0.0582848907973714,-0.5952272282818631,False,True,False,False,True,False,False,False,False,False,False,False,False,False,False,True,False,False,True,False,False,0.6666666666666666,673.75,0.6666666666666666,1,3.0,0,0
-0.42966440714069,0,2,-0.6185005907602695,-0.5173324155417446,4,4,0,0.3990079414658235,3,3,2,1.1437903550668187,1.272021475557844,1.324225833479301,0,-1.1505541015749308,3,2,2,0.0948759158713943,-0.6201892226844657,3,0.4885077284888646,0.4888997808189471,1.8042974890316736,1.086895217551534,False,True,False,False,True,False,False,False,False,False,False,False,True,False,False,False,False,False,False,True,False,0.7272727272727273,913.6923076923076,0.5454545454545454,1,2.6666666666666665,0,4
0.2273467008657048,0,1,-1.6993891632524494,0.0996387436715968,1,3,1,1.629170848250136,3,4,1,2.2482967126927185,-1.258980232799398,-0.6780493930322936,1,-0.3305890744344257,3,4,0,1.2625116060839956,0.1557070814399298,3,2.284590031732371,1.3171933011460917,2.7355886789461965,1.6476026994959998,False,True,False,False,False,False,True,False,False,False,False,False,True,False,False,False,False,False,False,True,False,0.5,775.8181818181819,0.4090909090909091,1,2.6666666666666665,0,4
0.6653541062033014,0,2,-1.5308102115793571,0.0996387436715968,4,3,0,-1.6184592256604493,3,1,4,-0.8615590491545398,-0.5113024556623815,-1.0785044383346123,0,1.036019304133083,3,1,0,-0.2943359808661394,1.707499689688721,3,0.161947309717318,0.7649976209279952,-0.3687152874355457,0.8065414765793012,False,True,False,False,True,False,False,False,False,False,False,True,False,False,False,False,False,False,False,False,True,0.1111111111111111,245.5,0.7777777777777778,1,2.6666666666666665,0,0
1.3223652142096962,0,1,0.7152564092415487,-1.010909342912418,2,3,0,1.1863122018077836,2,4,3,1.587721041388134,0.4914571195016431,1.7246808787816197,1,-0.8772324258614291,3,4,0,1.7814608017340408,-0.6201892226844657,3,-0.0013328996684553,-0.8915894197262932,-0.6791456840737199,0.8065414765793012,False,True,False,False,False,False,False,False,True,True,False,False,False,False,False,False,False,False,False,False,True,0.0,537.0769230769231,0.125,2,3.333333333333333,0,3
1.6508707682128936,1,1,-0.1970532115775388,-0.1471497200137397,4,3,1,0.9402796204509212,2,2,2,-0.3325026319950049,0.4826030405618627,-0.2775943477299747,0,-0.0572673987209239,3,1,0,-0.0348613830411168,0.1557070814399298,2,0.161947309717318,-0.6154915796172451,1.4938670923934996,0.8065414765793012,False,True,False,False,False,False,True,False,False,False,False,False,False,False,False,True,False,False,False,True,False,0.7777777777777778,411.75,0.2222222222222222,2,2.0,1,0
-1.0866755151470848,0,1,1.0350605969743265,-0.5173324155417446,3,3,0,0.9402796204509212,3,1,2,-0.8566643196313423,0.9310691659085204,-0.6780493930322936,1,-0.8772324258614291,3,2,0,-0.9430224754286956,-0.6201892226844657,2,-0.4911735278257753,-0.339393739508197,-0.3687152874355457,-0.5952272282818631,False,True,False,False,True,False,False,False,False,False,False,False,False,False,False,True,False,False,False,False,True,0.2,495.6,0.6,0,2.333333333333333,0,0
-0.5391662584750891,0,1,-0.5317320126932368,-0.1471497200137397,2,3,0,-0.043850704976529,2,2,2,-0.2714249201185824,1.449103054353453,-0.6780493930322936,1,-1.1505541015749308,3,4,0,0.2246132147839056,-0.6201892226844657,3,0.9783483566461848,2.145486821473236,2.7355886789461965,1.3672489585237668,False,False,True,False,False,False,False,False,True,False,False,False,False,False,False,False,True,False,False,True,False,0.7857142857142857,373.4285714285714,0.8571428571428571,1,3.0,0,2
-1.0866755151470848,0,1,1.4242796471607309,-0.8875151110697495,3,4,1,0.3990079414658235,3,2,3,-0.4310356654402441,-1.2748613585167818,-0.6780493930322936,1,-1.1505541015749308,3,1,0,-0.8132851765161844,0.1557070814399298,3,-0.3278933184400019,-0.063295899399149,-0.6791456840737199,-0.0345197463373974,False,False,True,False,True,False,False,False,False,False,False,False,False,False,False,False,True,False,False,False,True,0.0,746.3333333333334,0.6666666666666666,0,2.6666666666666665,0,2
-0.6486681098094882,0,1,-0.2763844829531117,-0.270543951856408,3,4,1,0.349801425194451,3,2,4,0.2220915044159958,-1.0076930400322954,0.523315742874663,0,-0.8772324258614291,3,4,3,0.2246132147839056,0.1557070814399298,3,-0.0013328996684553,0.7649976209279952,-0.3687152874355457,0.8065414765793012,False,False,True,False,False,True,False,False,False,False,False,False,False,False,False,False,True,False,True,False,False,0.125,539.0714285714286,0.875,1,4.0,0,2
-0.5391662584750891,0,1,0.5342819464160231,-0.8875151110697495,4,1,0,0.3990079414658235,4,2,4,-0.3082417987061123,-0.5278862860575259,1.7246808787816197,0,0.2160542769925777,3,3,0,-0.1645986819536281,-2.171981830933257,2,-0.0013328996684553,0.7649976209279952,-0.6791456840737199,0.8065414765793012,False,True,False,False,False,False,True,False,False,False,False,False,False,False,False,True,False,False,False,False,True,0.0,459.54545454545456,0.875,1,2.6666666666666665,0,0
-0.9771736638126856,1,1,0.8788771564536676,-0.8875151110697495,4,1,1,0.8910731041795485,1,1,4,-0.6468293931151309,1.4649841800708372,0.9237707881769818,1,-0.6039107501479274,3,4,0,-0.8132851765161844,0.9316033855643254,2,-0.6544537372115486,-0.6154915796172451,-0.0582848907973714,-0.5952272282818631,False,True,False,False,False,False,True,False,False,False,False,False,False,False,False,True,False,False,False,True,False,0.5,577.3333333333334,0.5,0,3.0,0,0
-0.7581699611438873,0,1,1.1714112196510924,2.320734916839626,2,4,0,-0.0930572212479015,3,2,4,-0.155015483197317,-0.3343614178023245,-0.6780493930322936,0,-0.6039107501479274,3,4,2,-0.0348613830411168,-0.6201892226844657,3,0.4885077284888646,1.041095461037043,-0.3687152874355457,1.3672489585237668,False,True,False,False,False,False,True,False,False,False,False,False,False,False,False,True,False,False,False,True,False,0.0909090909090909,481.25,0.7272727272727273,0,4.0,0,0
-0.6486681098094882,0,2,-0.01112054429104,-0.270543951856408,2,3,0,-0.8803614815898617,2,3,3,0.5191803050413824,-0.0392254531429759,-0.6780493930322936,0,2.4026276827005915,4,1,1,-0.1645986819536281,-0.6201892226844657,3,0.4885077284888646,1.3171933011460917,1.8042974890316736,1.3672489585237668,False,True,False,False,True,False,False,False,False,False,False,False,False,True,False,False,False,False,False,True,False,0.7272727272727273,813.0,0.8181818181818182,1,2.333333333333333,0,8
0.2273467008657048,0,2,-0.3234874253323581,-0.270543951856408,2,3,1,-0.5851223839616266,2,5,4,2.7173394896113083,0.9595989758255908,-0.6780493930322936,0,-0.0572673987209239,3,1,1,1.2625116060839956,-0.6201892226844657,3,2.284590031732371,1.3171933011460917,3.3564494722225446,-0.3148734873096303,False,True,False,False,False,False,True,False,False,False,False,False,True,False,False,False,False,False,False,True,False,0.5909090909090909,876.0,0.4090909090909091,1,2.6666666666666665,0,4
0.2273467008657048,1,1,0.8912726676061008,-0.7641208792270812,2,4,0,-1.2248070954894692,3,2,3,-0.2692967768476269,0.4869598095639769,0.523315742874663,1,0.7626976284195812,3,1,0,0.0948759158713943,0.1557070814399298,2,-0.9810141559830952,-1.1676872598353414,-0.6791456840737199,-1.1559347102263289,False,False,True,False,False,False,True,False,False,False,False,False,False,False,False,False,True,False,False,True,False,0.0,402.9230769230769,0.0,1,2.6666666666666665,0,2
-0.42966440714069,0,2,-0.7300601911321688,0.0996387436715968,3,2,1,-0.9787745141326066,2,2,4,-0.3876215427127521,-1.4048617239024472,0.1228606975723441,0,-0.3305890744344257,3,3,0,-0.2943359808661394,2.4833959938131165,2,-0.0013328996684553,0.7649976209279952,-0.6791456840737199,-0.8755809692540959,False,False,True,False,False,True,False,False,False,False,False,False,False,False,False,False,True,False,False,False,True,0.0,468.2,0.875,1,3.0,0,2
1.103361511540898,0,1,1.6845853813618292,-0.5173324155417446,5,4,1,-1.1756005792180968,3,5,3,2.5104839636744347,0.2897808769844217,0.523315742874663,0,-1.1505541015749308,3,2,1,1.2625116060839956,-0.6201892226844657,3,-0.6544537372115486,-0.6154915796172451,-0.3687152874355457,-0.8755809692540959,False,True,False,False,True,False,False,False,False,False,False,False,False,False,True,False,False,False,False,True,False,0.25,831.8181818181819,0.5,2,3.0,0,6
0.6653541062033014,0,2,-0.6036259773773496,0.0996387436715968,4,3,0,0.7926600716368035,2,2,3,-0.2652533046328114,-1.1364285369979923,-0.6780493930322936,0,-1.1505541015749308,3,2,1,-0.2943359808661394,0.1557070814399298,4,0.3252275191030913,0.7649976209279952,-0.6791456840737199,-1.1559347102263289,False,True,False,False,True,False,False,False,False,False,False,True,False,False,False,False,False,False,True,False,False,0.0,525.7,0.7,1,2.6666666666666665,0,0
-1.0866755151470848,0,0,-1.4688326558171907,-1.010909342912418,1,3,1,0.349801425194451,3,2,2,-0.0328600594444718,1.095361519568891,-1.0785044383346123,1,-0.6039107501479274,3,4,1,-0.6835478776036732,-2.171981830933257,3,-0.3278933184400019,-0.063295899399149,-0.3687152874355457,-0.0345197463373974,False,False,True,False,False,True,False,False,False,False,False,False,False,False,False,False,True,False,False,True,False,0.1666666666666666,907.0,0.6666666666666666,0,3.0,0,2
1.869874470881692,0,2,0.3111627456722245,1.3335810620982798,4,4,0,-1.7168722582031943,3,2,3,-0.3478252635458844,0.3614567541159777,0.1228606975723441,0,-0.8772324258614291,3,4,0,1.1327743071714844,0.9316033855643254,2,-0.4911735278257753,-0.339393739508197,-0.6791456840737199,-0.3148734873096303,False,True,False,False,True,False,False,False,False,False,False,False,False,False,False,True,False,False,False,False,True,0.0,231.8571428571429,0.6,2,3.6666666666666665,0,0
0.6653541062033014,0,1,0.49213720849775,-0.270543951856408,3,3,0,-1.1263940629467242,3,3,1,0.7409328338749445,-0.7098867975974575,2.1251359240839385,0,0.2160542769925777,3,1,1,-0.1645986819536281,-1.3960855268088614,2,-0.9810141559830952,-1.1676872598353414,-0.6791456840737199,-1.1559347102263289,False,True,False,False,True,False,False,False,False,True,False,False,False,False,False,False,False,False,False,True,False,0.0,907.7272727272727,0.0,1,1.6666666666666667,1,3
0.8843578088720997,0,1,-0.6284169996822161,-0.1471497200137397,4,4,1,0.448214457737196,3,2,4,-0.5972436549018679,-0.7076381426286243,2.5255909693862573,0,-0.3305890744344257,3,1,2,0.0948759158713943,0.1557070814399298,3,0.4885077284888646,1.3171933011460917,2.114727885669848,1.086895217551534,False,True,False,False,False,False,False,True,False,False,False,False,False,False,False,True,False,False,False,True,False,0.8181818181818182,284.38461538461536,0.8181818181818182,1,3.0,0,7
0.3368485522001039,0,1,0.7970667828476081,-1.010909342912418,2,2,1,-0.4375028351475091,1,2,4,0.2029382149773964,-0.1461771050981017,-0.2775943477299747,1,1.855984331273588,4,3,3,-0.6835478776036732,-0.6201892226844657,2,-0.4911735278257753,-0.339393739508197,-0.6791456840737199,-0.5952272282818631,False,False,True,False,False,False,True,False,False,False,False,False,False,False,False,False,True,False,False,True,False,0.0,1065.2857142857142,0.6,1,3.0,0,2
-0.8676718124782865,1,1,-1.2010896149246324,-0.1471497200137397,4,2,1,0.5466274902799411,1,1,1,-0.9330646630586444,-1.342742630388432,-0.6780493930322936,1,-1.1505541015749308,3,4,0,-0.5538105786911619,0.9316033855643254,2,-0.0013328996684553,0.7649976209279952,-0.6791456840737199,0.8065414765793012,False,True,False,False,False,False,False,True,False,False,False,True,False,False,False,False,False,False,False,True,False,0.0,264.875,0.875,0,2.333333333333333,0,7
-0.8676718124782865,0,1,-0.1598666781202391,-0.0237554881710714,5,2,1,-1.7660787744745667,2,1,4,-0.5363787573525409,-0.9405144728384056,-1.0785044383346123,0,0.4893759527060795,3,3,0,-0.9430224754286956,-0.6201892226844657,3,-0.6544537372115486,-0.6154915796172451,-0.0582848907973714,-0.5952272282818631,False,True,False,False,False,False,False,True,False,False,False,True,False,False,False,False,False,False,False,False,True,0.5,796.6,0.5,0,3.0,0,7
-0.7581699611438873,0,1,-0.5763558528419964,-0.5173324155417446,3,4,0,-1.7660787744745667,2,2,3,-0.0820201690035437,-1.2482991216974406,-0.6780493930322936,0,-0.6039107501479274,3,3,3,-0.1645986819536281,-0.6201892226844657,3,0.4885077284888646,1.3171933011460917,-0.3687152874355457,-0.5952272282818631,False,False,True,False,False,True,False,False,False,False,False,False,False,False,False,False,True,False,True,False,False,0.0909090909090909,556.1818181818181,0.8181818181818182,0,3.333333333333333,0,2
-1.0866755151470848,0,1,0.811941396230528,-0.1471497200137397,4,2,0,-0.4867093514188816,3,2,2,-0.0615899936023709,-1.5316296477704152,-0.6780493930322936,0,0.7626976284195812,3,1,1,-0.4240732797786506,0.1557070814399298,3,0.161947309717318,0.7649976209279952,-0.6791456840737199,0.8065414765793012,False,False,True,False,False,True,False,False,False,False,False,False,False,False,False,False,True,False,False,True,False,0.0,690.4444444444445,0.7777777777777778,0,1.6666666666666667,1,2
0.0083429981969065,0,1,0.9656457345207003,-0.5173324155417446,2,4,1,-0.2406767700620191,3,2,4,-0.0332856880986629,1.2457403206096067,1.7246808787816197,0,0.2160542769925777,3,3,2,-0.4240732797786506,-0.6201892226844657,2,-0.1646131090542286,-0.6154915796172451,-0.6791456840737199,-0.0345197463373974,False,True,False,False,False,False,True,False,False,False,False,False,False,True,False,False,False,False,True,False,False,0.0,705.2222222222222,0.2857142857142857,1,3.6666666666666665,0,8
0.1178448495313057,0,1,-1.1391120591624662,0.7166099028849382,2,3,1,1.2847252343505289,2,3,4,1.0654746826956567,0.1923860086468366,-1.0785044383346123,1,-0.3305890744344257,3,2,1,0.0948759158713943,0.1557070814399298,3,0.651787937874638,1.5932911412551394,-0.0582848907973714,1.3672489585237668,False,True,False,False,True,False,False,False,False,False,False,False,False,False,True,False,False,False,True,False,False,0.1666666666666666,885.3846153846154,0.8333333333333334,1,3.0,0,6
-0.6486681098094882,0,1,1.0648098237401664,-0.270543951856408,4,3,0,-1.3232201280322142,3,3,4,0.136114516269394,1.6021521331696582,-0.6780493930322936,1,-0.3305890744344257,3,3,0,-0.0348613830411168,-0.6201892226844657,2,0.651787937874638,1.3171933011460917,0.5625759024789769,1.6476026994959998,False,True,False,False,False,False,True,False,False,False,False,False,False,True,False,False,False,False,False,False,True,0.3333333333333333,595.25,0.75,1,3.333333333333333,0,8
-0.8676718124782865,0,1,-1.6324534030293096,0.0996387436715968,1,4,0,-1.3232201280322142,2,2,2,0.3755306342518867,-0.3439182014198653,-0.6780493930322936,1,-0.3305890744344257,3,1,2,-0.5538105786911619,-0.6201892226844657,3,-0.0013328996684553,0.7649976209279952,-0.3687152874355457,0.8065414765793012,False,False,True,False,False,True,False,False,False,False,False,False,False,False,False,False,True,False,True,False,False,0.125,1033.5,0.875,0,2.333333333333333,0,2
-0.2106607044718917,0,1,1.223472366491312,-0.5173324155417446,4,3,1,-0.1914702537906465,3,3,2,0.3387137556643567,0.5552627042422833,-1.0785044383346123,0,-0.6039107501479274,3,4,0,0.7435624104339507,1.707499689688721,3,1.4681889848035046,0.4888997808189471,-0.6791456840737199,2.488663922412698,False,True,False,False,False,False,False,False,True,False,False,False,False,True,False,False,False,False,False,False,True,0.0,449.72222222222223,0.3529411764705882,1,3.0,0,8
-1.5246829204846812,0,1,1.2557006954876386,2.073946453154289,1,3,1,0.841866587908176,3,1,4,-0.7660054162886383,0.2500077922231856,-0.6780493930322936,0,-0.8772324258614291,3,3,2,-0.9430224754286956,-0.6201892226844657,2,-0.4911735278257753,-0.6154915796172451,-0.6791456840737199,-0.5952272282818631,False,True,False,False,True,False,False,False,False,False,False,False,False,False,False,True,False,False,True,False,False,0.0,580.8,0.4,0,3.333333333333333,0,0
0.4463504035345031,0,1,-0.7920377468943351,-0.3939381836990763,3,4,1,1.432344783164646,2,2,2,-0.1003222011337609,-0.5907080842493015,1.324225833479301,1,-0.0572673987209239,3,4,0,-0.4240732797786506,0.1557070814399298,3,-0.3278933184400019,-0.063295899399149,-0.3687152874355457,-0.5952272282818631,False,True,False,False,False,False,True,False,False,False,False,False,False,True,False,False,False,False,False,False,True,0.1666666666666666,670.2222222222222,0.6666666666666666,1,3.333333333333333,0,8
1.103361511540898,0,2,1.2557006954876386,-0.6407266473844129,1,2,1,1.629170848250136,3,2,3,-0.7506827847377588,1.6074926887206369,0.1228606975723441,0,1.036019304133083,3,1,0,-0.8132851765161844,0.1557070814399298,3,-1.1442943653688686,-1.1676872598353414,-0.6791456840737199,-1.1559347102263289,False,False,True,False,False,False,True,False,False,False,False,False,False,False,False,False,False,True,False,False,True,0.0,496.0,0.0,2,2.0,1,5
0.5558522548689022,0,1,0.0186286824747997,1.7037637576262843,5,1,0,-1.0771875466753518,3,4,4,2.019308496737908,0.2231644735327401,-0.2775943477299747,0,-0.3305890744344257,3,2,0,0.6138251115214394,-0.6201892226844657,3,-0.9810141559830952,-1.1676872598353414,-0.6791456840737199,-1.1559347102263289,False,True,False,False,True,False,False,False,False,False,False,False,False,False,True,False,False,False,False,False,True,0.0,940.7058823529412,0.0,1,2.333333333333333,0,6
-0.8676718124782865,0,0,-0.1400338602763459,-0.8875151110697495,3,4,1,-0.2406767700620191,3,2,3,-0.3946444155069052,0.3675000143447168,-0.6780493930322936,0,-0.3305890744344257,3,1,1,-0.9430224754286956,0.1557070814399298,2,-0.4911735278257753,-0.339393739508197,-0.6791456840737199,-0.5952272282818631,False,False,True,False,True,False,False,False,False,False,False,False,False,False,False,False,True,False,False,True,False,0.0,929.8,0.6,0,2.6666666666666665,0,2
0.5558522548689022,0,1,-0.6408125108346494,-0.8875151110697495,1,3,1,-0.6835354165043717,3,1,3,-0.8102707963245125,1.3637947064733462,-1.0785044383346123,1,-1.1505541015749308,3,3,1,-0.9430224754286956,1.707499689688721,3,-0.6544537372115486,-0.6154915796172451,-0.3687152874355457,-1.1559347102263289,True,False,False,False,False,False,False,False,True,False,True,False,False,False,False,False,False,False,True,False,False,0.25,539.2,0.5,1,3.0,0,1
-0.5391662584750891,0,1,0.6433624445574357,-0.8875151110697495,3,3,0,0.448214457737196,3,1,2,-0.8796482669576615,-1.4555970016367448,-0.6780493930322936,0,-0.6039107501479274,3,3,1,-0.4240732797786506,0.9316033855643254,3,0.161947309717318,-1.1676872598353414,-0.6791456840737199,0.8065414765793012,False,True,False,False,False,False,True,False,False,False,False,True,False,False,False,False,False,False,False,True,False,0.0,263.3333333333333,0.0,1,2.6666666666666665,0,0
1.2128633628752972,0,1,-0.6755199420614625,2.4441291486822943,1,1,0,1.235518718079156,3,3,3,1.2770121238286325,1.3583136099868154,0.1228606975723441,0,1.5826626555600865,4,2,1,0.4840878126089281,0.1557070814399298,1,-1.1442943653688686,-1.1676872598353414,-0.6791456840737199,-1.1559347102263289,False,False,True,False,False,False,True,False,False,False,False,False,True,False,False,False,False,False,False,True,False,0.0,781.5,0.0,2,2.0,1,4
0.0083429981969065,0,1,1.280491717792505,-0.3939381836990763,3,3,1,-0.7327419327757442,4,2,1,-0.1126654321053027,0.3777595026400179,0.523315742874663,1,-0.6039107501479274,3,1,2,0.2246132147839056,-0.6201892226844657,3,-0.0013328996684553,0.7649976209279952,1.1834366957553253,0.8065414765793012,False,True,False,False,False,False,True,False,False,False,False,False,False,False,False,True,False,False,True,False,False,0.75,426.7142857142857,0.875,1,1.6666666666666667,1,0
-0.7581699611438873,0,0,-0.4003395944774442,1.950552221311621,2,4,0,0.9402796204509212,3,2,3,-0.3761295690495925,-1.1586340048152193,1.7246808787816197,1,-0.8772324258614291,3,2,1,-0.9430224754286956,-0.6201892226844657,4,-0.8177339465973219,-0.6154915796172451,-0.0582848907973714,-0.5952272282818631,False,False,True,False,False,False,False,False,True,False,False,False,False,False,False,False,True,False,False,True,False,0.6666666666666666,947.2,0.6666666666666666,0,3.0,0,2
-1.196177366481484,0,1,0.3235582568246578,-1.010909342912418,3,3,1,-0.4375028351475091,3,2,3,-0.256953545876085,0.8211661543068011,-0.6780493930322936,0,0.4893759527060795,3,2,1,-0.4240732797786506,0.1557070814399298,3,0.161947309717318,0.7649976209279952,1.4938670923934996,0.8065414765793012,False,False,True,False,True,False,False,False,False,False,False,False,False,False,False,False,True,False,False,True,False,0.7777777777777778,588.4444444444445,0.7777777777777778,0,2.6666666666666665,0,2
0.5558522548689022,0,1,1.3127200467888316,-0.8875151110697495,4,1,1,1.5799643319787635,2,2,4,0.0590757298608053,0.3885811546775274,0.1228606975723441,0,2.1293060069870897,4,2,0,0.3543505136964169,2.4833959938131165,3,-0.9810141559830952,-1.1676872598353414,-0.6791456840737199,-1.1559347102263289,False,True,False,False,False,False,False,True,False,True,False,False,False,False,False,False,False,False,False,False,True,0.0,452.06666666666666,0.0,1,2.333333333333333,0,7
-1.7436866231534796,1,2,-0.1152428379714794,-1.010909342912418,1,1,0,1.629170848250136,2,1,2,-0.9213598750683892,-0.7256273823792895,-0.6780493930322936,1,-1.1505541015749308,3,3,0,-1.072759774341207,0.1557070814399298,3,-0.6544537372115486,-0.6154915796172451,-0.3687152874355457,-0.5952272282818631,False,False,True,False,False,False,False,False,True,False,False,False,False,False,False,False,False,True,False,False,True,0.25,543.5,0.5,0,2.0,1,5
-0.1011588531374925,0,0,0.1053972605418325,-1.010909342912418,5,4,0,-1.0279810304039791,3,2,4,0.031835495992575,0.1353263888126959,0.523315742874663,0,-0.0572673987209239,3,2,0,-0.5538105786911619,2.4833959938131165,3,-0.9810141559830952,-1.1676872598353414,-0.6791456840737199,-1.1559347102263289,False,False,True,False,False,False,True,False,False,False,False,False,False,False,False,False,True,False,False,False,True,0.0,831.625,0.0,1,3.333333333333333,0,2
-0.1011588531374925,0,2,-0.6482498175261093,-0.7641208792270812,4,1,1,-0.8803614815898617,2,3,4,0.6800679363256175,-0.993217323670432,0.523315742874663,0,-1.1505541015749308,3,1,1,0.6138251115214394,-0.6201892226844657,3,0.9783483566461848,1.3171933011460917,-0.3687152874355457,2.2083101814404653,False,False,True,False,False,False,True,False,False,False,False,False,False,False,False,False,True,False,False,True,False,0.0714285714285714,570.5294117647059,0.6428571428571429,1,2.0,1,2
2.198380024884889,0,1,-0.5193365015408035,-1.010909342912418,4,4,1,1.0878991692650386,3,2,3,0.053542557356321,-1.5945919868977427,-0.2775943477299747,0,-1.1505541015749308,3,3,0,0.4840878126089281,-0.6201892226844657,3,-0.6544537372115486,-0.6154915796172451,-0.3687152874355457,-0.5952272282818631,False,True,False,False,False,False,True,False,False,True,False,False,False,False,False,False,False,False,False,True,False,0.25,422.1875,0.5,2,3.333333333333333,0,3
0.3368485522001039,0,1,0.9135845876804808,0.0996387436715968,4,4,0,-0.9787745141326066,4,1,3,-0.9130601163116628,1.1498914025630946,0.1228606975723441,1,-0.6039107501479274,3,3,1,-0.1645986819536281,0.1557070814399298,3,-0.0013328996684553,0.7649976209279952,-0.3687152874355457,0.8065414765793012,False,True,False,False,True,False,False,False,False,False,False,True,False,False,False,False,False,False,False,True,False,0.125,201.1818181818182,0.875,1,3.333333333333333,0,0
-1.7436866231534796,0,0,0.229352372066165,-0.0237554881710714,2,1,1,-1.3232201280322142,3,1,4,-0.8285728284547298,-1.610894735421783,-0.6780493930322936,0,2.4026276827005915,4,3,0,-1.072759774341207,0.1557070814399298,2,-0.6544537372115486,-0.6154915796172451,-0.0582848907973714,-0.5952272282818631,False,False,True,False,False,False,True,False,False,False,False,False,False,False,False,False,False,True,False,False,True,0.5,652.5,0.5,0,2.6666666666666665,0,5
-0.42966440714069,1,1,-1.1217583435490597,-0.5173324155417446,3,4,0,-1.569252709389077,3,1,3,-0.7772845756247024,-0.7256273823792895,-0.6780493930322936,1,-0.6039107501479274,3,2,0,-1.3322343721662295,-0.6201892226844657,3,-0.9810141559830952,-1.1676872598353414,-0.6791456840737199,-1.1559347102263289,False,False,True,False,False,True,False,False,False,False,False,False,False,False,False,False,False,True,False,False,True,0.0,1425.5,0.0,1,3.0,0,5
0.0083429981969065,0,1,0.293809030058818,0.0996387436715968,3,3,0,1.5799643319787635,3,1,1,-0.6493831650402775,0.4707976019754887,1.324225833479301,0,1.3093409798465847,4,2,1,0.7435624104339507,0.1557070814399298,3,-0.3278933184400019,-0.063295899399149,-0.6791456840737199,-0.3148734873096303,False,True,False,False,False,False,True,False,False,False,False,True,False,False,False,False,False,False,False,True,False,0.0,191.77777777777777,0.6666666666666666,1,2.0,1,0
0.9938596602064989,0,0,0.8466488274573412,-0.270543951856408,4,3,0,-1.7660787744745667,3,2,3,-0.2650404903057158,0.2432618273166862,-0.2775943477299747,0,-0.3305890744344257,3,3,0,-0.5538105786911619,-0.6201892226844657,4,-0.9810141559830952,-1.1676872598353414,-0.6791456840737199,-1.1559347102263289,False,True,False,False,False,False,True,False,False,False,False,False,False,True,False,False,False,False,False,True,False,0.0,657.25,0.0,2,3.0,0,8
0.4463504035345031,1,2,-1.6349325052597965,-0.6407266473844129,3,1,1,-0.4867093514188816,3,2,2,0.6068598078047486,-0.6682866806740446,-0.6780493930322936,0,0.7626976284195812,3,3,0,-0.4240732797786506,1.707499689688721,3,0.161947309717318,0.7649976209279952,1.4938670923934996,0.8065414765793012,False,False,True,False,False,True,False,False,False,False,False,False,False,False,False,False,True,False,False,False,True,0.7777777777777778,1039.4444444444443,0.7777777777777778,1,2.0,1,2
1.4318670655440953,0,1,0.6036968088696494,0.0996387436715968,3,4,1,1.6783773645215088,2,3,4,0.84968095502077,-1.6243866652347818,1.324225833479301,0,-0.0572673987209239,3,4,0,1.1327743071714844,-0.6201892226844657,3,-0.4911735278257753,-0.339393739508197,-0.3687152874355457,-0.3148734873096303,False,True,False,False,False,False,False,False,True,True,False,False,False,False,False,False,False,False,False,False,True,0.2,499.8095238095238,0.6,2,4.0,0,3
0.3368485522001039,1,1,-0.5639603416895632,1.5803695257836163,2,3,1,0.1037688438375884,2,2,3,-0.0262628153045098,-1.1528718264575846,-0.2775943477299747,1,-0.8772324258614291,3,1,2,-0.4240732797786506,2.4833959938131165,3,-0.1646131090542286,-0.063295899399149,-0.3687152874355457,-1.1559347102263289,False,False,True,False,False,True,False,False,False,False,False,False,False,False,False,False,True,False,False,True,False,0.1428571428571428,708.8888888888889,0.5714285714285714,1,2.333333333333333,0,2
-0.6486681098094882,0,1,-0.977970414180834,-0.0237554881710714,4,3,1,-1.1756005792180968,2,1,2,-0.818570555081239,-0.9503523383270506,-1.0785044383346123,1,0.2160542769925777,3,4,0,-1.072759774341207,1.707499689688721,3,-0.8177339465973219,-0.6154915796172451,-0.0582848907973714,-0.5952272282818631,False,True,False,False,True,False,False,False,False,False,False,False,False,False,False,True,False,False,False,False,True,0.6666666666666666,664.25,0.6666666666666666,1,3.0,0,0
-1.7436866231534796,1,1,-1.60270417626347,0.3464272073569334,3,3,0,1.1863122018077836,4,1,2,-0.8060145097826016,1.5612547209240055,-0.6780493930322936,0,-0.0572673987209239,3,4,0,-1.3322343721662295,-2.171981830933257,3,-0.9810141559830952,-1.1676872598353414,-0.6791456840737199,-1.1559347102263289,False,False,True,False,True,False,False,False,False,False,False,False,False,False,False,False,False,True,False,False,True,0.0,1358.0,0.0,0,3.0,0,5
-0.8676718124782865,0,1,1.1912440374949855,1.7037637576262843,3,4,1,-0.5851223839616266,3,1,4,-0.9156138882368092,0.5417707744292845,2.5255909693862573,0,0.2160542769925777,3,4,0,-0.6835478776036732,0.9316033855643254,3,-0.6544537372115486,-0.6154915796172451,-0.3687152874355457,-0.5952272282818631,False,True,False,False,True,False,False,False,False,False,False,False,False,False,False,True,False,False,False,False,True,0.25,314.42857142857144,0.5,0,4.0,0,0
-0.2106607044718917,0,1,-0.117721940201966,-0.0237554881710714,4,3,1,1.5307578157073911,2,2,2,0.0077874770307779,0.7140739614161232,2.5255909693862573,0,1.036019304133083,3,3,0,-0.1645986819536281,1.707499689688721,3,-0.9810141559830952,-0.8915894197262932,-0.6791456840737199,-1.1559347102263289,False,True,False,False,True,False,False,False,False,True,False,False,False,False,False,False,False,False,False,False,True,0.0,594.5454545454545,0.5,1,2.6666666666666665,0,3
-1.0866755151470848,0,1,1.652357052365503,-1.010909342912418,2,4,1,0.7926600716368035,3,1,2,-0.5719187499774976,0.5014355259258402,-0.6780493930322936,0,-1.1505541015749308,3,2,1,-0.8132851765161844,-0.6201892226844657,3,-0.3278933184400019,-0.6154915796172451,-0.6791456840737199,-0.0345197463373974,False,True,False,False,False,False,True,False,False,False,False,True,False,False,False,False,False,False,True,False,False,0.0,636.0,0.3333333333333333,0,2.6666666666666665,0,0
-0.9771736638126856,0,1,-1.2357970461514456,-0.0237554881710714,4,2,1,1.2847252343505289,3,2,4,-0.2661045619411936,0.9046474700247312,-0.6780493930322936,0,0.2160542769925777,3,4,0,-0.5538105786911619,-1.3960855268088614,3,-0.0013328996684553,0.212801940709899,-0.6791456840737199,0.8065414765793012,False,False,True,False,True,False,False,False,False,False,False,False,False,False,False,False,True,False,False,False,True,0.0,656.625,0.625,0,3.333333333333333,0,2
1.3223652142096962,0,1,1.1367037884242792,-0.270543951856408,3,2,1,-1.7168722582031943,2,3,3,0.9494908744285824,-0.3158100143094511,2.1251359240839385,0,2.4026276827005915,4,3,0,1.911198100646552,-0.6201892226844657,3,-0.3278933184400019,-0.6154915796172451,-0.6791456840737199,-1.1559347102263289,False,True,False,False,False,False,False,True,False,True,False,False,False,False,False,False,False,False,False,False,True,0.0,406.1111111111111,0.3333333333333333,2,2.6666666666666665,0,7
1.5413689168784943,0,1,0.9309383032938872,0.59321567104227,2,3,0,1.038692652993666,3,2,4,-0.3335667036304827,0.0771424414941386,0.523315742874663,0,-1.1505541015749308,3,3,1,0.873299709346462,-0.6201892226844657,2,-0.0013328996684553,0.7649976209279952,-0.6791456840737199,0.8065414765793012,False,False,True,False,True,False,False,False,False,False,False,False,False,False,False,False,True,False,False,True,False,0.0,259.7894736842105,0.875,2,3.333333333333333,0,2
-0.1011588531374925,0,1,-1.1738194903892794,-0.8875151110697495,3,4,0,1.4815512994360187,3,1,3,-0.8428313883701315,-0.3436371195487612,0.523315742874663,0,-0.6039107501479274,3,2,1,-0.6835478776036732,0.1557070814399298,3,-0.8177339465973219,-0.6154915796172451,-0.0582848907973714,-0.5952272282818631,False,True,False,False,True,False,False,False,False,False,False,False,False,False,False,True,False,False,False,True,False,0.6666666666666666,363.2857142857143,0.6666666666666666,1,3.0,0,0
-0.3201625558062908,1,0,1.387093113703431,1.2101868302556114,3,1,1,0.0545623275662159,4,2,4,-0.2552510312593206,-1.3577805104925036,2.1251359240839385,1,-0.6039107501479274,3,2,0,-0.2943359808661394,0.1557070814399298,2,-0.3278933184400019,-0.6154915796172451,-0.6791456840737199,-0.0345197463373974,False,False,True,False,False,True,False,False,False,False,False,False,False,False,False,False,True,False,False,False,True,0.0,530.4,0.3333333333333333,1,2.333333333333333,0,2
1.979376322216091,0,1,1.260658899948612,-0.8875151110697495,3,3,0,1.5307578157073911,3,4,4,2.1612556529106386,1.2571241363893246,-0.2775943477299747,1,-0.6039107501479274,3,3,0,2.430147296296597,-0.6201892226844657,3,-0.3278933184400019,-0.063295899399149,-0.3687152874355457,-0.5952272282818631,False,True,False,False,True,False,False,False,False,False,False,False,True,False,False,False,False,False,False,False,True,0.1666666666666666,537.3870967741935,0.6666666666666666,2,3.333333333333333,0,4
-1.4151810691502822,0,1,1.4094050337778108,0.0996387436715968,4,4,0,0.5466274902799411,3,2,3,-0.4774291887470738,-1.1802773088902383,-0.6780493930322936,1,-0.8772324258614291,3,4,1,-0.8132851765161844,-0.6201892226844657,4,-0.3278933184400019,-0.6154915796172451,-0.6791456840737199,-0.3148734873096303,False,False,True,False,False,True,False,False,False,False,False,False,False,False,False,False,True,False,True,False,False,0.0,710.0,0.3333333333333333,0,3.6666666666666665,0,2
-0.7581699611438873,0,1,-1.488665473661084,-0.8875151110697495,1,3,1,0.3005949089230785,3,1,2,-0.8570899482855333,0.4386137277340645,-0.6780493930322936,0,0.7626976284195812,3,1,1,-1.3322343721662295,0.1557070814399298,3,-0.9810141559830952,-1.1676872598353414,-0.6791456840737199,-1.1559347102263289,False,False,True,False,False,False,False,False,True,False,False,False,False,False,False,False,False,True,False,True,False,0.0,1238.0,0.0,0,2.0,1,5
-1.196177366481484,1,2,-0.5639603416895632,-0.7641208792270812,1,3,1,0.349801425194451,3,1,1,-0.7238681795237196,-1.086536504877007,-1.0785044383346123,0,1.855984331273588,4,3,0,-0.5538105786911619,-0.6201892226844657,3,-0.1646131090542286,-0.063295899399149,-0.6791456840737199,-0.0345197463373974,False,True,False,False,False,False,False,False,True,False,False,False,False,False,False,True,False,False,False,False,True,0.0,387.75,0.5714285714285714,0,2.333333333333333,0,0
-1.6341847718190805,0,1,-1.3622312599062647,0.2230329755142651,3,1,0,-1.1263940629467242,3,1,2,-0.9064628721717009,1.4232435222118722,-0.6780493930322936,0,-0.6039107501479274,3,4,1,-1.202497073253718,-1.3960855268088614,3,-0.8177339465973219,-0.8915894197262932,-0.3687152874355457,-0.5952272282818631,False,True,False,False,False,False,True,False,False,False,False,False,False,False,False,True,False,False,False,True,False,0.3333333333333333,748.0,0.3333333333333333,0,2.333333333333333,0,0
-0.1011588531374925,0,1,-1.5828713584195768,-0.8875151110697495,2,2,1,-0.2406767700620191,2,3,3,0.2325194064436777,-1.4762565191628991,-0.6780493930322936,0,-0.6039107501479274,3,2,2,-0.1645986819536281,-0.6201892226844657,3,0.4885077284888646,1.3171933011460917,2.114727885669848,-1.1559347102263289,False,False,True,False,False,False,True,False,False,False,False,False,False,False,False,False,True,False,False,True,False,0.8181818181818182,690.5454545454545,0.8181818181818182,1,2.333333333333333,0,2
-0.7581699611438873,1,2,-0.8391406892735814,-0.6407266473844129,3,3,1,-1.2740136117608418,3,1,4,-0.8977374847607832,-1.5299431565437902,2.5255909693862573,1,2.1293060069870897,4,3,0,-1.072759774341207,0.9316033855643254,3,-0.9810141559830952,-1.1676872598353414,-0.6791456840737199,-1.1559347102263289,False,True,False,False,False,False,False,False,True,False,False,False,False,False,False,True,False,False,False,False,True,0.0,571.25,0.0,0,3.333333333333333,0,0
0.0083429981969065,0,1,0.754922044929335,0.59321567104227,3,4,0,1.432344783164646,3,1,1,-0.738339553766217,1.7709417967676953,-0.6780493930322936,0,-0.8772324258614291,3,3,1,0.873299709346462,-0.6201892226844657,2,1.794749403575051,0.7649976209279952,3.0460190755843706,3.6100788863016295,False,True,False,False,True,False,False,False,False,False,False,True,False,False,False,False,False,False,True,False,False,0.631578947368421,159.68421052631578,0.3684210526315789,1,2.6666666666666665,0,0
0.3368485522001039,0,1,-0.1078055312800194,-0.8875151110697495,2,4,0,-0.9787745141326066,3,2,2,-0.1677843428230499,1.1580427768251147,1.7246808787816197,0,-0.8772324258614291,3,3,2,-0.4240732797786506,1.707499689688721,3,-0.3278933184400019,-0.063295899399149,-0.3687152874355457,-0.3148734873096303,False,False,True,False,False,True,False,False,False,False,False,False,False,False,False,False,True,False,True,False,False,0.1666666666666666,635.0,0.6666666666666666,1,3.0,0,2
0.5558522548689022,0,1,-1.491144575891571,-1.010909342912418,4,2,0,1.432344783164646,3,1,1,-0.8358085155759785,0.8681068267811928,0.1228606975723441,0,0.2160542769925777,3,2,1,-0.4240732797786506,1.707499689688721,3,-0.3278933184400019,-0.6154915796172451,-0.3687152874355457,-0.5952272282818631,False,True,False,False,True,False,False,False,False,False,False,True,False,False,False,False,False,False,True,False,False,0.1666666666666666,286.22222222222223,0.3333333333333333,1,1.6666666666666667,1,0
0.0083429981969065,0,1,1.2457842865656918,0.0996387436715968,4,3,1,-0.8311549653184892,3,2,2,-0.4908364913540934,0.9570692389856535,-0.2775943477299747,1,-0.8772324258614291,3,4,0,0.873299709346462,-0.6201892226844657,2,-0.9810141559830952,-1.1676872598353414,-0.6791456840737199,-0.8755809692540959,False,True,False,False,True,False,False,False,False,False,False,False,False,True,False,False,False,False,False,False,True,0.0,220.8947368421053,0.0,1,3.0,0,8
0.6653541062033014,0,1,0.4450342661185036,0.3464272073569334,3,1,1,-0.3390898026047641,2,4,2,1.6668879710676785,-1.4009265777069893,-0.6780493930322936,0,-1.1505541015749308,3,3,1,1.7814608017340408,0.1557070814399298,3,2.9377108692754645,1.5932911412551394,0.2521455058408027,1.3672489585237668,False,True,False,False,True,False,False,False,False,False,False,False,False,False,True,False,False,False,True,False,False,0.1153846153846153,551.3846153846154,0.3846153846153846,1,2.0,1,6
0.3368485522001039,0,1,-0.6135423862992962,-0.8875151110697495,3,2,0,0.5958340065513135,2,2,3,-0.6502344223486597,-0.1232689326031142,1.324225833479301,0,1.855984331273588,4,2,1,1.1327743071714844,0.1557070814399298,3,-0.9810141559830952,-1.1676872598353414,-0.6791456840737199,-1.1559347102263289,False,True,False,False,False,False,True,False,False,False,False,True,False,False,False,False,False,False,False,True,False,0.0,164.1904761904762,0.0,1,2.333333333333333,0,0
1.869874470881692,0,1,0.0458988070101529,-0.5173324155417446,2,1,1,0.9894861367222936,3,5,1,2.745856609442112,-0.8157141220681667,0.523315742874663,0,-1.1505541015749308,3,3,1,1.6517235028215294,0.9316033855643254,2,-0.4911735278257753,-0.6154915796172451,-0.3687152874355457,-0.5952272282818631,False,True,False,False,False,False,True,False,False,False,False,False,False,False,True,False,False,False,False,True,False,0.2,776.24,0.4,2,1.6666666666666667,1,6
-0.3201625558062908,0,0,1.4341960560826774,-0.6407266473844129,4,3,0,0.3005949089230785,3,2,3,0.0073618483765868,-0.2210854237473555,2.5255909693862573,0,-0.0572673987209239,3,1,1,-0.6835478776036732,0.1557070814399298,3,-0.6544537372115486,-0.6154915796172451,-0.3687152874355457,-0.5952272282818631,False,False,True,False,False,True,False,False,False,False,False,False,False,False,False,False,True,False,False,True,False,0.25,934.0,0.5,1,2.333333333333333,0,2
-0.6486681098094882,0,1,-0.7994750535857951,-0.270543951856408,2,2,0,-1.7168722582031943,3,2,1,-0.4676397297006786,-1.4274888145263307,-0.6780493930322936,0,-0.8772324258614291,3,2,1,0.2246132147839056,1.707499689688721,1,0.9783483566461848,1.5932911412551394,0.2521455058408027,2.2083101814404653,False,True,False,False,False,False,True,False,False,False,False,False,False,True,False,False,False,False,False,True,False,0.2142857142857142,307.57142857142856,0.7142857142857143,1,1.6666666666666667,1,8
0.6653541062033014,0,2,-1.2134851260770658,1.456975293940948,3,4,1,-0.2406767700620191,3,1,4,-0.903483471592363,0.1299858332617172,1.7246808787816197,0,1.3093409798465847,4,1,1,-0.4240732797786506,-1.3960855268088614,3,-0.6544537372115486,-0.6154915796172451,-0.3687152874355457,-0.5952272282818631,False,True,False,False,False,False,True,False,False,False,False,True,False,False,False,False,False,False,False,True,False,0.25,250.88888888888889,0.5,1,3.0,0,0
0.6653541062033014,0,1,1.6622734612874492,-0.1471497200137397,4,3,0,0.3990079414658235,3,2,3,-0.4216718350480399,-1.698592279206275,0.523315742874663,1,-0.3305890744344257,3,4,0,-0.4240732797786506,0.1557070814399298,3,-0.3278933184400019,-0.6154915796172451,-0.6791456840737199,-0.5952272282818631,False,True,False,False,False,False,False,True,False,True,False,False,False,False,False,False,False,False,True,False,False,0.0,502.44444444444446,0.3333333333333333,1,3.333333333333333,0,7
-1.3056792178158831,0,1,0.2194359631442184,-0.6407266473844129,2,2,0,1.629170848250136,2,2,4,-0.4291203364963842,-0.3124370318562015,-0.6780493930322936,1,-1.1505541015749308,3,2,0,-0.8132851765161844,0.1557070814399298,3,-0.3278933184400019,-0.063295899399149,-0.3687152874355457,-0.3148734873096303,False,False,True,False,True,False,False,False,False,False,False,False,False,False,False,False,True,False,False,False,True,0.1666666666666666,747.8333333333334,0.6666666666666666,0,2.6666666666666665,0,2
0.0083429981969065,0,0,0.6458415467879224,1.950552221311621,5,2,0,0.3005949089230785,3,2,3,-0.4372072809260151,1.3425730252049837,0.1228606975723441,1,-0.0572673987209239,3,1,2,0.4840878126089281,-0.6201892226844657,3,0.9783483566461848,1.8693889813641875,2.4251582823080224,0.8065414765793012,False,True,False,False,False,False,True,False,False,False,False,False,False,False,False,True,False,False,False,True,False,0.7142857142857143,278.0625,0.7857142857142857,1,2.0,1,0
-0.6486681098094882,0,1,-1.1738194903892794,-1.010909342912418,2,4,1,1.5799643319787635,2,1,1,-0.911996044676185,0.2642024267139448,-0.6780493930322936,0,-0.8772324258614291,3,3,1,-0.9430224754286956,0.1557070814399298,3,-0.4911735278257753,-0.6154915796172451,0.2521455058408027,-0.5952272282818631,False,True,False,False,True,False,False,False,False,False,False,True,False,False,False,False,False,False,False,True,False,0.6,443.6,0.4,1,2.6666666666666665,0,0
0.2273467008657048,0,2,1.0301023925133532,-1.010909342912418,1,2,1,-0.6835354165043717,3,5,3,2.7013784150791422,-0.8573142389915798,-0.6780493930322936,1,-0.3305890744344257,3,3,1,1.2625116060839956,0.1557070814399298,3,2.284590031732371,1.041095461037043,-0.3687152874355457,0.5261877356070683,False,True,False,False,True,False,False,False,False,False,False,False,True,False,False,False,False,False,True,False,False,0.0454545454545454,872.5909090909091,0.3636363636363636,1,2.6666666666666665,0,4
2.08887817355049,0,2,0.2566224966015182,-0.3939381836990763,3,3,0,0.9894861367222936,4,4,1,1.4276846674122812,0.5541383767578667,2.5255909693862573,0,-1.1505541015749308,3,4,3,3.078833790859153,-2.171981830933257,2,-0.0013328996684553,0.7649976209279952,1.4938670923934996,0.8065414765793012,False,False,True,False,True,False,False,False,False,False,False,False,False,False,False,False,True,False,False,True,False,0.875,357.0810810810811,0.875,2,2.6666666666666665,0,2
-0.7581699611438873,0,1,0.6929444891671688,0.3464272073569334,3,2,0,0.841866587908176,3,2,3,0.0156616071333133,0.7371226748466628,-1.0785044383346123,0,-1.1505541015749308,3,2,0,-0.6835478776036732,2.4833959938131165,3,-0.3278933184400019,-0.063295899399149,0.5625759024789769,-0.0345197463373974,False,False,True,False,False,False,False,False,True,False,False,False,False,False,False,False,True,False,False,False,True,0.6666666666666666,939.5714285714286,0.6666666666666666,0,2.333333333333333,0,2
0.4463504035345031,0,1,-0.3904231855554976,-1.010909342912418,3,2,1,-0.8311549653184892,4,3,1,0.4019196108117348,0.7382470023310794,-0.6780493930322936,0,0.2160542769925777,3,3,1,-0.1645986819536281,-0.6201892226844657,3,0.4885077284888646,0.7649976209279952,-0.6791456840737199,0.8065414765793012,False,False,True,False,False,True,False,False,False,False,False,False,False,False,False,False,True,False,False,True,False,0.0,762.9090909090909,0.6363636363636364,1,2.0,1,2
-0.9771736638126856,0,1,1.2333887754132586,0.9633983665702748,2,3,1,0.645040522822686,3,2,1,-0.4140105192726002,-0.1093553799834592,-0.6780493930322936,0,-0.8772324258614291,3,4,1,-0.1645986819536281,-0.6201892226844657,3,0.4885077284888646,-1.1676872598353414,-0.3687152874355457,1.086895217551534,False,True,False,False,False,False,True,False,False,False,False,True,False,False,False,False,False,False,True,False,False,0.0909090909090909,414.3636363636364,0.0,0,2.6666666666666665,0,0
-1.3056792178158831,1,1,-0.2838217896445716,-0.7641208792270812,3,1,1,1.235518718079156,3,1,1,-0.5261636696519546,-0.69105431223348,0.9237707881769818,0,-0.6039107501479274,3,3,1,-0.6835478776036732,1.707499689688721,3,-0.8177339465973219,-0.6154915796172451,-0.6791456840737199,-0.5952272282818631,False,True,False,False,False,False,True,False,False,False,False,True,False,False,False,False,False,False,False,True,False,0.0,575.8571428571429,0.6666666666666666,0,1.6666666666666667,1,0
1.6508707682128936,0,1,-1.1986105126941458,-0.7641208792270812,3,4,1,-1.3232201280322142,2,3,3,0.3118991504503176,0.7442902625598184,-0.2775943477299747,1,-0.3305890744344257,3,3,0,2.1706726984715745,0.9316033855643254,3,-0.3278933184400019,-0.063295899399149,-0.6791456840737199,-0.0345197463373974,False,True,False,False,False,False,True,False,False,False,False,False,False,True,False,False,False,False,False,True,False,0.0,274.7931034482759,0.6666666666666666,2,3.333333333333333,0,8
0.8843578088720997,0,1,-1.5134564959659504,0.0996387436715968,2,1,1,0.1529753601089609,3,1,4,-0.8192089980625256,-0.6546542099254937,0.1228606975723441,0,1.5826626555600865,4,4,2,-0.4240732797786506,0.1557070814399298,2,-0.8177339465973219,-0.6154915796172451,-0.6791456840737199,-0.5952272282818631,False,True,False,False,True,False,False,False,False,False,False,False,False,False,False,True,False,False,False,True,False,0.0,294.8888888888889,0.6666666666666666,1,3.0,0,0
1.6508707682128936,0,1,1.7044181992057224,-0.6407266473844129,2,4,0,-1.7660787744745667,3,4,4,2.139122962892701,-0.5625998971388874,-0.2775943477299747,0,-0.6039107501479274,3,4,0,2.559884595209108,-0.6201892226844657,1,-0.3278933184400019,-0.6154915796172451,-0.3687152874355457,-0.0345197463373974,False,True,False,False,True,False,False,False,False,False,False,False,True,False,False,False,False,False,False,True,False,0.1666666666666666,517.34375,0.3333333333333333,2,4.0,0,4
0.5558522548689022,0,2,-0.6705617376004892,2.4441291486822943,2,1,0,1.2847252343505289,3,2,3,-0.4144361479267913,-0.1941015641213579,-0.2775943477299747,0,-1.1505541015749308,3,2,1,1.0030370082589732,0.1557070814399298,3,-0.3278933184400019,-0.063295899399149,-0.6791456840737199,-0.5952272282818631,False,True,False,False,True,False,False,False,False,False,False,False,False,False,False,True,False,False,True,False,False,0.0,227.8,0.6666666666666666,1,2.0,1,0
-0.7581699611438873,0,1,-1.203568717155119,-0.8875151110697495,3,3,0,-1.1263940629467242,1,2,4,-0.0877661558351235,1.4728544724617532,-0.2775943477299747,0,1.3093409798465847,4,3,0,-0.0348613830411168,-0.6201892226844657,3,-0.3278933184400019,-0.063295899399149,-0.6791456840737199,-0.5952272282818631,False,True,False,False,True,False,False,False,False,False,False,False,False,True,False,False,False,False,False,False,True,0.0,507.5833333333333,0.6666666666666666,0,3.333333333333333,0,8
2.526885578888087,0,1,-0.9432629829540208,-0.270543951856408,3,1,0,-1.2248070954894692,3,5,1,2.7799069017774,-1.469932177063056,0.9237707881769818,0,-1.1505541015749308,3,4,0,2.819359193034131,1.707499689688721,1,3.5908317068185576,1.041095461037043,2.7355886789461965,1.6476026994959998,False,True,False,False,True,False,False,False,False,False,False,False,True,False,False,False,False,False,False,True,False,0.3666666666666666,575.4705882352941,0.2666666666666666,2,2.0,1,4
0.9938596602064989,0,1,1.6920226880532891,1.0867925984129432,3,3,0,1.038692652993666,3,2,3,-0.3603813088445218,1.6866172354364528,-0.2775943477299747,0,-0.3305890744344257,3,3,1,1.0030370082589732,1.707499689688721,2,0.4885077284888646,0.7649976209279952,-0.6791456840737199,1.086895217551534,False,True,False,False,False,False,True,False,False,False,False,False,False,True,False,False,False,False,True,False,False,0.0,240.5,0.6363636363636364,2,3.0,0,8
0.5558522548689022,0,2,1.4019677270863509,2.320734916839626,4,4,0,1.0878991692650386,2,2,4,-0.4214590207209444,-1.3951643993493543,-1.0785044383346123,0,-1.1505541015749308,3,4,3,-0.5538105786911619,0.9316033855643254,4,-0.1646131090542286,0.212801940709899,-0.6791456840737199,-0.0345197463373974,False,True,False,False,False,False,False,False,True,True,False,False,False,False,False,False,False,False,False,True,False,0.0,565.375,0.7142857142857143,1,4.0,0,3
-1.4151810691502822,1,1,1.600295905525283,-1.010909342912418,1,1,0,-0.1914702537906465,3,1,2,-0.7025867468141647,1.0763884932693617,-0.6780493930322936,1,0.2160542769925777,3,2,0,-0.6835478776036732,0.9316033855643254,3,-0.3278933184400019,-0.339393739508197,-0.3687152874355457,-0.0345197463373974,False,False,True,False,False,False,False,False,True,False,False,False,False,False,False,False,False,True,False,False,True,0.1666666666666666,457.4285714285714,0.5,0,1.6666666666666667,1,5
-0.3201625558062908,1,2,-1.2556298639953387,-0.3939381836990763,2,4,0,-1.6184592256604493,1,1,3,-0.8836917391724769,-0.2895288593612139,-1.0785044383346123,0,0.2160542769925777,3,4,1,-1.072759774341207,0.1557070814399298,2,-0.8177339465973219,-0.6154915796172451,-0.3687152874355457,-1.1559347102263289,False,False,True,False,False,True,False,False,False,False,False,False,False,False,False,False,False,True,True,False,False,0.3333333333333333,587.75,0.6666666666666666,1,3.6666666666666665,0,5
0.1178448495313057,0,2,1.7044181992057224,-0.8875151110697495,2,4,1,-1.1756005792180968,3,1,4,-1.0218082374574882,-0.3101883768873683,-0.6780493930322936,1,2.1293060069870897,4,3,1,-1.3322343721662295,0.1557070814399298,3,-0.9810141559830952,-1.1676872598353414,-0.6791456840737199,-1.1559347102263289,False,True,False,False,True,False,False,False,False,False,False,True,False,False,False,False,False,False,False,True,False,0.0,851.0,0.0,1,3.6666666666666665,0,0
0.3368485522001039,0,1,1.4763407940009503,-0.8875151110697495,4,3,0,0.645040522822686,3,5,3,2.4553650529566875,-0.1814528799216715,-1.0785044383346123,0,-0.3305890744344257,3,4,0,1.2625116060839956,-0.6201892226844657,3,2.1213098223465976,2.97378034180038,-0.3687152874355457,2.2083101814404653,False,False,True,False,True,False,False,False,False,False,False,False,True,False,False,False,False,False,False,True,False,0.0476190476190476,820.0454545454545,0.7142857142857143,1,3.333333333333333,0,4
-1.196177366481484,0,1,1.3548647847071045,1.7037637576262843,3,1,0,1.1863122018077836,3,1,4,-0.7698360741763582,-1.5854568260868582,-0.6780493930322936,0,1.855984331273588,4,2,2,-1.072759774341207,0.1557070814399298,1,-0.6544537372115486,-0.6154915796172451,-0.6791456840737199,-0.5952272282818631,False,True,False,False,True,False,False,False,False,False,False,False,False,False,False,True,False,False,True,False,False,0.0,721.5,0.5,0,2.333333333333333,0,0
-0.7581699611438873,0,0,1.4812989984619238,-0.7641208792270812,3,3,1,-0.6343289002329991,3,1,4,-0.9377465782547464,0.340235072847615,0.523315742874663,0,-0.0572673987209239,3,3,1,-0.2943359808661394,0.1557070814399298,1,-0.3278933184400019,-0.339393739508197,-0.3687152874355457,-0.0345197463373974,False,True,False,False,True,False,False,False,False,False,False,True,False,False,False,False,False,False,False,True,False,0.1666666666666666,209.7,0.5,0,3.333333333333333,0,0
-0.8676718124782865,0,1,0.4549506750404503,-0.7641208792270812,4,2,1,1.333931750621901,2,3,3,1.1559207717112652,1.013707236013138,-0.6780493930322936,0,0.7626976284195812,3,3,0,-0.1645986819536281,-0.6201892226844657,3,0.4885077284888646,-0.6154915796172451,-0.6791456840737199,0.8065414765793012,False,True,False,False,False,False,True,False,False,False,False,False,False,False,True,False,False,False,False,True,False,0.0,1085.0,0.1818181818181818,0,2.6666666666666665,0,6
-0.8676718124782865,1,1,-0.977970414180834,1.950552221311621,5,3,0,0.251388392651706,2,1,2,-0.8421929453888449,0.5603221779221578,0.9237707881769818,0,0.2160542769925777,3,2,0,-0.6835478776036732,-0.6201892226844657,4,-0.8177339465973219,-0.6154915796172451,-0.3687152874355457,-0.8755809692540959,False,True,False,False,False,False,False,False,True,False,False,False,False,False,False,True,False,False,False,True,False,0.3333333333333333,363.7142857142857,0.6666666666666666,0,2.333333333333333,0,0
-1.9626903258222776,1,1,-0.7771631335114152,-0.8875151110697495,2,1,1,-0.6835354165043717,2,1,4,-0.838362287501125,0.5795762860927915,-0.6780493930322936,0,-0.8772324258614291,3,3,0,-1.3322343721662295,0.1557070814399298,4,-0.9810141559830952,-1.1676872598353414,-0.6791456840737199,-1.1559347102263289,True,False,False,False,False,False,False,False,True,False,True,False,False,False,False,False,False,False,False,False,True,0.0,1282.0,0.0,0,2.6666666666666665,0,1
-0.7581699611438873,0,0,1.4763407940009503,1.5803695257836163,4,3,0,0.1529753601089609,3,3,1,0.4061758973536458,-1.6054136389352522,-1.0785044383346123,0,-1.1505541015749308,3,3,0,-0.1645986819536281,0.1557070814399298,3,0.3252275191030913,1.041095461037043,1.4938670923934996,1.086895217551534,False,False,True,False,False,False,False,True,False,False,False,False,False,False,False,False,True,False,False,True,False,0.7,764.7272727272727,0.8,0,2.333333333333333,0,7
2.198380024884889,0,1,-1.4688326558171907,2.4441291486822943,3,1,1,-0.4867093514188816,2,4,4,1.6204944477608487,1.0946588148911307,0.1228606975723441,0,-0.8772324258614291,3,3,1,2.68962189412162,0.1557070814399298,2,-0.9810141559830952,-1.1676872598353414,-0.6791456840737199,-1.1559347102263289,False,False,True,False,False,True,False,False,False,False,False,False,True,False,False,False,False,False,True,False,False,0.0,427.8181818181818,0.0,2,2.6666666666666665,0,4
1.4318670655440953,0,1,0.7350892270854419,2.4441291486822943,4,2,1,1.0878991692650386,2,4,3,2.2436147974966163,-0.7025786689487499,-1.0785044383346123,0,-0.0572673987209239,3,2,1,2.1706726984715745,-0.6201892226844657,3,3.264271288047011,1.5932911412551394,3.977310265498893,0.8065414765793012,False,True,False,False,True,False,False,False,False,False,False,False,True,False,False,False,False,False,False,True,False,0.5357142857142857,587.7931034482758,0.3571428571428571,2,2.333333333333333,0,4
-0.7581699611438873,0,0,0.7772339650037149,-0.8875151110697495,3,3,0,-0.8311549653184892,3,1,4,-0.838362287501125,-1.0023524844813168,-1.0785044383346123,0,-0.3305890744344257,3,3,0,0.0948759158713943,-0.6201892226844657,2,0.651787937874638,0.7649976209279952,1.1834366957553253,0.8065414765793012,False,True,False,False,False,False,True,False,False,False,False,True,False,False,False,False,False,False,False,False,True,0.5,197.23076923076923,0.5833333333333334,0,3.333333333333333,0,0
2.526885578888087,0,2,1.726730119280102,2.320734916839626,3,3,0,0.6942470390940585,2,3,1,0.8007336597887937,-1.6117379810350954,0.523315742874663,0,1.036019304133083,3,4,0,1.392248904996507,1.707499689688721,4,1.794749403575051,2.421584661582284,3.3564494722225446,1.9279564404682328,False,False,True,False,False,True,False,False,False,False,False,False,False,False,False,False,True,False,False,True,False,0.6842105263157895,446.3478260869565,0.6842105263157895,2,2.6666666666666665,0,2
1.103361511540898,0,1,0.4475133683489903,-0.8875151110697495,2,1,0,-0.043850704976529,3,2,4,-0.3050495837996791,-0.973119969886486,0.9237707881769818,0,-0.6039107501479274,3,3,3,1.1327743071714844,-0.6201892226844657,3,-0.3278933184400019,-1.1676872598353414,-0.6791456840737199,-0.0345197463373974,False,True,False,False,False,False,True,False,False,False,False,False,False,True,False,False,False,False,True,False,False,0.0,241.42857142857144,0.0,2,2.6666666666666665,0,8
0.9938596602064989,0,1,0.5119700263416432,-0.8875151110697495,3,1,1,-0.7327419327757442,3,4,3,2.4170584740794885,-1.6900192821375988,1.324225833479301,0,-0.6039107501479274,3,3,0,1.911198100646552,-0.6201892226844657,1,-0.6544537372115486,-0.6154915796172451,-0.6791456840737199,-0.8755809692540959,False,True,False,False,True,False,False,False,False,False,False,False,False,False,True,False,False,False,False,True,False,0.0,661.5185185185185,0.5,2,2.333333333333333,0,6
-0.2106607044718917,0,1,-1.6324534030293096,1.5803695257836163,3,4,1,-0.9787745141326066,1,1,3,-0.4838136185599403,0.6903225433078233,-1.0785044383346123,0,-0.0572673987209239,3,3,0,-0.6835478776036732,-0.6201892226844657,3,-0.3278933184400019,-0.063295899399149,0.5625759024789769,-0.3148734873096303,False,True,False,False,True,False,False,False,False,False,False,True,False,False,False,False,False,False,False,False,True,0.6666666666666666,604.2857142857143,0.6666666666666666,1,3.333333333333333,0,0
1.869874470881692,0,1,-0.6308961019127028,-0.1471497200137397,4,3,0,-1.1756005792180968,3,2,3,-0.5795800657529374,1.2810160954331766,1.7246808787816197,0,-1.1505541015749308,3,3,0,1.0030370082589732,0.1557070814399298,3,-0.9810141559830952,-1.1676872598353414,-0.6791456840737199,-1.1559347102263289,False,True,False,False,True,False,False,False,False,False,False,True,False,False,False,False,False,False,False,False,True,0.0,189.0,0.0,2,3.0,0,0
-0.3201625558062908,0,1,1.2408260821047186,-0.8875151110697495,4,4,1,-0.1914702537906465,2,1,3,-0.794948164773633,-0.8287844290745093,0.1228606975723441,0,-0.8772324258614291,3,3,1,0.3543505136964169,0.1557070814399298,3,-0.0013328996684553,-0.339393739508197,0.8730062991171511,0.8065414765793012,False,True,False,False,True,False,False,False,False,False,False,False,False,False,False,True,False,False,True,False,False,0.625,184.53333333333333,0.375,1,3.333333333333333,0,0
0.9938596602064989,0,1,0.7995458850780948,0.0996387436715968,3,3,0,1.3831382668932737,2,3,4,0.5464205389096126,-0.3865021048921427,-0.2775943477299747,1,1.036019304133083,3,3,1,0.4840878126089281,0.1557070814399298,3,-0.6544537372115486,-0.6154915796172451,-0.3687152874355457,-0.5952272282818631,False,False,True,False,False,True,False,False,False,False,False,False,False,False,False,False,True,False,False,True,False,0.25,566.9375,0.5,2,3.333333333333333,0,2
-0.6486681098094882,0,1,1.1689321174206058,-0.0237554881710714,1,3,1,-1.6184592256604493,3,3,2,0.8820287327392935,0.0113692836557695,-0.6780493930322936,0,2.675949358414093,4,4,1,0.2246132147839056,2.4833959938131165,4,0.9783483566461848,1.041095461037043,-0.6791456840737199,1.086895217551534,False,True,False,False,True,False,False,False,False,False,False,False,False,True,False,False,False,False,True,False,False,0.0,760.5714285714286,0.5714285714285714,1,3.0,0,8
-0.42966440714069,1,1,1.1763694241120657,0.7166099028849382,1,2,1,-0.4867093514188816,3,3,3,1.5123847695963095,1.4484003496756928,1.7246808787816197,1,-0.8772324258614291,3,4,0,0.4840878126089281,-0.6201892226844657,4,-0.0013328996684553,0.4888997808189471,1.4938670923934996,0.8065414765793012,False,True,False,False,False,False,True,False,False,False,False,False,True,False,False,False,False,False,False,True,False,0.875,850.625,0.75,1,3.0,0,4
-0.42966440714069,1,1,-0.5342111149237234,0.0996387436715968,1,1,1,-1.3724266443035866,1,1,4,-0.6587469954324816,-1.0692499698041025,1.7246808787816197,0,-0.6039107501479274,3,1,3,-0.4240732797786506,-0.6201892226844657,3,-0.4911735278257753,-0.339393739508197,-0.3687152874355457,-0.3148734873096303,False,True,False,False,False,False,True,False,False,False,False,True,False,False,False,False,False,False,True,False,False,0.2,378.6666666666667,0.6,1,2.0,1,0
-0.7581699611438873,0,1,-0.9655749030284008,-0.270543951856408,1,4,1,-0.4375028351475091,3,1,2,-0.74919308444809,0.5740951896062607,-1.0785044383346123,0,-0.3305890744344257,3,1,0,-0.9430224754286956,0.1557070814399298,3,-0.6544537372115486,-0.6154915796172451,-0.3687152874355457,-0.5952272282818631,False,False,True,False,False,True,False,False,False,False,False,False,False,False,False,False,False,True,False,False,True,0.25,596.6,0.5,0,2.333333333333333,0,5
-0.2106607044718917,0,1,1.173890321881579,0.8400041347276065,3,4,1,0.3005949089230785,3,3,3,0.2401807222191175,-0.0025442689638854,0.523315742874663,1,-0.8772324258614291,3,3,0,-0.1645986819536281,-0.6201892226844657,3,0.161947309717318,0.7649976209279952,-0.6791456840737199,-1.1559347102263289,False,True,False,False,True,False,False,False,False,True,False,False,False,False,False,False,False,False,False,True,False,0.0,693.8181818181819,0.7777777777777778,1,3.333333333333333,0,3
-0.6486681098094882,1,2,-0.6656035331395159,1.3335810620982798,3,1,1,0.0053558112948434,3,3,3,0.706669727212561,1.2079348089460995,0.1228606975723441,0,-0.8772324258614291,3,1,0,0.0948759158713943,-0.6201892226844657,3,-0.9810141559830952,-1.1676872598353414,-0.6791456840737199,-1.1559347102263289,False,True,False,False,True,False,False,False,False,True,False,False,False,False,False,False,False,False,False,True,False,0.0,755.6923076923077,0.0,1,1.6666666666666667,1,3
-0.3201625558062908,1,2,0.4599088795014236,1.7037637576262843,3,2,0,-1.1263940629467242,3,3,1,0.7334843324266003,-0.3907183329587048,2.5255909693862573,1,-0.0572673987209239,3,3,3,-0.0348613830411168,-0.6201892226844657,3,-0.6544537372115486,-0.6154915796172451,-0.6791456840737199,-0.5952272282818631,True,False,False,True,False,False,False,False,False,False,True,False,False,False,False,False,False,False,True,False,False,0.0,829.1666666666666,0.5,1,2.0,1,1
0.5558522548689022,0,2,1.664752563517936,-0.5173324155417446,2,2,1,1.5307578157073911,3,1,3,-0.9385978355631286,-0.7101678794685616,0.523315742874663,0,0.4893759527060795,3,4,1,-0.4240732797786506,0.9316033855643254,3,-0.8177339465973219,-0.6154915796172451,-0.0582848907973714,-1.1559347102263289,False,True,False,False,False,False,False,True,False,False,False,True,False,False,False,False,False,False,False,True,False,0.6666666666666666,232.55555555555557,0.6666666666666666,1,3.0,0,7
-0.1011588531374925,0,0,-0.4152142078603641,0.0996387436715968,4,2,1,-1.6676657419318217,3,3,4,0.7398687622394667,0.1412291081058828,-0.6780493930322936,0,-0.3305890744344257,3,4,0,-0.1645986819536281,0.1557070814399298,2,0.4885077284888646,-0.339393739508197,2.114727885669848,0.8065414765793012,False,False,True,False,False,False,True,False,False,False,False,False,False,False,False,False,True,False,False,False,True,0.8181818181818182,907.2727272727273,0.2727272727272727,1,3.333333333333333,0,2
-1.6341847718190805,1,2,1.4019677270863509,-0.6407266473844129,1,3,1,1.629170848250136,2,1,3,-0.5553192324640448,-0.7285787420258829,0.9237707881769818,0,0.2160542769925777,3,3,0,-0.9430224754286956,0.1557070814399298,3,-0.8177339465973219,-0.6154915796172451,-0.3687152874355457,-0.5952272282818631,False,True,False,False,False,False,False,False,True,False,False,True,False,False,False,False,False,False,False,False,True,0.3333333333333333,778.8,0.6666666666666666,0,3.0,0,0
1.2128633628752972,0,1,-1.5853504606500637,-0.8875151110697495,5,2,0,-1.4216331605749593,3,2,4,-0.5219073831100436,0.7511767684018699,-0.2775943477299747,0,-0.3305890744344257,3,1,1,0.3543505136964169,-0.6201892226844657,3,0.3252275191030913,0.7649976209279952,1.1834366957553253,0.8065414765793012,False,False,True,False,False,True,False,False,False,False,False,False,False,False,False,False,True,False,False,True,False,0.6,270.06666666666666,0.7,2,2.333333333333333,0,2
1.979376322216091,0,1,0.7797130672342015,1.0867925984129432,5,1,0,0.841866587908176,3,4,2,2.1987109744794555,-0.6240162859751422,0.1228606975723441,0,2.1293060069870897,4,4,0,3.078833790859153,-0.6201892226844657,3,0.4885077284888646,1.3171933011460917,1.4938670923934996,0.8065414765793012,False,False,True,False,True,False,False,False,False,False,False,False,True,False,False,False,False,False,False,False,True,0.6363636363636364,443.0263157894737,0.8181818181818182,2,2.333333333333333,0,4
0.4463504035345031,0,0,-1.3275238286794515,0.0996387436715968,2,4,1,-0.4867093514188816,3,2,4,-0.0581849643688422,-0.1241121782164266,1.7246808787816197,0,-0.3305890744344257,3,4,0,0.6138251115214394,0.1557070814399298,3,1.141628566031958,-0.339393739508197,-0.3687152874355457,1.6476026994959998,False,False,True,False,True,False,False,False,False,False,False,False,False,False,False,False,True,False,False,False,True,0.0666666666666666,366.4705882352941,0.2,1,4.0,0,2
-0.2106607044718917,0,1,-0.4548798435481506,-1.010909342912418,3,2,1,0.9402796204509212,3,2,3,-0.3801730412644079,0.6107763737853512,2.5255909693862573,0,-1.1505541015749308,3,3,0,0.4840878126089281,-0.6201892226844657,3,0.651787937874638,1.3171933011460917,1.1834366957553253,1.3672489585237668,False,False,True,False,False,True,False,False,False,False,False,False,False,False,False,False,True,False,False,True,False,0.5,294.8125,0.75,1,2.6666666666666665,0,2
0.3368485522001039,0,1,-1.2407552506124189,-0.3939381836990763,3,2,0,0.448214457737196,3,4,3,1.43300502558967,0.8503986689016318,1.7246808787816197,0,-0.0572673987209239,3,3,0,1.392248904996507,0.1557070814399298,3,2.1213098223465976,0.4888997808189471,0.8730062991171511,2.488663922412698,False,True,False,False,True,False,False,False,False,False,False,False,False,True,False,False,False,False,False,False,True,0.238095238095238,575.5217391304348,0.2857142857142857,1,2.6666666666666665,0,8
0.2273467008657048,0,2,-0.8912018361138011,-0.1471497200137397,1,3,0,-0.8803614815898617,3,1,3,-0.584900423930326,0.5001706575058715,-0.6780493930322936,0,-1.1505541015749308,3,1,1,-0.4240732797786506,0.1557070814399298,3,0.161947309717318,-0.339393739508197,-0.6791456840737199,0.8065414765793012,False,True,False,False,True,False,False,False,False,False,False,True,False,False,False,False,False,False,False,True,False,0.0,417.22222222222223,0.3333333333333333,1,2.333333333333333,0,0
-0.6486681098094882,0,1,0.0632525226235594,-0.8875151110697495,1,2,1,0.5466274902799411,3,2,4,0.016725678768791,-0.8386222945631543,0.523315742874663,1,-0.6039107501479274,3,3,0,-0.1645986819536281,-0.6201892226844657,4,-0.1646131090542286,0.212801940709899,-0.6791456840737199,0.2458339946348354,False,False,True,False,True,False,False,False,False,False,False,False,False,False,False,False,True,False,False,False,True,0.0,598.3636363636364,0.7142857142857143,1,3.0,0,2
0.5558522548689022,0,1,-1.1986105126941458,1.827157989468953,3,4,1,-0.4867093514188816,3,3,1,0.1920846842955234,-1.034817440593845,-0.6780493930322936,1,1.5826626555600865,4,4,1,-0.1645986819536281,1.707499689688721,2,0.4885077284888646,1.3171933011460917,0.8730062991171511,1.086895217551534,False,True,False,False,False,False,True,False,False,False,False,False,False,True,False,False,False,False,False,True,False,0.4545454545454545,673.2727272727273,0.8181818181818182,1,3.0,0,8
0.8843578088720997,0,1,-0.5986677729163763,-0.8875151110697495,3,4,1,-0.2406767700620191,3,2,2,-0.3614453804799996,0.2619537717451116,-1.0785044383346123,0,1.036019304133083,3,2,1,-0.2943359808661394,0.1557070814399298,4,0.161947309717318,0.7649976209279952,0.2521455058408027,0.8065414765793012,False,False,True,False,False,False,False,True,False,False,False,False,False,False,False,False,True,False,False,True,False,0.3333333333333333,480.5,0.7777777777777778,1,2.6666666666666665,0,7
-1.196177366481484,1,2,-0.9333465740320742,0.9633983665702748,4,2,0,-0.3882963188761366,3,1,3,-0.8006941516052128,1.1938807153908928,-1.0785044383346123,1,-1.1505541015749308,3,2,1,-0.4240732797786506,-0.6201892226844657,2,-0.0013328996684553,0.7649976209279952,-0.3687152874355457,-1.1559347102263289,True,False,False,False,True,False,False,False,False,False,True,False,False,False,False,False,False,False,True,False,False,0.125,304.55555555555554,0.875,0,2.333333333333333,0,1
-0.8676718124782865,0,1,-1.4142924067464844,1.2101868302556114,3,4,1,-1.569252709389077,3,2,4,-0.4770035600928827,1.1709725428959052,0.523315742874663,0,-0.8772324258614291,3,2,2,-0.4240732797786506,-0.6201892226844657,4,-0.6544537372115486,-0.6154915796172451,-0.3687152874355457,-0.5952272282818631,False,True,False,False,False,False,False,False,True,False,False,False,False,True,False,False,False,False,True,False,False,0.25,473.55555555555554,0.5,0,3.333333333333333,0,8
-0.42966440714069,0,1,0.2962881322893046,-1.010909342912418,5,1,0,1.432344783164646,4,4,3,2.060168847540253,1.1615563002139164,0.523315742874663,0,1.036019304133083,3,3,1,-0.1645986819536281,-0.6201892226844657,3,-0.1646131090542286,-0.8915894197262932,-0.6791456840737199,0.2458339946348354,False,True,False,False,False,False,True,False,False,False,False,False,False,False,True,False,False,False,True,False,False,0.0,1471.2727272727273,0.1428571428571428,1,2.333333333333333,0,6
-0.6486681098094882,0,1,-0.2838217896445716,-0.270543951856408,3,3,1,-1.0771875466753518,2,3,4,1.0754769560691475,1.5428438583666844,2.5255909693862573,0,1.5826626555600865,4,3,1,-0.1645986819536281,0.1557070814399298,2,-0.3278933184400019,-0.063295899399149,-0.6791456840737199,-0.8755809692540959,False,False,True,False,True,False,False,False,False,False,False,False,True,False,False,False,False,False,True,False,False,0.0,1050.6363636363635,0.6666666666666666,1,3.333333333333333,0,2
-2.072192177156677,1,2,1.2482633887961785,-0.5173324155417446,3,2,1,0.1529753601089609,3,1,2,-0.9843529158886716,-0.8789575430665986,-0.6780493930322936,1,-0.3305890744344257,3,4,0,-1.3322343721662295,0.1557070814399298,3,-1.1442943653688686,-1.1676872598353414,-0.6791456840737199,-1.1559347102263289,False,False,True,False,False,True,False,False,False,False,False,False,False,False,False,False,False,True,False,False,True,0.0,1878.0,0.0,0,2.6666666666666665,0,5
0.3368485522001039,0,0,0.7226937159330086,2.320734916839626,3,3,1,-0.3882963188761366,1,3,1,0.9424680016344292,-0.4132048826470362,0.1228606975723441,0,-0.0572673987209239,3,3,1,1.1327743071714844,-0.6201892226844657,3,-0.9810141559830952,-1.1676872598353414,-0.6791456840737199,-0.8755809692540959,False,False,True,False,False,False,False,True,False,False,False,False,False,False,False,False,True,False,True,False,False,0.0,520.5714285714286,0.0,1,2.333333333333333,0,7
0.4463504035345031,0,0,-0.7275810889016822,-0.8875151110697495,4,1,0,-0.1914702537906465,2,2,3,0.0654601596736717,-1.7147544867947633,-0.2775943477299747,1,0.4893759527060795,3,1,0,-0.1645986819536281,0.1557070814399298,3,0.161947309717318,0.7649976209279952,-0.6791456840737199,0.8065414765793012,False,True,False,False,False,False,False,True,False,True,False,False,False,False,False,False,False,False,False,False,True,0.0,619.1818181818181,0.7777777777777778,1,1.6666666666666667,1,7
-1.196177366481484,0,1,-0.068139895592233,2.4441291486822943,2,1,1,-1.0279810304039791,3,2,3,-0.4676397297006786,-1.411888770680051,0.9237707881769818,0,-0.8772324258614291,3,1,2,-0.4240732797786506,1.707499689688721,3,-1.1442943653688686,-1.1676872598353414,-0.6791456840737199,-1.1559347102263289,False,False,True,False,False,False,True,False,False,False,False,False,False,False,False,False,True,False,True,False,False,0.0,478.44444444444446,0.0,0,1.6666666666666667,1,2
-0.2106607044718917,0,1,-1.5060191892744903,-1.010909342912418,3,1,0,0.6942470390940585,3,2,3,-0.3499534068168399,-1.070233756352967,-0.6780493930322936,0,0.2160542769925777,3,4,0,-0.8132851765161844,0.1557070814399298,3,-0.3278933184400019,-0.063295899399149,-0.6791456840737199,-0.3148734873096303,False,False,True,False,False,False,True,False,False,False,False,False,False,False,False,False,True,False,False,False,True,0.0,809.8333333333334,0.6666666666666666,1,2.6666666666666665,0,2
-0.3201625558062908,0,1,-1.3498357487538315,1.456975293940948,4,4,1,0.3990079414658235,4,2,4,-0.2482281584651675,0.7881390344520645,-0.6780493930322936,0,-0.8772324258614291,3,4,0,-0.1645986819536281,0.1557070814399298,3,0.4885077284888646,0.7649976209279952,0.8730062991171511,0.8065414765793012,False,False,True,False,True,False,False,False,False,False,False,False,False,False,False,False,True,False,False,False,True,0.4545454545454545,485.1818181818182,0.6363636363636364,1,4.0,0,2
-1.196177366481484,1,1,-0.821786973660175,1.827157989468953,3,3,1,0.0053558112948434,1,1,4,-0.886032696770528,1.2507997942894813,-0.6780493930322936,1,0.7626976284195812,3,2,0,-1.3322343721662295,0.1557070814399298,1,-0.9810141559830952,-1.1676872598353414,-0.6791456840737199,-1.1559347102263289,False,True,False,False,False,False,False,False,True,False,False,True,False,False,False,False,False,False,False,False,True,0.0,1170.0,0.0,0,3.0,0,0
0.0083429981969065,0,1,-0.0086414420605534,-1.010909342912418,3,2,0,-0.3390898026047641,3,3,4,0.2101739020986451,1.3400432883650464,0.523315742874663,0,0.4893759527060795,3,4,0,0.0948759158713943,0.1557070814399298,4,-0.1646131090542286,0.212801940709899,-0.3687152874355457,-0.5952272282818631,False,True,False,False,False,False,False,False,True,False,False,False,False,True,False,False,False,False,False,False,True,0.1428571428571428,576.2307692307693,0.7142857142857143,1,3.333333333333333,0,8
0.9938596602064989,0,2,0.5739475821038096,1.0867925984129432,1,1,0,0.9894861367222936,3,3,3,0.856278199160732,-0.7489571776809332,0.9237707881769818,0,-1.1505541015749308,3,4,0,2.1706726984715745,0.1557070814399298,2,-0.8177339465973219,-0.6154915796172451,-0.3687152874355457,-0.5952272282818631,False,True,False,False,False,False,True,False,False,True,False,False,False,False,False,False,False,False,False,True,False,0.3333333333333333,363.0,0.6666666666666666,2,2.6666666666666665,0,3
0.4463504035345031,0,1,1.173890321881579,-0.8875151110697495,5,2,0,1.235518718079156,3,4,1,2.147635535976524,-1.220893639264787,1.7246808787816197,0,0.2160542769925777,3,2,1,1.392248904996507,-0.6201892226844657,3,1.794749403575051,3.249878181909428,2.7355886789461965,1.086895217551534,False,False,True,False,True,False,False,False,False,False,False,False,True,False,False,False,False,False,False,True,False,0.5789473684210527,721.5217391304348,0.8421052631578947,1,1.6666666666666667,1,4
0.0083429981969065,0,0,-1.6374116074902831,-0.0237554881710714,4,1,1,0.1529753601089609,3,3,2,0.4959835433879674,1.4550057736466402,-0.6780493930322936,0,-0.6039107501479274,3,4,1,-0.2943359808661394,2.4833959938131165,3,0.3252275191030913,0.212801940709899,1.4938670923934996,0.8065414765793012,False,False,True,False,False,False,True,False,False,False,False,False,False,False,False,False,True,False,True,False,False,0.7,883.4,0.5,1,2.333333333333333,0,2
1.6508707682128936,0,1,0.3805776081258508,-0.3939381836990763,2,4,1,0.5958340065513135,3,2,1,-0.1971527199622357,1.0925507008578497,0.1228606975723441,1,-0.8772324258614291,3,2,2,0.873299709346462,0.1557070814399298,3,0.4885077284888646,1.3171933011460917,1.1834366957553253,1.3672489585237668,False,True,False,False,False,False,False,False,True,False,False,False,False,False,False,True,False,False,True,False,False,0.5454545454545454,293.5263157894737,0.8181818181818182,2,2.333333333333333,0,0
-0.5391662584750891,1,0,1.664752563517936,0.2230329755142651,4,4,1,-0.2898832863333916,4,2,3,-0.3823011845353634,1.349318990111483,2.1251359240839385,0,-0.8772324258614291,3,4,0,-0.6835478776036732,-0.6201892226844657,3,-0.4911735278257753,-0.6154915796172451,-0.3687152874355457,-0.5952272282818631,False,False,True,False,False,False,False,True,False,False,False,False,False,False,False,False,True,False,False,True,False,0.2,672.4285714285714,0.4,1,3.6666666666666665,0,7
-1.4151810691502822,0,2,-0.6631244309090293,1.827157989468953,3,4,1,-1.3724266443035866,3,1,4,-0.873263837144795,-1.2343855690777854,-1.0785044383346123,0,-0.6039107501479274,3,3,2,-1.072759774341207,0.1557070814399298,3,-0.8177339465973219,-0.6154915796172451,-0.0582848907973714,-0.8755809692540959,False,False,True,False,False,False,True,False,False,False,False,False,False,False,False,False,False,True,False,True,False,0.6666666666666666,600.0,0.6666666666666666,0,3.6666666666666665,0,5
0.1178448495313057,0,1,1.7168137103581556,0.0996387436715968,3,3,0,0.4974209740085685,3,2,3,0.706669727212561,1.10477776225088,0.1228606975723441,0,1.036019304133083,3,3,1,0.873299709346462,0.9316033855643254,3,-0.9810141559830952,-1.1676872598353414,-0.6791456840737199,-1.1559347102263289,False,True,False,False,False,False,True,False,False,True,False,False,False,False,False,False,False,False,False,True,False,0.0,517.0526315789474,0.0,1,3.0,0,3
0.0083429981969065,0,1,-0.8837645294223412,-1.010909342912418,4,2,0,-0.043850704976529,3,2,2,-0.012004255389108,0.1950562864223259,1.324225833479301,0,-0.8772324258614291,3,2,1,-0.4240732797786506,-0.6201892226844657,2,-0.1646131090542286,0.212801940709899,0.5625759024789769,-0.3148734873096303,False,True,False,False,True,False,False,False,False,False,False,False,False,True,False,False,False,False,False,True,False,0.5714285714285714,716.3333333333334,0.7142857142857143,1,2.0,1,8
1.3223652142096962,0,1,1.097038152736493,1.0867925984129432,4,4,1,-0.3882963188761366,2,5,3,2.7662867848432846,-1.7129274546325863,-0.6780493930322936,1,0.4893759527060795,3,3,1,2.559884595209108,1.707499689688721,3,3.917392125590105,1.3171933011460917,-0.6791456840737199,1.3672489585237668,False,True,False,False,True,False,False,False,False,False,False,False,False,False,True,False,False,False,True,False,False,0.0,609.4375,0.28125,2,3.333333333333333,0,6
-1.4151810691502822,0,1,-0.2763844829531117,1.7037637576262843,3,2,1,1.137105685536411,4,1,4,-0.8040991808387417,1.0283234933105534,-0.6780493930322936,1,-1.1505541015749308,3,2,2,-0.6835478776036732,0.1557070814399298,3,-0.1646131090542286,0.212801940709899,-0.3687152874355457,-0.0345197463373974,False,True,False,False,False,False,True,False,False,False,False,False,False,False,False,True,False,False,False,True,False,0.1428571428571428,389.2857142857143,0.7142857142857143,0,2.6666666666666665,0,0
-1.196177366481484,0,1,-0.2466352561872719,2.320734916839626,2,1,1,0.0053558112948434,3,2,2,-0.0492467626308291,-0.9676388733999552,-0.6780493930322936,0,1.3093409798465847,4,4,2,-0.6835478776036732,1.707499689688721,4,-0.3278933184400019,-0.339393739508197,-0.3687152874355457,-0.0345197463373974,False,False,True,False,False,True,False,False,False,False,False,False,False,False,False,False,True,False,False,True,False,0.1666666666666666,896.0,0.5,0,2.333333333333333,0,2
-1.4151810691502822,0,1,0.0508570114711262,0.9633983665702748,2,4,1,1.3831382668932737,2,1,2,-0.93136214844188,-0.7326544291568929,-0.6780493930322936,0,1.5826626555600865,4,4,1,-1.3322343721662295,-0.6201892226844657,3,-0.9810141559830952,-1.1676872598353414,-0.6791456840737199,-1.1559347102263289,False,True,False,False,False,False,False,True,False,False,False,True,False,False,False,False,False,False,False,True,False,0.0,1063.5,0.0,0,3.333333333333333,0,7
1.4318670655440953,0,2,1.0995172549669796,-0.7641208792270812,3,1,1,1.629170848250136,3,5,2,2.48920253096488,-0.8873899991997228,-0.6780493930322936,0,-1.1505541015749308,3,3,1,2.68962189412162,-0.6201892226844657,3,4.080672334975878,0.212801940709899,2.4251582823080224,0.8065414765793012,True,False,False,False,False,False,True,False,False,False,False,False,True,False,False,False,False,False,False,True,False,0.303030303030303,551.5151515151515,0.1515151515151515,2,2.0,1,4
-1.3056792178158831,0,1,-0.4474425368566906,0.4698214391996017,1,2,1,-1.2740136117608418,3,1,3,-0.937959392581842,1.695330773440681,-0.6780493930322936,0,-1.1505541015749308,3,3,0,-0.5538105786911619,-1.3960855268088614,3,-0.0013328996684553,-0.063295899399149,-0.6791456840737199,0.5261877356070683,False,False,True,False,False,False,True,False,False,False,False,False,False,False,False,False,False,True,False,True,False,0.0,262.0,0.5,0,2.6666666666666665,0,5
-1.4151810691502822,1,2,1.2011604464169323,-0.270543951856408,3,1,0,-0.5359158676902541,3,1,3,-0.7698360741763582,-0.0203929677789984,-0.6780493930322936,1,0.2160542769925777,3,4,1,-0.6835478776036732,0.9316033855643254,3,-0.1646131090542286,-0.339393739508197,-0.3687152874355457,-0.5952272282818631,False,True,False,False,True,False,False,False,False,False,False,True,False,False,False,False,False,False,False,True,False,0.1428571428571428,412.2857142857143,0.4285714285714285,0,2.6666666666666665,0,0
-0.7581699611438873,1,2,-0.8788063249613679,0.3464272073569334,4,2,1,0.3990079414658235,2,1,1,-0.9513666951888616,0.0220503947577268,-0.6780493930322936,0,0.7626976284195812,3,3,1,-1.3322343721662295,-0.6201892226844657,4,-0.9810141559830952,-1.1676872598353414,-0.6791456840737199,-1.1559347102263289,False,False,True,False,True,False,False,False,False,False,False,False,False,False,False,False,False,True,False,True,False,0.0,1016.5,0.0,0,2.0,1,5
-0.3201625558062908,0,1,-1.359752157675778,-1.010909342912418,2,2,1,0.841866587908176,2,1,4,-0.6132047294340341,1.1919131422931637,-0.6780493930322936,1,-0.6039107501479274,3,4,1,-0.6835478776036732,0.1557070814399298,3,-0.1646131090542286,0.212801940709899,-0.3687152874355457,-0.3148734873096303,False,True,False,False,True,False,False,False,False,False,False,False,False,False,False,True,False,False,False,True,False,0.1428571428571428,517.4285714285714,0.7142857142857143,1,3.333333333333333,0,0
-0.6486681098094882,1,1,1.394530420394891,0.4698214391996017,4,2,1,-0.9787745141326066,3,2,1,-0.4831751755786536,-0.3936696926052983,-0.2775943477299747,0,0.4893759527060795,3,3,0,-0.2943359808661394,-0.6201892226844657,1,-0.6544537372115486,-0.8915894197262932,-0.3687152874355457,-0.5952272282818631,False,False,True,False,False,False,True,False,False,False,False,False,False,False,False,False,True,False,True,False,False,0.25,423.3,0.25,1,2.0,1,2
-0.2106607044718917,0,1,-0.6556871242175693,1.950552221311621,2,1,1,-0.5851223839616266,2,2,4,-0.6006486841353967,-0.043441681209538,0.523315742874663,0,-0.3305890744344257,3,4,0,-0.2943359808661394,0.1557070814399298,3,-0.6544537372115486,-0.6154915796172451,-0.6791456840737199,-0.5952272282818631,False,True,False,False,False,False,False,True,False,False,False,True,False,False,False,False,False,False,False,False,True,0.0,368.1,0.5,1,3.0,0,7
-0.6486681098094882,0,1,-0.6879154532138958,-0.3939381836990763,4,1,1,0.0053558112948434,4,2,4,-0.2220519962324149,-1.1375528644824089,0.523315742874663,0,1.855984331273588,4,4,2,0.2246132147839056,0.9316033855643254,4,-0.0013328996684553,0.7649976209279952,0.8730062991171511,0.8065414765793012,False,False,True,False,False,False,True,False,False,False,False,False,False,False,False,False,True,False,True,False,False,0.625,390.0,0.875,1,3.0,0,2
-1.0866755151470848,0,1,-0.01112054429104,-0.3939381836990763,4,1,0,0.0053558112948434,2,1,3,-0.918593288816147,-1.307045232758206,-1.0785044383346123,0,-0.8772324258614291,3,3,2,-0.6835478776036732,1.707499689688721,2,-0.3278933184400019,-0.339393739508197,-0.6791456840737199,-0.3148734873096303,False,True,False,False,False,False,True,False,False,False,False,False,False,False,False,True,False,False,True,False,False,0.0,312.42857142857144,0.5,0,2.333333333333333,0,0
0.0083429981969065,0,1,-0.6061050796078363,-0.8875151110697495,3,4,1,0.448214457737196,3,2,3,0.6594249465973492,-1.5885487266690037,0.523315742874663,1,-1.1505541015749308,3,3,1,0.7435624104339507,0.1557070814399298,2,-0.6544537372115486,-1.1676872598353414,-0.3687152874355457,-1.1559347102263289,False,False,True,False,False,True,False,False,False,False,False,False,False,False,False,False,True,False,False,True,False,0.25,533.4444444444445,0.0,1,3.333333333333333,0,2
-1.8531884744878788,0,1,0.3880149148173107,-1.010909342912418,3,4,0,0.841866587908176,2,1,2,-0.7804767905311356,-0.359237163395041,-0.6780493930322936,0,-0.6039107501479274,3,4,0,-1.3322343721662295,-2.171981830933257,4,-0.9810141559830952,-1.1676872598353414,-0.6791456840737199,-1.1559347102263289,False,True,False,False,True,False,False,False,False,False,False,False,False,False,False,True,False,False,False,False,True,0.0,1418.0,0.0,0,3.333333333333333,0,0
0.5558522548689022,0,1,-0.4474425368566906,-0.8875151110697495,4,3,0,0.743453555365431,3,2,4,-0.5138204386804127,-1.207963873193996,-0.6780493930322936,0,-0.6039107501479274,3,2,2,-0.1645986819536281,0.9316033855643254,3,0.4885077284888646,-0.6154915796172451,-0.0582848907973714,-0.5952272282818631,False,True,False,False,True,False,False,False,False,True,False,False,False,False,False,False,False,False,False,True,False,0.1818181818181818,371.7272727272728,0.1818181818181818,1,3.0,0,3
0.6653541062033014,0,1,-0.0507861799788264,-0.3939381836990763,4,2,1,-0.7819484490471167,2,4,4,2.154445594443581,-1.6361921038211558,0.523315742874663,1,-0.3305890744344257,3,3,1,1.2625116060839956,0.1557070814399298,2,-0.9810141559830952,-1.1676872598353414,-0.6791456840737199,-1.1559347102263289,False,True,False,False,False,False,False,True,False,False,False,False,False,False,True,False,False,False,True,False,False,0.0,755.7727272727273,0.0,1,3.0,0,7
0.1178448495313057,0,1,-1.0920091167832198,-1.010909342912418,1,3,0,-1.1263940629467242,3,1,1,-0.8266574995108698,0.0348396198929653,0.1228606975723441,0,0.4893759527060795,3,4,0,-0.4240732797786506,0.1557070814399298,2,-1.1442943653688686,-1.1676872598353414,-0.6791456840737199,-1.1559347102263289,False,True,False,False,True,False,False,False,False,False,False,False,False,False,False,True,False,False,False,False,True,0.0,291.0,0.0,1,2.6666666666666665,0,0
0.6653541062033014,0,2,0.49213720849775,-0.0237554881710714,5,4,1,0.3005949089230785,3,2,3,-0.1754456585984897,0.7468199993997557,0.1228606975723441,1,-0.6039107501479274,3,2,1,-0.1645986819536281,0.1557070814399298,3,0.161947309717318,0.7649976209279952,0.5625759024789769,0.8065414765793012,False,True,False,False,False,False,True,False,False,False,False,True,False,False,False,False,False,False,True,False,False,0.4444444444444444,516.2727272727273,0.7777777777777778,1,3.0,0,0
1.2128633628752972,0,1,1.074726232662113,-1.010909342912418,4,4,0,-1.2740136117608418,2,4,1,1.8937480437515333,0.5177382744498804,1.7246808787816197,0,-1.1505541015749308,3,1,1,1.2625116060839956,0.1557070814399298,1,-0.6544537372115486,-0.6154915796172451,-0.6791456840737199,-0.5952272282818631,False,True,False,False,True,False,False,False,False,False,False,False,True,False,False,False,False,False,False,True,False,0.0,700.0909090909091,0.5,2,2.0,1,4
0.7748559575377005,0,1,0.7673175560817683,-1.010909342912418,4,1,0,-0.7819484490471167,2,2,3,-0.1103244745072517,1.7681309780566536,0.523315742874663,0,-1.1505541015749308,3,2,0,-0.1645986819536281,-1.3960855268088614,4,-0.8177339465973219,-0.6154915796172451,-0.6791456840737199,-0.5952272282818631,True,False,False,False,True,False,False,False,False,False,True,False,False,False,False,False,False,False,False,False,True,0.0,544.0909090909091,0.6666666666666666,1,2.0,1,1
-0.3201625558062908,0,1,-1.4837072692001108,0.59321567104227,3,3,0,-1.7168722582031943,3,1,3,-0.8351700725946918,-1.6023217383531068,-0.6780493930322936,1,0.7626976284195812,3,4,2,-0.4240732797786506,0.1557070814399298,3,0.161947309717318,-0.6154915796172451,-0.6791456840737199,0.5261877356070683,False,False,True,False,False,False,False,False,True,False,False,False,False,False,False,False,False,True,True,False,False,0.0,286.55555555555554,0.2222222222222222,1,3.333333333333333,0,5
-1.0866755151470848,1,1,1.5308810430716568,-0.8875151110697495,1,3,1,0.9402796204509212,3,1,1,-0.7368498534765481,0.2857051898534116,-1.0785044383346123,0,-1.1505541015749308,3,2,1,-0.8132851765161844,0.1557070814399298,3,-0.4911735278257753,-0.339393739508197,-0.6791456840737199,-0.5952272282818631,False,False,True,False,False,True,False,False,False,False,False,False,False,False,False,False,False,True,True,False,False,0.0,506.8333333333333,0.6,0,2.0,1,5
-1.7436866231534796,0,1,1.3399901713241846,1.5803695257836163,1,3,1,-0.8311549653184892,3,1,3,-0.6504472366757552,1.4238056859540804,-0.6780493930322936,0,-1.1505541015749308,3,3,0,-1.072759774341207,-0.6201892226844657,3,-0.6544537372115486,-0.6154915796172451,-0.3687152874355457,-0.5952272282818631,False,False,True,False,False,False,False,False,True,False,False,False,False,False,False,False,False,True,False,False,True,0.25,861.75,0.5,0,3.0,0,5
0.7748559575377005,0,1,1.2705753088705585,-0.7641208792270812,4,4,1,-1.5200461931177045,3,5,4,2.768627742441336,-0.6963948677844587,0.523315742874663,1,-0.8772324258614291,3,1,1,1.911198100646552,-0.6201892226844657,4,-0.8177339465973219,-0.6154915796172451,-0.6791456840737199,-0.8755809692540959,False,True,False,False,False,False,False,True,False,False,False,False,True,False,False,False,False,False,False,True,False,0.0,722.7037037037037,0.6666666666666666,1,3.0,0,7
-1.6341847718190805,0,1,-0.4920663770054503,-0.3939381836990763,1,1,1,0.1529753601089609,3,1,3,-0.7938840931381552,-0.3047072804008375,-1.0785044383346123,0,1.3093409798465847,4,4,0,-1.072759774341207,0.1557070814399298,3,-0.8177339465973219,-0.6154915796172451,-0.0582848907973714,-0.5952272282818631,False,True,False,False,False,False,True,False,False,False,False,False,False,False,False,True,False,False,False,True,False,0.6666666666666666,693.25,0.6666666666666666,0,2.6666666666666665,0,0
-0.42966440714069,0,1,1.02514418805238,-0.1471497200137397,4,3,1,-1.3232201280322142,3,2,3,0.1278147575126676,0.8598149115836206,-1.0785044383346123,0,-0.8772324258614291,3,4,0,-0.6835478776036732,0.1557070814399298,3,-0.3278933184400019,-1.1676872598353414,-0.3687152874355457,-0.5952272282818631,False,False,True,False,False,True,False,False,False,False,False,False,False,False,False,False,True,False,True,False,False,0.1666666666666666,1014.8571428571428,0.0,1,3.333333333333333,0,2
-0.5391662584750891,0,1,-0.387944083325011,-0.0237554881710714,4,1,0,1.2847252343505289,3,2,4,-0.0386060462760517,0.5306680405206708,-0.6780493930322936,1,-0.8772324258614291,3,4,1,-0.6835478776036732,-0.6201892226844657,2,-0.1646131090542286,-0.063295899399149,-0.6791456840737199,0.2458339946348354,False,True,False,False,True,False,False,False,False,False,False,False,False,False,False,True,False,False,False,True,False,0.0,903.1428571428572,0.5714285714285714,1,3.0,0,0
-0.7581699611438873,0,2,-1.5927877673415234,-0.7641208792270812,3,3,0,0.251388392651706,3,1,3,-0.940725978834084,1.1720968703803218,-0.6780493930322936,0,1.3093409798465847,4,3,1,-1.3322343721662295,-0.6201892226844657,3,-0.9810141559830952,-1.1676872598353414,-0.6791456840737199,-1.1559347102263289,False,True,False,False,False,False,True,False,False,False,False,False,False,False,False,True,False,False,True,False,False,0.0,1041.5,0.0,0,3.0,0,0
1.7603726195472926,0,1,-1.3994177933635643,-1.010909342912418,1,4,0,-1.569252709389077,3,2,1,0.3995786532136838,-0.9565361394913416,1.7246808787816197,0,1.3093409798465847,4,4,0,0.873299709346462,-0.6201892226844657,4,1.141628566031958,0.7649976209279952,1.8042974890316736,1.6476026994959998,False,False,True,False,False,False,True,False,False,False,False,False,False,False,False,False,True,False,False,False,True,0.5333333333333333,441.10526315789474,0.4666666666666667,2,3.0,0,2
-0.3201625558062908,0,1,1.473861691770464,-1.010909342912418,5,2,1,-1.1756005792180968,3,1,4,-0.8113348679599903,-0.9350333763518748,-0.6780493930322936,0,-0.8772324258614291,3,4,1,-0.1645986819536281,0.9316033855643254,2,0.4885077284888646,1.3171933011460917,1.8042974890316736,1.086895217551534,False,True,False,False,True,False,False,False,False,False,False,False,False,False,False,True,False,False,False,True,False,0.7272727272727273,244.63636363636363,0.8181818181818182,1,3.333333333333333,0,0
0.8843578088720997,1,2,-1.2308388416904723,2.073946453154289,4,1,0,1.6783773645215088,3,2,1,-0.4718960162425895,-1.2203314755225785,-0.2775943477299747,0,-0.3305890744344257,3,4,2,-0.8132851765161844,0.9316033855643254,3,-0.9810141559830952,-0.8915894197262932,-0.6791456840737199,-1.1559347102263289,False,False,True,False,True,False,False,False,False,False,False,False,False,False,False,False,True,False,False,True,False,0.0,714.3333333333334,0.5,1,2.0,1,2
-1.196177366481484,0,1,0.4673461861928835,-0.3939381836990763,3,3,0,0.251388392651706,3,1,4,-0.8181449264270478,0.4842895317884875,-0.6780493930322936,1,-0.6039107501479274,3,3,1,-1.072759774341207,-0.6201892226844657,3,-0.6544537372115486,-0.6154915796172451,-0.6791456840737199,-0.5952272282818631,False,True,False,False,True,False,False,False,False,False,False,True,False,False,False,False,False,False,False,True,False,0.0,664.75,0.5,0,3.333333333333333,0,0
0.0083429981969065,0,1,-0.7945168491248218,-0.7641208792270812,3,3,1,-1.4708396768463317,3,3,3,0.6236721396452969,-0.6615407157675451,-0.6780493930322936,0,-0.0572673987209239,3,3,1,-0.1645986819536281,-0.6201892226844657,3,0.4885077284888646,0.7649976209279952,1.4938670923934996,1.086895217551534,False,True,False,False,False,False,False,True,False,False,False,False,False,True,False,False,False,False,False,True,False,0.6363636363636364,857.6363636363636,0.6363636363636364,1,3.0,0,7
-0.8676718124782865,0,1,0.925980098832914,-0.7641208792270812,2,2,0,-0.1914702537906465,3,2,3,-0.2005577491957645,-1.521510700410666,-0.6780493930322936,0,-0.3305890744344257,3,1,1,-0.6835478776036732,1.707499689688721,2,-0.1646131090542286,-1.1676872598353414,-0.3687152874355457,-0.5952272282818631,False,False,True,False,False,False,True,False,False,False,False,False,False,False,False,False,True,False,False,True,False,0.1428571428571428,794.4285714285714,0.0,0,2.0,1,2
-0.2106607044718917,0,1,0.5318028441855365,-0.3939381836990763,4,2,1,0.7926600716368035,1,2,4,0.0303457957029061,0.7104198970917693,-0.6780493930322936,0,-0.6039107501479274,3,2,0,0.7435624104339507,0.1557070814399298,3,1.6314691941892778,1.8693889813641875,2.7355886789461965,1.086895217551534,False,True,False,False,True,False,False,False,False,False,False,False,False,False,False,True,False,False,False,False,True,0.6111111111111112,369.22222222222223,0.6111111111111112,1,2.6666666666666665,0,0
-0.42966440714069,0,2,1.223472366491312,-0.3939381836990763,3,3,1,-1.7660787744745667,3,2,4,0.2599724546390036,-1.2617910515104394,0.1228606975723441,0,2.1293060069870897,4,3,1,0.4840878126089281,-0.6201892226844657,1,0.9783483566461848,1.8693889813641875,0.5625759024789769,0.8065414765793012,False,True,False,False,True,False,False,False,False,True,False,False,False,False,False,False,False,False,True,False,False,0.2857142857142857,482.8125,0.7857142857142857,1,3.333333333333333,0,3
1.869874470881692,0,1,-1.0052405387161871,1.2101868302556114,4,3,1,1.0878991692650386,3,3,2,0.8984154359256508,-1.065876987350853,-0.2775943477299747,0,-0.0572673987209239,3,3,1,0.6138251115214394,-1.3960855268088614,4,0.3252275191030913,0.7649976209279952,1.4938670923934996,-0.8755809692540959,True,False,False,False,False,False,True,False,False,False,True,False,False,False,False,False,False,False,False,True,False,0.7,630.8823529411765,0.7,2,2.6666666666666665,0,1
-0.1011588531374925,0,1,0.2739762122149248,-0.0237554881710714,2,2,1,-0.8803614815898617,2,2,2,0.4987501296402096,-0.053279546698183,-0.2775943477299747,1,-1.1505541015749308,3,3,1,0.2246132147839056,-0.6201892226844657,3,-0.6544537372115486,-0.6154915796172451,-0.6791456840737199,-0.5952272282818631,False,True,False,False,False,False,True,False,False,False,False,False,False,True,False,False,False,False,True,False,False,0.0,631.9285714285714,0.5,1,2.333333333333333,0,8
-1.0866755151470848,0,1,0.7747548627732282,-0.7641208792270812,4,1,1,-0.5851223839616266,2,1,4,-0.9488129232637148,0.1209912133863846,-1.0785044383346123,0,-0.6039107501479274,3,4,0,-0.8132851765161844,-2.171981830933257,3,-0.4911735278257753,-0.6154915796172451,-0.3687152874355457,-0.8755809692540959,False,True,False,False,False,False,True,False,False,False,False,False,False,False,False,True,False,False,False,False,True,0.2,340.8333333333333,0.4,0,3.0,0,0
-1.8531884744878788,1,1,1.387093113703431,0.0996387436715968,1,4,1,-1.6676657419318217,3,1,3,-1.0898109275376,1.7828877762896211,-0.6780493930322936,1,-1.1505541015749308,3,4,0,-1.3322343721662295,1.707499689688721,3,-0.9810141559830952,-1.1676872598353414,-0.3687152874355457,-0.8755809692540959,False,True,False,False,False,False,True,False,False,False,False,False,False,False,False,True,False,False,False,False,True,0.5,504.5,0.0,0,3.6666666666666665,0,0
-0.42966440714069,1,2,0.6780698757842488,-0.7641208792270812,3,1,1,0.2021818763803334,3,1,1,-0.6715158550582145,-1.566905422593985,-0.6780493930322936,1,-1.1505541015749308,3,1,0,-0.1645986819536281,0.1557070814399298,3,0.4885077284888646,1.041095461037043,2.114727885669848,0.8065414765793012,False,True,False,False,True,False,False,False,False,False,False,False,False,False,False,True,False,False,False,False,True,0.8181818181818182,304.3636363636364,0.7272727272727273,1,1.0,1,0
-0.2106607044718917,0,0,-0.1871368026555923,-0.7641208792270812,3,3,1,-1.2248070954894692,2,1,3,-1.0898109275376,0.3635648681492588,-0.6780493930322936,0,0.7626976284195812,3,3,2,-1.3322343721662295,0.1557070814399298,3,-0.9810141559830952,-1.1676872598353414,-0.6791456840737199,-1.1559347102263289,False,True,False,False,True,False,False,False,False,False,False,True,False,False,False,False,False,False,False,True,False,0.0,640.5,0.0,1,3.0,0,0
-1.5246829204846812,0,1,0.2045613497612985,-0.6407266473844129,3,1,1,-0.3882963188761366,4,1,1,-0.78409463409176,-0.8107951893238443,-0.2775943477299747,0,0.2160542769925777,3,1,1,-0.8132851765161844,0.1557070814399298,4,-0.6544537372115486,-0.6154915796172451,-0.6791456840737199,-0.5952272282818631,False,True,False,False,False,False,True,False,False,False,False,False,False,False,False,True,False,False,False,True,False,0.0,469.8333333333333,0.5,0,1.0,1,0
-1.3056792178158831,0,1,0.0186286824747997,-0.1471497200137397,3,4,1,-0.4375028351475091,4,2,2,-0.3516559214336043,0.1918238449046283,-1.0785044383346123,0,1.855984331273588,4,3,1,-0.9430224754286956,0.9316033855643254,3,-0.6544537372115486,-0.6154915796172451,-0.3687152874355457,-0.5952272282818631,False,False,True,False,True,False,False,False,False,False,False,False,False,False,False,False,True,False,False,True,False,0.25,970.2,0.5,0,3.0,0,2
0.1178448495313057,0,1,-1.387022282211131,-0.270543951856408,4,4,0,-0.9787745141326066,2,2,4,-0.5268021126332412,-0.9166225137945536,-1.0785044383346123,0,1.3093409798465847,4,1,0,-0.4240732797786506,-0.6201892226844657,3,-0.0013328996684553,0.7649976209279952,-0.6791456840737199,0.2458339946348354,False,False,True,False,False,True,False,False,False,False,False,False,False,False,False,False,True,False,False,False,True,0.0,447.55555555555554,0.875,1,3.0,0,2
-0.8676718124782865,0,2,0.0087122735528531,-1.010909342912418,4,2,1,0.4974209740085685,1,1,4,-0.8051632524742194,0.6529386544509724,-0.6780493930322936,0,0.7626976284195812,3,4,1,-0.1645986819536281,1.707499689688721,3,0.4885077284888646,0.7649976209279952,-0.0582848907973714,1.086895217551534,False,True,False,False,True,False,False,False,False,False,False,False,False,False,False,True,False,False,True,False,False,0.1818181818181818,247.27272727272728,0.6363636363636364,0,3.333333333333333,0,0
1.2128633628752972,0,1,0.0359823980882062,-0.8875151110697495,1,2,1,-0.4867093514188816,4,2,2,0.3440341138417455,0.6020628357811229,0.1228606975723441,0,-0.8772324258614291,3,4,0,0.0948759158713943,0.1557070814399298,3,-0.8177339465973219,-0.6154915796172451,-0.0582848907973714,-0.5952272282818631,False,False,True,False,False,True,False,False,False,False,False,False,False,False,False,False,True,False,False,True,False,0.6666666666666666,624.6153846153846,0.6666666666666666,2,2.6666666666666665,0,2
-1.0866755151470848,0,2,1.5060900207667902,-0.7641208792270812,1,4,0,0.251388392651706,4,2,4,-0.3950700441610963,0.3316620757789387,-0.6780493930322936,1,1.3093409798465847,4,2,2,-0.6835478776036732,0.1557070814399298,3,-0.1646131090542286,0.212801940709899,-0.6791456840737199,-0.0345197463373974,False,False,True,False,False,False,True,False,False,False,False,False,False,False,False,False,True,False,True,False,False,0.0,663.8571428571429,0.7142857142857143,0,3.333333333333333,0,2
0.0083429981969065,0,1,1.04745610812676,0.0996387436715968,2,4,1,0.6942470390940585,4,1,4,-0.3880471713669432,0.1291425876484048,0.1228606975723441,0,0.4893759527060795,3,1,0,-0.9430224754286956,-0.6201892226844657,3,-0.9810141559830952,-1.1676872598353414,-0.6791456840737199,-1.1559347102263289,False,True,False,False,True,False,False,False,False,False,False,False,False,False,False,True,False,False,False,False,True,0.0,936.0,0.0,1,3.0,0,0
1.4318670655440953,0,1,1.0028322679780002,2.320734916839626,1,4,1,0.3990079414658235,4,1,3,-0.6985432745993493,-1.5482134781655594,-0.6780493930322936,1,-1.1505541015749308,3,3,3,1.1327743071714844,0.1557070814399298,3,2.1213098223465976,1.041095461037043,0.2521455058408027,1.086895217551534,False,True,False,False,False,False,True,False,False,False,False,True,False,False,False,False,False,False,False,True,False,0.1428571428571428,153.38095238095238,0.3809523809523809,2,3.333333333333333,0,0
-0.3201625558062908,0,1,1.5854212921423632,-0.0237554881710714,3,4,0,-0.9787745141326066,2,3,2,0.4506540917166155,0.4695327335555201,-0.6780493930322936,0,-0.3305890744344257,3,2,0,-0.2943359808661394,0.1557070814399298,4,0.161947309717318,0.7649976209279952,1.4938670923934996,0.8065414765793012,False,True,False,False,False,False,True,False,False,True,False,False,False,False,False,False,False,False,False,False,True,0.7777777777777778,862.1,0.7777777777777778,1,2.6666666666666665,0,3
-1.4151810691502822,1,1,-0.2714262784921384,-0.7641208792270812,2,1,0,-0.043850704976529,3,2,3,-0.4099670470577848,1.4717301449773366,2.5255909693862573,0,-0.3305890744344257,3,1,0,-0.9430224754286956,0.1557070814399298,3,-0.8177339465973219,-0.6154915796172451,-0.0582848907973714,-1.1559347102263289,False,False,True,False,True,False,False,False,False,False,False,False,False,False,False,False,True,False,False,False,True,0.6666666666666666,915.4,0.6666666666666666,0,1.6666666666666667,1,2
0.2273467008657048,0,1,-0.977970414180834,-0.8875151110697495,4,4,0,0.6942470390940585,2,2,3,-0.4150745909080779,0.9366908033306032,-0.6780493930322936,0,-1.1505541015749308,3,1,0,1.1327743071714844,0.9316033855643254,3,2.1213098223465976,0.7649976209279952,2.7355886789461965,1.6476026994959998,False,True,False,False,False,False,False,False,True,True,False,False,False,False,False,False,False,False,False,False,True,0.5238095238095238,216.8095238095238,0.3333333333333333,1,2.6666666666666665,0,3
-0.5391662584750891,0,1,0.3136418479027112,0.0996387436715968,3,4,1,-0.5359158676902541,3,2,4,-0.2356721131665301,1.0385829816058545,-0.6780493930322936,0,-0.8772324258614291,3,4,0,-0.1645986819536281,-0.6201892226844657,2,0.4885077284888646,0.7649976209279952,-0.6791456840737199,1.086895217551534,False,False,True,False,False,True,False,False,False,False,False,False,False,False,False,False,True,False,False,False,True,0.0,490.54545454545456,0.6363636363636364,1,4.0,0,2
1.4318670655440953,1,2,-0.5961886706858897,-0.1471497200137397,2,2,1,-0.7819484490471167,3,2,3,0.0622679447672385,1.2843890778864262,0.1228606975723441,1,-0.3305890744344257,3,1,1,0.873299709346462,0.9316033855643254,3,-0.4911735278257753,-0.339393739508197,-0.3687152874355457,-0.3148734873096303,False,False,True,False,False,False,False,False,True,False,False,False,False,False,False,False,True,False,False,True,False,0.2,357.6842105263158,0.6,2,2.0,1,2
0.1178448495313057,0,1,0.0607734203930728,-1.010909342912418,4,2,0,-1.6184592256604493,4,2,4,0.2386910219294487,0.7125280111250505,-1.0785044383346123,0,-0.6039107501479274,3,3,0,-0.1645986819536281,0.9316033855643254,2,0.3252275191030913,0.7649976209279952,-0.3687152874355457,1.086895217551534,False,True,False,False,True,False,False,False,False,True,False,False,False,False,False,False,False,False,False,False,True,0.1,693.1818181818181,0.7,1,3.0,0,3
-1.0866755151470848,0,1,-0.4821499680835037,-1.010909342912418,2,3,0,0.1037688438375884,3,3,1,0.1933615702580967,-1.1670664609483437,-0.6780493930322936,0,-1.1505541015749308,3,4,0,-0.2943359808661394,0.1557070814399298,3,0.3252275191030913,0.7649976209279952,-0.6791456840737199,0.8065414765793012,False,True,False,False,True,False,False,False,False,False,False,False,False,True,False,False,False,False,False,True,False,0.0,741.2,0.7,0,2.6666666666666665,0,8
-0.5391662584750891,0,1,0.5342819464160231,-0.7641208792270812,2,3,0,-1.3232201280322142,3,3,4,0.990776853885119,0.7111226017695297,0.1228606975723441,0,-0.0572673987209239,3,4,0,-0.1645986819536281,2.4833959938131165,3,-0.0013328996684553,0.7649976209279952,1.4938670923934996,0.8065414765793012,False,True,False,False,True,False,False,False,False,False,False,False,False,False,True,False,False,False,False,False,True,0.875,1014.4545454545456,0.875,1,3.6666666666666665,0,6
1.103361511540898,0,1,-0.2466352561872719,0.59321567104227,4,4,1,-1.1756005792180968,3,2,1,-0.3284591597801894,-0.3496803797775002,-0.2775943477299747,0,-0.8772324258614291,3,4,0,1.1327743071714844,-0.6201892226844657,3,-0.0013328996684553,0.7649976209279952,-0.3687152874355457,0.8065414765793012,False,False,True,False,False,True,False,False,False,False,False,False,False,False,False,False,True,False,False,False,True,0.125,236.1904761904762,0.875,2,3.0,0,2
0.3368485522001039,0,2,-0.55156483053713,-0.5173324155417446,4,4,1,-0.8803614815898617,2,3,1,0.8452118541517635,1.3293621772630888,0.9237707881769818,1,1.5826626555600865,4,3,1,1.1327743071714844,-0.6201892226844657,3,1.794749403575051,2.421584661582284,-0.3687152874355457,2.2083101814404653,False,False,True,False,True,False,False,False,False,False,False,False,False,False,False,False,True,False,False,True,False,0.0526315789473684,498.8095238095238,0.6842105263157895,1,2.6666666666666665,0,2
1.7603726195472926,0,1,0.4152850393526638,-0.270543951856408,3,3,1,-0.3390898026047641,4,4,3,1.768613219419351,-0.1123067396300527,0.1228606975723441,0,1.036019304133083,3,3,0,2.68962189412162,0.1557070814399298,3,-0.3278933184400019,-0.8915894197262932,-0.3687152874355457,-0.3148734873096303,False,True,False,False,True,False,False,False,False,False,False,False,False,False,True,False,False,False,False,True,False,0.1666666666666666,448.9090909090909,0.1666666666666666,2,3.0,0,6
0.4463504035345031,0,1,-0.9308674718015876,0.0996387436715968,4,2,1,0.349801425194451,2,5,4,2.689460812761792,-0.7662437127538378,0.1228606975723441,0,-0.0572673987209239,3,2,3,1.5219862039090182,-0.6201892226844657,2,2.284590031732371,0.4888997808189471,3.0460190755843706,0.5261877356070683,True,False,False,True,False,False,False,False,False,False,False,False,True,False,False,False,False,False,True,False,False,0.5454545454545454,797.5416666666666,0.2727272727272727,1,2.6666666666666665,0,1
2.526885578888087,0,1,0.933417405524374,0.8400041347276065,4,1,1,0.8910731041795485,3,2,1,-0.2337567842226701,-0.3357668271578452,2.1251359240839385,0,-0.3305890744344257,3,4,0,-0.1645986819536281,-1.3960855268088614,3,-0.8177339465973219,-0.6154915796172451,-0.0582848907973714,-0.5952272282818631,False,False,True,False,False,True,False,False,False,False,False,False,False,False,False,False,True,False,False,False,True,0.6666666666666666,491.3636363636364,0.6666666666666666,2,2.0,1,2
-1.0866755151470848,0,2,-1.2605880684563122,0.0996387436715968,2,4,1,-1.6676657419318217,3,3,1,0.4872581559770499,-1.3357155836108283,-0.6780493930322936,0,1.5826626555600865,4,3,2,-0.2943359808661394,0.9316033855643254,2,0.3252275191030913,0.7649976209279952,-0.3687152874355457,0.8065414765793012,False,True,False,False,True,False,False,False,False,False,False,False,False,True,False,False,False,False,True,False,False,0.1,879.3,0.7,0,2.6666666666666665,0,8
0.4463504035345031,0,1,-1.2110060238465792,-1.010909342912418,3,4,1,-0.3390898026047641,2,5,3,2.6996759004623776,0.7376848385888711,-0.6780493930322936,0,-0.8772324258614291,3,2,1,1.392248904996507,0.1557070814399298,3,2.447870241118145,0.7649976209279952,-0.0582848907973714,1.6476026994959998,True,False,False,True,False,False,False,False,False,False,False,False,True,False,False,False,False,False,False,True,False,0.0869565217391304,834.304347826087,0.3043478260869565,1,3.0,0,1
1.4318670655440953,0,1,-1.206047819385606,-0.1471497200137397,4,4,1,-0.5851223839616266,3,1,2,-0.5593627046788602,-0.6085567830644145,1.7246808787816197,0,-0.0572673987209239,3,4,1,-0.9430224754286956,-0.6201892226844657,3,-0.8177339465973219,-0.6154915796172451,-0.0582848907973714,-0.5952272282818631,False,False,True,False,False,True,False,False,False,False,False,False,False,False,False,False,False,True,False,True,False,0.6666666666666666,775.0,0.6666666666666666,2,3.333333333333333,0,5
-0.9771736638126856,1,1,-0.3681112654811178,-1.010909342912418,2,1,0,0.0545623275662159,1,1,2,-0.912421673330376,-1.4674024402231187,1.7246808787816197,1,-0.6039107501479274,3,4,0,-0.1645986819536281,0.9316033855643254,3,-0.0013328996684553,0.7649976209279952,0.2521455058408027,0.8065414765793012,False,True,False,False,True,False,False,False,False,False,False,False,False,False,False,True,False,False,False,False,True,0.375,201.45454545454547,0.875,0,2.333333333333333,0,0
-0.1011588531374925,0,0,-0.9308674718015876,-0.1471497200137397,3,1,0,-0.142263737519274,4,3,1,1.108675991096053,0.8463229817706218,2.5255909693862573,0,-0.3305890744344257,3,1,1,-0.1645986819536281,-0.6201892226844657,3,0.161947309717318,0.7649976209279952,-0.6791456840737199,0.2458339946348354,False,True,False,False,True,False,False,False,False,False,False,False,False,False,True,False,False,False,False,True,False,0.0,1064.8181818181818,0.7777777777777778,1,1.0,1,6
0.1178448495313057,0,1,-1.57295494949763,-1.010909342912418,3,3,0,0.743453555365431,3,3,3,0.2889152031239982,0.1523318420144964,0.523315742874663,1,-0.3305890744344257,3,4,0,-0.1645986819536281,0.9316033855643254,4,-0.9810141559830952,-1.1676872598353414,-0.6791456840737199,-1.1559347102263289,False,True,False,False,True,False,False,False,False,False,False,False,False,True,False,False,False,False,False,False,True,0.0,714.6363636363636,0.0,1,3.333333333333333,0,8
0.7748559575377005,0,0,-1.0449061744039736,1.827157989468953,3,1,1,-0.8311549653184892,1,1,3,-0.594902697303817,-1.71587881427918,-0.2775943477299747,0,-0.3305890744344257,3,3,0,-0.2943359808661394,1.707499689688721,3,-0.3278933184400019,-0.6154915796172451,-0.3687152874355457,-0.0345197463373974,False,True,False,False,False,False,True,False,False,False,False,True,False,False,False,False,False,False,False,False,True,0.1666666666666666,370.8,0.3333333333333333,1,2.333333333333333,0,0
1.103361511540898,0,2,-1.4514789402037842,-0.7641208792270812,3,4,0,-0.8311549653184892,3,4,3,1.5464350619315976,-0.5745458766608134,2.5255909693862573,1,-0.8772324258614291,3,4,2,2.1706726984715745,-0.6201892226844657,2,2.447870241118145,-0.6154915796172451,2.7355886789461965,2.488663922412698,False,False,True,False,False,False,True,False,False,False,False,False,False,False,False,False,True,False,True,False,False,0.4782608695652174,474.82758620689657,0.0869565217391304,2,3.6666666666666665,0,2
-0.7581699611438873,0,1,-0.7474139067455754,2.197340684996958,5,3,1,1.629170848250136,3,2,4,-0.2552510312593206,1.5405952033978512,1.7246808787816197,0,2.1293060069870897,4,4,1,-0.1645986819536281,-0.6201892226844657,2,0.161947309717318,0.7649976209279952,1.4938670923934996,0.8065414765793012,False,False,True,False,False,True,False,False,False,False,False,False,False,False,False,False,True,False,True,False,False,0.7777777777777778,482.1818181818182,0.7777777777777778,0,3.6666666666666665,0,2
-0.8676718124782865,0,1,1.4713825895399772,0.0996387436715968,3,3,1,1.629170848250136,3,1,3,-0.8217627699876722,-1.6243866652347818,-0.6780493930322936,0,-1.1505541015749308,3,3,0,-1.3322343721662295,2.4833959938131165,3,-0.9810141559830952,-1.1676872598353414,-0.6791456840737199,-1.1559347102263289,False,False,True,False,True,False,False,False,False,False,False,False,False,False,False,False,False,True,False,False,True,0.0,1321.0,0.0,0,3.0,0,5
0.5558522548689022,1,2,0.3235582568246578,1.2101868302556114,3,3,1,-0.4375028351475091,4,1,3,-0.796863493717493,0.8506797507727359,1.324225833479301,1,-0.8772324258614291,3,4,0,-0.5538105786911619,-0.6201892226844657,3,-0.8177339465973219,-0.6154915796172451,-0.0582848907973714,-0.5952272282818631,False,True,False,False,False,False,True,False,False,False,False,False,False,False,False,True,False,False,True,False,False,0.6666666666666666,344.875,0.6666666666666666,1,3.333333333333333,0,0
0.6653541062033014,0,2,-0.068139895592233,0.7166099028849382,3,4,1,-0.929567997861234,2,2,4,0.0639704593840029,1.3168540339989545,0.1228606975723441,0,0.7626976284195812,3,3,1,-0.5538105786911619,1.707499689688721,3,-0.8177339465973219,-0.6154915796172451,-0.0582848907973714,-0.5952272282818631,False,False,True,False,True,False,False,False,False,False,False,False,False,False,False,False,True,False,False,True,False,0.6666666666666666,850.5,0.6666666666666666,1,3.6666666666666665,0,2
-0.3201625558062908,0,1,0.4152850393526638,-0.1471497200137397,2,2,0,1.4815512994360187,3,2,3,-0.0769126251532505,-0.977195657017496,0.1228606975723441,0,-1.1505541015749308,3,4,0,-0.1645986819536281,-0.6201892226844657,3,-0.3278933184400019,-0.8915894197262932,0.5625759024789769,-0.3148734873096303,False,True,False,False,False,False,True,False,False,True,False,False,False,False,False,False,False,False,False,False,True,0.6666666666666666,558.3636363636364,0.1666666666666666,1,3.0,0,3
-1.5246829204846812,0,1,-0.3780276744030644,-0.0237554881710714,1,2,1,-1.4216331605749593,3,1,1,-0.8519824044352401,-1.4010671186425414,-0.6780493930322936,0,-0.3305890744344257,3,4,1,-0.8132851765161844,-0.6201892226844657,4,-0.4911735278257753,-0.339393739508197,-0.6791456840737199,-0.5952272282818631,False,True,False,False,False,False,True,False,False,False,False,True,False,False,False,False,False,False,False,True,False,0.0,416.6666666666667,0.6,0,2.333333333333333,0,0
0.2273467008657048,0,1,-1.6398907097207698,-0.7641208792270812,3,3,0,-1.0771875466753518,4,2,2,-0.0243474863606499,0.6259547948249748,2.5255909693862573,0,-0.0572673987209239,3,3,1,0.0948759158713943,0.1557070814399298,1,0.161947309717318,-0.339393739508197,0.2521455058408027,0.5261877356070683,True,False,False,True,False,False,False,False,False,False,True,False,False,False,False,False,False,False,False,True,False,0.3333333333333333,491.46153846153845,0.3333333333333333,1,2.6666666666666665,0,1
2.08887817355049,0,1,0.073168931545506,-0.0237554881710714,3,3,1,0.743453555365431,3,4,4,0.9788592515677684,0.8582689612925478,1.7246808787816197,0,-1.1505541015749308,3,3,0,2.430147296296597,-1.3960855268088614,2,0.4885077284888646,0.7649976209279952,-0.3687152874355457,-0.8755809692540959,False,True,False,False,False,False,True,False,False,True,False,False,False,False,False,False,False,False,False,True,False,0.0909090909090909,358.16129032258067,0.6363636363636364,2,3.333333333333333,0,3
0.3368485522001039,0,1,0.0037540690918798,-0.8875151110697495,1,4,0,0.9894861367222936,2,1,4,-0.8856070681163369,1.2108861685926933,-1.0785044383346123,1,1.3093409798465847,4,4,0,-0.8132851765161844,-0.6201892226844657,2,-0.4911735278257753,-0.6154915796172451,-0.0582848907973714,-0.3148734873096303,False,True,False,False,False,False,True,False,False,False,False,False,False,False,False,True,False,False,False,False,True,0.4,390.3333333333333,0.4,1,4.0,0,0
-1.0866755151470848,0,1,0.4276805505050971,-0.270543951856408,3,4,0,-0.5359158676902541,2,2,1,0.0654601596736717,1.2767998673666143,2.1251359240839385,0,1.036019304133083,3,1,0,-0.2943359808661394,-0.6201892226844657,1,-0.0013328996684553,0.4888997808189471,-0.6791456840737199,0.8065414765793012,False,True,False,False,False,False,True,False,False,True,False,False,False,False,False,False,False,False,False,False,True,0.0,681.1,0.75,0,2.0,1,3
-0.8676718124782865,0,1,0.712777307011062,0.0996387436715968,3,4,1,0.841866587908176,3,1,2,-0.8951837128356366,0.5135220463833182,-0.6780493930322936,0,-0.3305890744344257,3,4,2,-1.202497073253718,-0.6201892226844657,3,-0.8177339465973219,-0.6154915796172451,-0.0582848907973714,-0.5952272282818631,False,False,True,False,False,True,False,False,False,False,False,False,False,False,False,False,False,True,True,False,False,0.6666666666666666,765.6666666666666,0.6666666666666666,0,3.333333333333333,0,5
1.7603726195472926,0,1,-1.1316747524710062,-0.3939381836990763,3,4,1,0.9894861367222936,3,2,4,-0.8626231207900176,-0.4770104673876763,-0.2775943477299747,0,0.4893759527060795,3,4,0,1.0030370082589732,0.9316033855643254,3,-0.8177339465973219,-0.6154915796172451,-0.0582848907973714,-0.5952272282818631,False,True,False,False,True,False,False,False,False,False,False,True,False,False,False,False,False,False,False,False,True,0.6666666666666666,122.5,0.6666666666666666,2,4.0,0,0
-0.2106607044718917,0,0,1.04745610812676,-0.8875151110697495,4,4,0,-0.2406767700620191,3,2,1,-0.3001548542764815,-1.342461548517328,-0.2775943477299747,0,-1.1505541015749308,3,1,1,0.6138251115214394,-0.6201892226844657,4,-0.9810141559830952,-1.1676872598353414,-0.6791456840737199,-1.1559347102263289,False,True,False,False,True,False,False,False,False,True,False,False,False,False,False,False,False,False,True,False,False,0.0,299.5882352941176,0.0,1,2.0,1,3
-0.5391662584750891,0,2,-0.9234301651101277,1.827157989468953,4,1,1,0.6942470390940585,3,2,4,-0.2541869596238428,0.9603016805033512,-0.6780493930322936,0,-0.0572673987209239,3,4,2,-0.1645986819536281,-0.6201892226844657,3,0.4885077284888646,1.041095461037043,0.5625759024789769,0.8065414765793012,False,True,False,False,True,False,False,False,False,False,False,True,False,False,False,False,False,False,False,True,False,0.3636363636363636,482.6363636363636,0.7272727272727273,1,3.0,0,0
0.1178448495313057,0,1,-1.325044726448965,-0.8875151110697495,5,4,1,1.2847252343505289,3,1,3,-0.7334448242430194,0.8654365490057034,1.324225833479301,1,-0.6039107501479274,3,2,1,-0.6835478776036732,-2.171981830933257,1,-0.9810141559830952,-1.1676872598353414,-0.6791456840737199,-0.8755809692540959,False,True,False,False,False,False,True,False,False,False,False,False,False,False,False,True,False,False,False,True,False,0.0,436.7142857142857,0.0,1,3.0,0,0
-0.3201625558062908,0,1,-1.575434051728117,-0.1471497200137397,5,2,0,-1.6676657419318217,3,2,1,-0.2941960531178061,-1.4231320455242165,0.1228606975723441,0,-0.3305890744344257,3,3,1,-0.5538105786911619,0.1557070814399298,3,-1.1442943653688686,-1.1676872598353414,-0.6791456840737199,-1.1559347102263289,False,True,False,False,True,False,False,False,False,False,False,False,False,True,False,False,False,False,True,False,False,0.0,640.125,0.0,1,2.0,1,8
1.6508707682128936,0,1,-0.4499216390871772,-0.7641208792270812,4,3,1,-1.7168722582031943,2,4,1,2.203180075348462,-0.5943621485736553,-0.6780493930322936,0,-1.1505541015749308,3,1,0,2.949096491946642,0.1557070814399298,4,4.407232753747424,0.4888997808189471,-0.3687152874355457,3.329725145329397,False,False,True,False,False,True,False,False,False,False,False,False,True,False,False,False,False,False,False,True,False,0.0285714285714285,481.6,0.1714285714285714,2,1.6666666666666667,1,4
-0.42966440714069,1,1,-0.6829572487529224,-1.010909342912418,4,4,1,-0.142263737519274,3,1,4,-0.812398939595468,-1.2797802912611045,-0.6780493930322936,1,-0.6039107501479274,3,3,0,-0.1645986819536281,-0.6201892226844657,2,0.4885077284888646,1.3171933011460917,1.4938670923934996,1.086895217551534,False,True,False,False,False,False,False,True,False,False,False,False,False,False,False,True,False,False,False,False,True,0.6363636363636364,244.1818181818182,0.8181818181818182,1,3.6666666666666665,0,7
-1.3056792178158831,0,1,0.1996031453003252,2.073946453154289,1,3,0,-1.6676657419318217,3,2,4,-0.0688256807236196,1.1937401744553406,-0.6780493930322936,0,2.1293060069870897,4,2,0,-0.6835478776036732,1.707499689688721,2,-0.1646131090542286,0.212801940709899,-0.3687152874355457,-0.0345197463373974,False,False,True,False,False,False,True,False,False,False,False,False,False,False,False,False,True,False,False,False,True,0.1428571428571428,882.8571428571429,0.7142857142857143,0,3.0,0,2
0.8843578088720997,0,1,0.3756194036648774,-0.8875151110697495,2,2,1,-0.9787745141326066,1,2,3,0.0273663951235685,-0.2705558330616844,-1.0785044383346123,0,-0.6039107501479274,3,1,0,-0.2943359808661394,0.1557070814399298,3,0.161947309717318,0.7649976209279952,0.2521455058408027,-0.8755809692540959,False,False,True,False,False,False,False,False,True,False,False,False,False,False,False,False,False,True,False,False,True,0.3333333333333333,663.2,0.7777777777777778,1,2.0,1,5
-1.5246829204846812,0,1,-1.2209224327685255,0.0996387436715968,1,1,1,0.645040522822686,4,1,3,-0.6381040057042133,0.7472416222064119,-0.6780493930322936,0,0.7626976284195812,3,4,0,-1.202497073253718,0.1557070814399298,3,-0.8177339465973219,-0.6154915796172451,-0.6791456840737199,-0.5952272282818631,False,True,False,False,False,False,True,False,False,False,False,False,False,False,False,True,False,False,False,False,True,0.0,1168.3333333333333,0.6666666666666666,0,2.6666666666666665,0,0
1.103361511540898,1,2,-0.2069696204994855,2.197340684996958,2,2,0,0.5466274902799411,4,2,3,-0.0226449717438855,-0.5585242100078773,0.523315742874663,1,-0.8772324258614291,3,4,0,-0.4240732797786506,-0.6201892226844657,3,-0.3278933184400019,-0.063295899399149,-0.3687152874355457,-0.3148734873096303,False,False,True,False,True,False,False,False,False,False,False,False,False,False,False,False,True,False,False,False,True,0.1666666666666666,710.7777777777778,0.6666666666666666,2,3.0,0,2
-0.3201625558062908,0,1,-1.2357970461514456,-0.8875151110697495,3,4,1,-0.2898832863333916,3,2,4,-0.048821133976638,0.6145709790452571,-0.6780493930322936,0,1.855984331273588,4,3,0,-0.6835478776036732,1.707499689688721,3,-0.1646131090542286,0.212801940709899,-0.3687152874355457,-0.0345197463373974,False,False,True,False,False,False,False,True,False,False,False,False,False,False,False,False,True,False,False,False,True,0.1428571428571428,896.2857142857143,0.7142857142857143,1,3.6666666666666665,0,7
1.979376322216091,1,1,-0.1920950071165655,-0.8875151110697495,3,4,1,0.5958340065513135,3,5,1,2.7927417338445326,0.9677503500876108,0.9237707881769818,1,-0.6039107501479274,3,4,1,1.6517235028215294,-0.6201892226844657,3,-0.3278933184400019,-0.6154915796172451,-0.3687152874355457,-0.0345197463373974,False,True,False,False,False,False,True,False,False,False,False,False,True,False,False,False,False,False,False,True,False,0.1666666666666666,794.36,0.3333333333333333,2,3.0,0,4
-0.1011588531374925,0,0,1.5655884742984698,-0.1471497200137397,4,1,1,0.4974209740085685,2,3,1,0.2306040774998178,-0.0118199707103221,-0.6780493930322936,0,-0.0572673987209239,3,2,0,-0.1645986819536281,-1.3960855268088614,3,0.4885077284888646,0.7649976209279952,-0.6791456840737199,1.3672489585237668,False,False,True,False,True,False,False,False,False,False,False,False,False,False,False,False,True,False,False,False,True,0.0,689.7272727272727,0.6363636363636364,1,1.3333333333333333,1,2
1.6508707682128936,0,0,-0.2168860294214321,1.2101868302556114,4,4,1,-1.2248070954894692,3,1,4,-0.4778548174012649,1.725265992713272,-1.0785044383346123,0,0.7626976284195812,3,1,1,-0.8132851765161844,0.1557070814399298,3,-0.4911735278257753,-0.339393739508197,-0.3687152874355457,-0.5952272282818631,False,True,False,False,False,False,True,False,False,False,False,False,False,False,False,True,False,False,False,True,False,0.2,709.6666666666666,0.6,2,3.0,0,0
-1.196177366481484,0,2,-0.5639603416895632,-1.010909342912418,2,1,0,0.251388392651706,1,1,4,-0.4552964987291367,-1.2683964754813866,0.1228606975723441,0,-0.3305890744344257,3,1,1,-0.8132851765161844,-0.6201892226844657,3,-0.8177339465973219,-0.6154915796172451,-0.0582848907973714,-1.1559347102263289,False,True,False,False,True,False,False,False,False,False,False,True,False,False,False,False,False,False,True,False,False,0.6666666666666666,727.3333333333334,0.6666666666666666,0,2.0,1,0
-0.8676718124782865,0,1,-0.3606739587896578,2.197340684996958,3,2,0,0.0053558112948434,3,2,3,-0.4614681142149076,1.5791034197391185,0.523315742874663,0,-0.8772324258614291,3,1,1,-0.0348613830411168,0.1557070814399298,2,0.161947309717318,0.7649976209279952,-0.3687152874355457,-0.8755809692540959,False,True,False,False,False,False,True,False,False,True,False,False,False,False,False,False,False,False,False,True,False,0.1111111111111111,361.25,0.7777777777777778,0,2.0,1,3
-1.196177366481484,1,1,0.8516070319183144,-0.1471497200137397,3,4,1,-1.3724266443035866,2,2,1,-0.2505691160632185,-1.580959516149192,1.324225833479301,0,0.4893759527060795,3,3,0,-0.6835478776036732,-0.6201892226844657,2,-0.4911735278257753,-0.339393739508197,-0.3687152874355457,-0.5952272282818631,False,False,True,False,False,False,False,False,True,False,False,False,False,False,False,False,True,False,False,False,True,0.2,760.8571428571429,0.6,0,2.6666666666666665,0,2
-0.3201625558062908,0,1,-1.538247518270817,-1.010909342912418,4,2,0,0.3005949089230785,4,1,4,-0.6859872293007119,-0.1071067250146261,-0.2775943477299747,0,0.2160542769925777,3,3,0,-0.1645986819536281,-0.6201892226844657,3,-0.4911735278257753,-0.6154915796172451,-0.3687152874355457,-0.3148734873096303,False,True,False,False,True,False,False,False,False,False,False,False,False,False,False,True,False,False,False,False,True,0.2,298.1818181818182,0.4,1,3.0,0,0
1.869874470881692,0,1,-1.0573016855564068,1.2101868302556114,4,4,0,1.432344783164646,3,2,1,-0.2167316380550262,1.174486066284707,2.5255909693862573,1,-1.1505541015749308,3,2,2,-0.2943359808661394,0.9316033855643254,3,-0.3278933184400019,-0.339393739508197,-0.3687152874355457,-0.0345197463373974,False,True,False,False,False,False,True,False,False,False,False,False,False,True,False,False,False,False,True,False,False,0.1666666666666666,548.5,0.5,2,2.333333333333333,0,8
-1.0866755151470848,0,2,0.0657316248540461,-0.1471497200137397,1,3,1,0.8910731041795485,3,2,4,-0.4599784139252388,1.3625298380533777,-1.0785044383346123,0,1.036019304133083,3,2,1,-0.8132851765161844,0.1557070814399298,3,-0.4911735278257753,-0.6154915796172451,-0.3687152874355457,-0.8755809692540959,False,False,True,False,False,True,False,False,False,False,False,False,False,False,False,False,True,False,False,True,False,0.2,723.6666666666666,0.4,0,3.0,0,2
0.0083429981969065,0,1,-0.5738767506115098,0.0996387436715968,1,4,0,0.7926600716368035,3,1,1,-0.7919687641942953,0.7858903794832314,-1.0785044383346123,1,-0.6039107501479274,3,2,2,-0.6835478776036732,0.1557070814399298,2,-0.3278933184400019,-0.339393739508197,0.5625759024789769,-0.3148734873096303,False,True,False,False,True,False,False,False,False,False,False,False,False,False,False,True,False,False,True,False,False,0.6666666666666666,397.4285714285714,0.5,1,2.333333333333333,0,0
0.1178448495313057,0,2,-1.3944595889025913,-0.8875151110697495,4,1,0,0.448214457737196,4,2,1,-0.1113885461427294,1.6544333611950286,1.324225833479301,1,-0.8772324258614291,3,4,0,0.7435624104339507,-0.6201892226844657,3,1.304908775417731,0.7649976209279952,0.5625759024789769,2.2083101814404653,False,True,False,False,True,False,False,False,False,False,False,False,False,True,False,False,False,False,False,False,True,0.25,332.22222222222223,0.4375,1,2.0,1,8
-0.3201625558062908,0,1,-1.6894727543305028,-0.8875151110697495,4,3,0,0.9894861367222936,2,1,1,-0.4516786551685124,-0.953303697973644,-0.6780493930322936,0,-1.1505541015749308,3,3,0,-0.6835478776036732,0.1557070814399298,3,-0.1646131090542286,0.212801940709899,-0.3687152874355457,-0.3148734873096303,False,True,False,False,False,False,True,False,False,False,False,False,False,False,False,True,False,False,False,False,True,0.1428571428571428,625.8571428571429,0.7142857142857143,1,2.333333333333333,0,0
-0.2106607044718917,0,1,-1.0374688677125137,-0.1471497200137397,4,1,0,0.3005949089230785,3,1,4,-0.8366597728843606,0.8437932449306845,-0.6780493930322936,0,0.2160542769925777,3,2,1,-1.072759774341207,-1.3960855268088614,2,-0.6544537372115486,-0.6154915796172451,-0.6791456840737199,-0.5952272282818631,False,False,True,False,True,False,False,False,False,False,False,False,False,False,False,False,False,True,False,True,False,0.0,643.0,0.5,1,2.333333333333333,0,5
-0.7581699611438873,0,1,0.293809030058818,-1.010909342912418,3,4,1,-1.3724266443035866,1,1,3,-0.5683009064168733,1.4141083614009875,0.1228606975723441,0,1.5826626555600865,4,3,2,-0.5538105786911619,-0.6201892226844657,3,-0.8177339465973219,-0.6154915796172451,-0.6791456840737199,-0.5952272282818631,False,True,False,False,True,False,False,False,False,False,False,True,False,False,False,False,False,False,False,True,False,0.0,479.125,0.6666666666666666,0,3.333333333333333,0,0
0.3368485522001039,0,2,-0.0284742599044466,-0.8875151110697495,2,3,0,-1.3724266443035866,4,2,2,-0.4808342179806026,-0.6158649117131222,-0.6780493930322936,0,2.4026276827005915,4,4,1,-0.4240732797786506,-0.6201892226844657,3,0.161947309717318,0.7649976209279952,0.2521455058408027,0.8065414765793012,False,True,False,False,False,False,True,False,False,True,False,False,False,False,False,False,False,False,False,True,False,0.3333333333333333,471.55555555555554,0.7777777777777778,1,3.0,0,3
-0.3201625558062908,0,1,0.7648384538512817,-0.1471497200137397,2,3,0,1.333931750621901,3,2,1,-0.0007250960530439,-0.1416797951604355,0.9237707881769818,0,0.4893759527060795,3,2,1,-0.6835478776036732,-1.3960855268088614,3,-0.6544537372115486,-0.6154915796172451,-0.3687152874355457,-0.5952272282818631,False,False,True,False,True,False,False,False,False,False,False,False,False,False,False,False,True,False,False,True,False,0.25,928.5714285714286,0.5,1,2.0,1,2
0.5558522548689022,0,2,-0.5763558528419964,-0.1471497200137397,3,2,1,0.0053558112948434,3,5,4,2.538149826196856,0.268699736651611,-0.6780493930322936,0,-0.6039107501479274,3,2,1,1.6517235028215294,0.9316033855643254,2,2.774430659889691,0.7649976209279952,3.666879868860719,1.3672489585237668,False,True,False,False,True,False,False,False,False,False,False,False,True,False,False,False,False,False,True,False,False,0.56,737.2,0.28,1,2.6666666666666665,0,4
-1.5246829204846812,1,1,1.0920799482755197,-0.3939381836990763,3,3,1,-0.142263737519274,4,1,1,-1.0433024844941388,-1.527413419703853,-0.6780493930322936,1,1.5826626555600865,4,3,2,-1.3322343721662295,-0.6201892226844657,3,-1.1442943653688686,-1.1676872598353414,-0.6791456840737199,-1.1559347102263289,False,True,False,False,True,False,False,False,False,False,False,True,False,False,False,False,False,False,False,True,False,0.0,800.5,0.0,0,2.333333333333333,0,0
-1.4151810691502822,0,0,0.7177355114720353,-0.0237554881710714,3,3,1,-0.2898832863333916,2,1,2,-0.8106964249787036,1.7199254371622934,-0.6780493930322936,0,-1.1505541015749308,3,3,3,-1.3322343721662295,0.9316033855643254,3,-0.9810141559830952,-1.1676872598353414,-0.6791456840737199,-1.1559347102263289,False,True,False,False,True,False,False,False,False,False,False,True,False,False,False,False,False,False,True,False,False,0.0,1347.0,0.0,0,2.6666666666666665,0,0
1.6508707682128936,0,1,1.2953663311754249,0.2230329755142651,4,4,0,0.7926600716368035,3,2,3,-0.7138659061502288,1.055166812000999,2.1251359240839385,0,1.3093409798465847,4,2,1,-0.2943359808661394,0.1557070814399298,3,-0.3278933184400019,-0.6154915796172451,-0.3687152874355457,-0.0345197463373974,False,True,False,False,True,False,False,False,False,False,False,True,False,False,False,False,False,False,False,True,False,0.1666666666666666,314.9,0.3333333333333333,2,3.0,0,0
1.4318670655440953,0,1,-0.2763844829531117,-0.8875151110697495,3,3,1,-0.0930572212479015,3,4,3,2.369813693464277,-1.044514765146938,0.9237707881769818,0,0.2160542769925777,3,4,0,2.430147296296597,0.1557070814399298,3,-0.4911735278257753,-0.339393739508197,-0.6791456840737199,-0.3148734873096303,False,True,False,False,False,False,True,False,False,False,False,False,False,False,True,False,False,False,False,True,False,0.0,569.0,0.6,2,3.333333333333333,0,6
-0.8676718124782865,1,1,0.0062331713223664,-1.010909342912418,2,2,0,-1.4708396768463317,2,1,1,-0.8905017976395345,-1.0714986247729354,-0.6780493930322936,1,-1.1505541015749308,3,4,1,-1.3322343721662295,-1.3960855268088614,3,-0.9810141559830952,-1.1676872598353414,-0.6791456840737199,-1.1559347102263289,False,True,False,False,True,False,False,False,False,False,False,True,False,False,False,False,False,False,False,True,False,0.0,1159.5,0.0,0,2.333333333333333,0,0
-0.42966440714069,0,1,-1.4613953491257308,-0.270543951856408,3,3,1,-0.8311549653184892,3,3,3,1.1039940758999511,1.641784676995342,-1.0785044383346123,0,-1.1505541015749308,3,4,0,0.3543505136964169,0.1557070814399298,4,0.9783483566461848,1.3171933011460917,0.2521455058408027,0.8065414765793012,False,True,False,False,False,False,True,False,False,False,False,False,False,False,True,False,False,False,False,True,False,0.2142857142857142,779.4,0.6428571428571429,1,3.333333333333333,0,6
-0.42966440714069,1,1,-1.6969100610219627,0.8400041347276065,3,1,0,0.1529753601089609,3,2,1,-0.2509947447174096,1.7137416359980024,0.9237707881769818,0,-0.0572673987209239,3,3,0,-0.6835478776036732,0.1557070814399298,3,-0.6544537372115486,-0.6154915796172451,-0.6791456840737199,-0.5952272282818631,False,False,True,False,False,True,False,False,False,False,False,False,False,False,False,False,True,False,False,False,True,0.0,760.5714285714286,0.5,1,1.6666666666666667,1,2
1.103361511540898,0,1,-1.488665473661084,-0.8875151110697495,2,3,0,-1.6184592256604493,3,4,4,2.181047385330525,-0.1870745173437543,-0.6780493930322936,1,-1.1505541015749308,3,3,1,1.911198100646552,0.1557070814399298,2,3.1009910786612376,2.6976825016913315,0.2521455058408027,-1.1559347102263289,False,True,False,False,False,False,False,True,False,False,False,False,True,False,False,False,False,False,False,True,False,0.1111111111111111,620.4444444444445,0.5185185185185185,2,3.333333333333333,0,7
-0.1011588531374925,0,1,-0.3135710164104114,-1.010909342912418,3,3,0,-1.5200461931177045,3,2,2,-0.2714249201185824,1.2715998527511878,-1.0785044383346123,0,-0.0572673987209239,3,1,1,-0.1645986819536281,-0.6201892226844657,3,0.3252275191030913,0.7649976209279952,-0.6791456840737199,0.2458339946348354,False,True,False,False,False,False,False,True,False,False,False,False,False,True,False,False,False,False,False,True,False,0.0,475.27272727272725,0.7,1,2.0,1,7
-0.8676718124782865,0,1,1.1143918683498997,1.7037637576262843,2,3,1,0.743453555365431,4,1,3,-0.8094195390161303,1.3303459638119537,-0.6780493930322936,0,2.4026276827005915,4,3,1,-0.1645986819536281,0.1557070814399298,3,0.4885077284888646,0.7649976209279952,-0.6791456840737199,0.8065414765793012,False,True,False,False,True,False,False,False,False,False,False,False,False,False,False,True,False,False,False,True,False,0.0,245.45454545454547,0.6363636363636364,0,3.0,0,0
2.3078818762192883,1,1,-1.2804208863002051,-0.8875151110697495,4,4,1,-1.7168722582031943,3,5,2,2.711806317106824,1.6088980980761576,1.7246808787816197,1,-0.8772324258614291,3,4,0,3.078833790859153,-0.6201892226844657,3,3.917392125590105,2.97378034180038,3.3564494722225446,1.086895217551534,False,True,False,False,True,False,False,False,False,False,False,False,False,False,True,False,False,False,False,False,True,0.40625,469.4146341463415,0.46875,2,3.333333333333333,0,6
-0.2106607044718917,0,1,1.1292664817328193,-1.010909342912418,4,4,0,-1.2740136117608418,4,1,3,-0.8507055184726668,-0.1422419589026438,0.1228606975723441,0,-0.6039107501479274,3,3,0,-0.5538105786911619,-2.171981830933257,3,-0.8177339465973219,-0.6154915796172451,-0.0582848907973714,-0.5952272282818631,False,True,False,False,True,False,False,False,False,False,False,False,False,False,False,True,False,False,False,False,True,0.6666666666666666,313.25,0.6666666666666666,1,3.333333333333333,0,0
0.5558522548689022,0,1,0.3210791545941711,-1.010909342912418,2,4,0,-1.1263940629467242,2,2,4,-0.0939377713208944,-1.4422456127592982,2.5255909693862573,1,-0.6039107501479274,3,4,1,-0.4240732797786506,0.9316033855643254,3,-0.4911735278257753,-0.339393739508197,-0.6791456840737199,-0.5952272282818631,False,True,False,False,True,False,False,False,False,False,False,False,False,True,False,False,False,False,False,True,False,0.0,673.5555555555555,0.6,1,4.0,0,8
-0.9771736638126856,1,1,0.2169568609137318,-0.8875151110697495,4,3,1,-0.9787745141326066,3,1,3,-0.4514658408414168,0.2896403360488696,1.324225833479301,0,0.4893759527060795,3,4,0,-0.8132851765161844,0.1557070814399298,2,-0.8177339465973219,-0.6154915796172451,-0.0582848907973714,-0.8755809692540959,False,True,False,False,False,False,True,False,False,False,False,False,False,False,False,True,False,False,False,False,True,0.6666666666666666,730.3333333333334,0.6666666666666666,0,3.333333333333333,0,0
-0.1011588531374925,0,1,0.5913012977172161,0.4698214391996017,3,3,1,-1.4708396768463317,3,1,2,-0.9279571192083512,1.576011519156973,0.523315742874663,0,-0.6039107501479274,3,2,1,-0.4240732797786506,-0.6201892226844657,3,-0.3278933184400019,-0.6154915796172451,-0.6791456840737199,-0.0345197463373974,True,False,False,True,False,False,False,False,False,False,True,False,False,False,False,False,False,False,False,True,False,0.0,238.11111111111111,0.3333333333333333,1,2.333333333333333,0,1
-0.5391662584750891,0,1,0.1401046917686456,-0.6407266473844129,3,3,0,1.5799643319787635,2,2,3,-0.0726563386113395,0.6761279088170641,-0.6780493930322936,0,-0.8772324258614291,3,3,1,0.3543505136964169,0.1557070814399298,3,1.141628566031958,2.421584661582284,1.1834366957553253,1.086895217551534,False,True,False,False,True,False,False,False,False,False,False,False,False,True,False,False,False,False,False,True,False,0.4,410.8,0.8666666666666667,1,3.0,0,8
0.3368485522001039,0,2,-0.2044905182689988,0.8400041347276065,4,1,1,-0.7327419327757442,2,2,3,-0.2999420399493859,-0.327474911960273,1.324225833479301,0,-0.3305890744344257,3,4,0,-0.1645986819536281,2.4833959938131165,3,-0.9810141559830952,-1.1676872598353414,-0.6791456840737199,-1.1559347102263289,False,True,False,False,False,False,True,False,False,False,False,True,False,False,False,False,False,False,False,False,True,0.0,463.09090909090907,0.0,1,2.6666666666666665,0,0
-0.7581699611438873,0,1,0.3557865858209842,-0.8875151110697495,3,3,0,-0.6835354165043717,2,2,4,0.079505905261978,0.8321283472798626,0.9237707881769818,1,2.4026276827005915,4,2,0,0.0948759158713943,0.9316033855643254,2,-1.1442943653688686,-1.1676872598353414,-0.6791456840737199,-1.1559347102263289,False,True,False,False,False,False,True,False,False,False,False,False,False,True,False,False,False,False,False,False,True,0.0,529.0,0.0,0,3.0,0,8
0.8843578088720997,0,1,-1.3647103621367511,-0.8875151110697495,3,2,0,1.432344783164646,2,1,3,-0.9000784423588343,-1.1468285662288455,-0.6780493930322936,0,-0.3305890744344257,3,4,0,-1.3322343721662295,0.1557070814399298,3,-0.9810141559830952,-1.1676872598353414,-0.6791456840737199,-1.1559347102263289,False,True,False,False,True,False,False,False,False,False,False,False,False,False,False,True,False,False,False,False,True,0.0,1137.0,0.0,1,3.0,0,0
0.5558522548689022,0,1,0.3235582568246578,2.4441291486822943,3,2,1,1.5799643319787635,3,2,2,-0.4403994958324483,-0.3523506575529895,-0.6780493930322936,0,-0.6039107501479274,3,4,1,-0.1645986819536281,0.1557070814399298,2,0.3252275191030913,1.041095461037043,1.4938670923934996,1.086895217551534,False,True,False,False,True,False,False,False,False,False,False,False,False,True,False,False,False,False,False,True,False,0.7,403.09090909090907,0.8,1,2.6666666666666665,0,8
0.1178448495313057,0,2,-0.821786973660175,0.3464272073569334,3,1,1,-1.0279810304039791,2,2,1,-0.0458417333973003,-1.4094995747756656,-0.2775943477299747,0,-0.0572673987209239,3,3,1,0.2246132147839056,0.1557070814399298,2,-0.4911735278257753,-0.339393739508197,-0.3687152874355457,-0.5952272282818631,False,True,False,False,True,False,False,False,False,True,False,False,False,False,False,False,False,False,True,False,False,0.2,449.1428571428572,0.6,1,1.6666666666666667,1,3
-0.3201625558062908,0,2,-0.2491143584177585,0.8400041347276065,4,3,0,1.6783773645215088,2,1,4,-0.840703245099176,-0.8442439319852372,-0.6780493930322936,0,0.2160542769925777,3,3,0,-0.6835478776036732,0.1557070814399298,3,-0.3278933184400019,-0.6154915796172451,-0.3687152874355457,-0.3148734873096303,False,True,False,False,True,False,False,False,False,False,False,False,False,False,False,True,False,False,False,False,True,0.1666666666666666,364.7142857142857,0.3333333333333333,1,3.333333333333333,0,0
1.3223652142096962,1,1,0.9458129166768072,0.2230329755142651,3,3,0,-1.1263940629467242,3,3,4,0.2448626374152196,-1.188007060345602,-0.6780493930322936,0,0.7626976284195812,3,1,2,-0.2943359808661394,0.1557070814399298,4,0.3252275191030913,1.041095461037043,1.4938670923934996,0.8065414765793012,False,False,True,False,False,True,False,False,False,False,False,False,False,False,False,False,True,False,False,True,False,0.7,765.4,0.8,2,2.6666666666666665,0,2
1.979376322216091,1,1,-0.9085555517272076,-0.8875151110697495,1,3,1,-1.4216331605749593,3,2,4,-0.2858962943610796,1.0127234494642736,0.523315742874663,0,0.2160542769925777,3,3,0,0.0948759158713943,0.1557070814399298,2,0.3252275191030913,0.7649976209279952,1.4938670923934996,-0.3148734873096303,False,False,True,False,False,False,True,False,False,False,False,False,False,False,False,False,True,False,False,False,True,0.7,396.9230769230769,0.7,2,3.333333333333333,0,2
0.6653541062033014,0,1,-0.5292529104627501,0.59321567104227,2,2,1,1.3831382668932737,3,4,1,2.2676628164584134,-1.280764077809969,1.324225833479301,0,2.4026276827005915,4,3,1,1.392248904996507,0.1557070814399298,3,-0.4911735278257753,-0.8915894197262932,-0.3687152874355457,-1.1559347102263289,False,True,False,False,True,False,False,False,False,False,False,False,False,False,True,False,False,False,False,True,False,0.2,746.0434782608696,0.2,1,2.0,1,6
-1.0866755151470848,0,1,-1.3225656242184785,-0.5173324155417446,1,3,1,-1.1756005792180968,2,3,4,1.3417076792656797,-0.7689139905293272,-0.6780493930322936,1,0.2160542769925777,3,2,1,-0.2943359808661394,0.1557070814399298,3,0.3252275191030913,1.041095461037043,-0.6791456840737199,1.086895217551534,False,True,False,False,False,False,False,False,True,False,False,False,False,False,True,False,False,False,True,False,False,0.0,1280.8,0.8,0,3.0,0,6
-0.2106607044718917,0,1,0.3657029947429309,-0.270543951856408,3,3,1,-0.3390898026047641,3,3,3,0.791157015069494,0.6402899702512861,0.1228606975723441,0,1.5826626555600865,4,2,0,0.7435624104339507,0.1557070814399298,4,0.161947309717318,0.212801940709899,-0.3687152874355457,0.5261877356070683,False,True,False,False,False,False,False,True,False,False,False,False,False,True,False,False,False,False,False,False,True,0.1111111111111111,567.8333333333334,0.5555555555555556,1,2.6666666666666665,0,7
-0.9771736638126856,0,1,-0.1053264290495328,-0.8875151110697495,4,2,0,0.743453555365431,3,2,2,-0.3669785529844839,-1.4918565630091791,-0.6780493930322936,1,1.3093409798465847,4,1,0,-0.4240732797786506,-0.6201892226844657,3,0.161947309717318,0.7649976209279952,1.4938670923934996,0.2458339946348354,False,False,True,False,False,True,False,False,False,False,False,False,False,False,False,False,True,False,False,True,False,0.7777777777777778,531.0,0.7777777777777778,0,1.6666666666666667,1,2
-0.3201625558062908,0,1,0.0657316248540461,-0.7641208792270812,2,3,1,1.0878991692650386,3,1,4,-0.588731081818046,-1.696343624237442,-1.0785044383346123,0,1.036019304133083,3,3,1,-0.9430224754286956,-1.3960855268088614,1,-0.6544537372115486,-0.6154915796172451,-0.6791456840737199,-0.5952272282818631,True,False,False,True,False,False,False,False,False,False,True,False,False,False,False,False,False,False,False,True,False,0.0,747.4,0.5,1,3.333333333333333,0,1
-1.196177366481484,1,2,0.2095195542222718,-0.5173324155417446,2,3,0,1.0878991692650386,2,1,3,-0.8804995242660437,0.9254475284864376,-0.6780493930322936,1,-0.3305890744344257,3,1,1,-0.4240732797786506,-0.6201892226844657,3,0.161947309717318,0.7649976209279952,-0.3687152874355457,0.8065414765793012,False,True,False,False,False,False,True,False,False,False,False,False,False,False,False,True,False,False,False,True,False,0.1111111111111111,262.8888888888889,0.7777777777777778,0,2.333333333333333,0,0
-1.0866755151470848,0,0,-0.8912018361138011,-0.7641208792270812,3,4,1,-0.7819484490471167,3,1,4,-1.020956980149106,0.3173269003526275,-0.6780493930322936,0,-1.1505541015749308,3,3,3,-1.3322343721662295,2.4833959938131165,2,-1.1442943653688686,-1.1676872598353414,-0.6791456840737199,-1.1559347102263289,False,True,False,False,False,False,True,False,False,False,False,False,False,False,False,True,False,False,False,True,False,0.0,1706.0,0.0,0,3.6666666666666665,0,0
1.5413689168784943,0,1,1.2780126155620184,2.073946453154289,4,1,0,0.0053558112948434,3,4,3,2.0863450097730056,-1.225390949202453,-0.2775943477299747,0,-0.3305890744344257,3,3,1,2.3004099973840857,-0.6201892226844657,2,2.1213098223465976,0.4888997808189471,0.5625759024789769,3.6100788863016295,False,False,True,False,False,True,False,False,False,False,False,False,True,False,False,False,False,False,False,True,False,0.1904761904761904,543.5666666666667,0.2857142857142857,2,2.333333333333333,0,4
0.7748559575377005,0,1,-0.4400052301652307,-0.6407266473844129,3,4,1,-0.7819484490471167,3,2,2,-0.1213908195162202,-1.281185700616625,2.5255909693862573,0,-0.8772324258614291,3,4,0,-0.1645986819536281,-0.6201892226844657,2,-0.3278933184400019,-0.6154915796172451,-0.0582848907973714,-0.3148734873096303,False,True,False,False,False,False,True,False,False,True,False,False,False,False,False,False,False,False,False,False,True,0.3333333333333333,539.3636363636364,0.3333333333333333,1,3.333333333333333,0,3
-1.3056792178158831,0,1,-1.5432057227317904,-0.8875151110697495,1,1,1,-0.043850704976529,4,1,1,-0.6553419661989528,1.0286045751816577,1.7246808787816197,0,-0.6039107501479274,3,3,0,-0.6835478776036732,0.1557070814399298,2,-0.4911735278257753,-0.339393739508197,-0.6791456840737199,-0.8755809692540959,False,True,False,False,False,False,True,False,False,False,False,False,False,False,False,True,False,False,False,False,True,0.0,489.1428571428572,0.6,0,1.6666666666666667,1,0
-0.42966440714069,0,1,-0.5366902171542101,-1.010909342912418,3,1,1,-0.8803614815898617,4,2,1,-0.5248867836893812,1.0544641073232386,-0.6780493930322936,0,1.855984331273588,4,1,1,-0.2943359808661394,1.707499689688721,3,0.3252275191030913,1.041095461037043,-0.6791456840737199,1.086895217551534,False,False,True,False,False,False,True,False,False,False,False,False,False,False,False,False,True,False,True,False,False,0.0,403.7,0.8,1,1.0,1,2
-0.2106607044718917,0,1,1.3399901713241846,2.197340684996958,1,3,0,-0.6343289002329991,2,1,1,-0.8394263591366028,0.4973598387948301,-0.6780493930322936,0,-1.1505541015749308,3,4,0,-0.6835478776036732,0.1557070814399298,2,-0.1646131090542286,0.212801940709899,-0.3687152874355457,-0.8755809692540959,False,True,False,False,False,False,True,False,False,False,False,False,False,False,False,True,False,False,False,False,True,0.1428571428571428,365.57142857142856,0.7142857142857143,1,2.6666666666666665,0,0
-0.1011588531374925,0,1,0.3111627456722245,-1.010909342912418,2,2,1,-0.4867093514188816,3,2,4,-0.0643565798546131,-1.614829881617241,-0.6780493930322936,1,-0.3305890744344257,3,4,1,0.873299709346462,-1.3960855268088614,2,1.794749403575051,2.6976825016913315,0.5625759024789769,1.9279564404682328,False,False,True,False,True,False,False,False,False,False,False,False,False,False,False,False,True,False,False,True,False,0.2105263157894736,326.3684210526316,0.7368421052631579,1,3.333333333333333,0,2
-0.5391662584750891,0,1,-1.6993891632524494,0.4698214391996017,4,2,1,0.349801425194451,3,2,4,-0.4469967399724103,-0.7115732888240823,-0.2775943477299747,0,-1.1505541015749308,3,3,1,-0.4240732797786506,0.1557070814399298,2,-0.3278933184400019,-0.6154915796172451,-0.6791456840737199,-0.3148734873096303,False,False,True,False,True,False,False,False,False,False,False,False,False,False,False,False,True,False,True,False,False,0.0,489.22222222222223,0.3333333333333333,1,3.0,0,2
-0.7581699611438873,0,2,0.5194073330331033,-0.5173324155417446,4,2,1,0.448214457737196,2,1,4,-0.5836235379677528,-1.678073302615673,2.5255909693862573,0,-0.8772324258614291,3,2,1,-0.1645986819536281,0.1557070814399298,2,-0.3278933184400019,-0.063295899399149,-0.6791456840737199,-0.3148734873096303,False,True,False,False,True,False,False,False,False,False,False,False,False,False,False,True,False,False,True,False,False,0.0,341.90909090909093,0.6666666666666666,0,2.6666666666666665,0,0
1.7603726195472926,0,1,-0.3507575498677112,-0.270543951856408,2,1,0,0.5958340065513135,2,3,4,0.9428936302886204,0.8997285372804087,1.7246808787816197,1,0.7626976284195812,3,4,1,3.078833790859153,0.1557070814399298,3,-0.3278933184400019,-0.6154915796172451,-0.6791456840737199,-0.0345197463373974,False,False,True,False,False,True,False,False,False,False,False,False,False,False,False,False,True,False,False,True,False,0.0,303.72222222222223,0.3333333333333333,2,3.0,0,2
0.8843578088720997,0,1,0.3161209501331978,-0.0237554881710714,3,4,1,0.3990079414658235,3,3,1,0.9060767517010904,0.6922901164055523,0.523315742874663,1,-0.8772324258614291,3,3,1,0.873299709346462,-0.6201892226844657,3,-0.3278933184400019,-0.063295899399149,-0.6791456840737199,-0.5952272282818631,False,False,True,False,False,True,False,False,False,False,False,False,False,False,False,False,True,False,True,False,False,0.0,566.3684210526316,0.6666666666666666,1,2.6666666666666665,0,2
-0.5391662584750891,0,1,-0.4077769011689042,-0.1471497200137397,2,3,0,1.235518718079156,4,2,3,-0.2827040794546464,1.103091271024255,0.9237707881769818,0,-0.8772324258614291,3,3,1,-0.2943359808661394,0.1557070814399298,2,-0.3278933184400019,-0.339393739508197,-0.3687152874355457,-0.3148734873096303,False,True,False,False,False,False,True,False,False,False,False,False,False,False,False,True,False,False,False,True,False,0.1666666666666666,517.5,0.5,1,3.0,0,0
1.6508707682128936,0,2,0.2169568609137318,1.950552221311621,4,3,0,0.743453555365431,2,4,4,1.5583526642489482,0.6626359790040653,0.1228606975723441,0,1.855984331273588,4,3,0,2.559884595209108,0.1557070814399298,3,0.3252275191030913,1.041095461037043,-0.6791456840737199,-1.1559347102263289,False,True,False,False,False,False,True,False,False,False,False,False,False,True,False,False,False,False,False,True,False,0.0,432.0625,0.8,2,3.333333333333333,0,8
0.0083429981969065,0,1,-1.1415911613929528,0.8400041347276065,4,4,1,0.0053558112948434,2,2,3,-0.0360522743509051,1.4398273526070164,0.523315742874663,0,1.036019304133083,3,4,2,-0.2943359808661394,-0.6201892226844657,3,-0.9810141559830952,-1.1676872598353414,-0.6791456840737199,-1.1559347102263289,False,False,True,False,False,True,False,False,False,False,False,False,False,False,False,False,True,False,True,False,False,0.0,633.4,0.0,1,3.6666666666666665,0,2
-0.9771736638126856,0,1,0.9086263832195074,-0.1471497200137397,2,2,1,-0.142263737519274,2,1,4,-0.3335667036304827,1.3564865778246389,-0.6780493930322936,0,-0.6039107501479274,3,4,1,-0.6835478776036732,2.4833959938131165,3,-0.3278933184400019,-0.8915894197262932,-0.6791456840737199,-0.0345197463373974,True,False,False,False,False,False,True,False,False,False,True,False,False,False,False,False,False,False,True,False,False,0.0,705.1428571428571,0.1666666666666666,0,3.333333333333333,0,1
-1.6341847718190805,0,1,1.0598516192791931,-1.010909342912418,2,4,1,-1.6184592256604493,2,2,4,-0.367829810292866,0.6792198093992097,1.324225833479301,0,1.855984331273588,4,1,2,-0.9430224754286956,-0.6201892226844657,1,-0.8177339465973219,-0.6154915796172451,-0.0582848907973714,-0.5952272282818631,False,True,False,False,True,False,False,False,False,False,False,False,False,True,False,False,False,False,False,True,False,0.6666666666666666,955.0,0.6666666666666666,0,3.0,0,8
0.7748559575377005,0,1,0.4549506750404503,-0.1471497200137397,4,1,1,-0.1914702537906465,4,1,4,-0.7843074484188556,-1.3026884637560918,-0.2775943477299747,1,2.4026276827005915,4,3,1,-0.1645986819536281,-0.6201892226844657,2,-0.6544537372115486,-0.6154915796172451,-0.6791456840737199,-0.5952272282818631,False,True,False,False,True,False,False,False,False,False,False,True,False,False,False,False,False,False,False,True,False,0.0,256.1818181818182,0.5,1,2.6666666666666665,0,0
0.5558522548689022,0,2,1.1614948107291458,-0.8875151110697495,1,2,1,-1.5200461931177045,3,1,4,-0.8487901895288069,-0.7371517390945592,0.9237707881769818,1,-0.3305890744344257,3,4,0,-0.4240732797786506,-0.6201892226844657,3,-0.8177339465973219,-0.8915894197262932,-0.0582848907973714,-0.5952272282818631,False,True,False,False,False,False,True,False,False,False,False,False,False,False,False,True,False,False,False,False,True,0.6666666666666666,279.44444444444446,0.3333333333333333,1,3.333333333333333,0,0
-0.1011588531374925,0,1,1.1788485263425523,-0.1471497200137397,3,1,1,0.5466274902799411,2,1,1,-0.8856070681163369,-0.7980059641886059,-1.0785044383346123,0,1.5826626555600865,4,3,0,-0.6835478776036732,0.1557070814399298,3,-0.3278933184400019,-0.063295899399149,-0.6791456840737199,-0.3148734873096303,True,False,False,False,True,False,False,False,False,False,True,False,False,False,False,False,False,False,False,True,False,0.0,334.57142857142856,0.6666666666666666,1,1.6666666666666667,1,1
-1.3056792178158831,0,1,-1.6398907097207698,-0.7641208792270812,1,3,1,1.5799643319787635,3,2,1,-0.4914749343353801,0.0070125146536553,-0.6780493930322936,1,0.7626976284195812,3,4,0,-0.8132851765161844,0.1557070814399298,3,-0.3278933184400019,-0.339393739508197,-0.6791456840737199,-0.3148734873096303,False,False,True,False,False,False,False,True,False,False,False,False,False,False,False,False,True,False,False,True,False,0.0,699.0,0.5,0,2.6666666666666665,0,7
-0.2106607044718917,0,1,-0.4846290703139904,-0.0237554881710714,3,4,0,0.0053558112948434,2,3,3,0.8899028628418287,1.2850917825641863,-0.6780493930322936,1,1.3093409798465847,4,2,1,0.7435624104339507,-0.6201892226844657,3,1.6314691941892778,2.6976825016913315,0.8730062991171511,3.049371404357164,False,True,False,False,True,False,False,False,False,False,False,False,False,True,False,False,False,False,False,True,False,0.2777777777777778,593.6111111111111,0.7777777777777778,1,3.0,0,8
-0.2106607044718917,1,2,-1.6671608342561228,1.950552221311621,4,4,0,1.4815512994360187,3,1,2,-0.9537076527869126,0.3230890787102624,-0.6780493930322936,1,1.036019304133083,3,1,1,-0.1645986819536281,0.1557070814399298,2,0.4885077284888646,-0.6154915796172451,1.4938670923934996,1.086895217551534,False,True,False,False,True,False,False,False,False,False,False,False,False,False,False,True,False,False,True,False,False,0.6363636363636364,183.8181818181818,0.1818181818181818,1,2.333333333333333,0,0
-0.5391662584750891,0,0,-1.2457134550733922,-1.010909342912418,3,4,1,-0.2406767700620191,3,1,4,-0.8915658692750122,-0.7259084642503936,-1.0785044383346123,0,-0.8772324258614291,3,2,1,-0.9430224754286956,-0.6201892226844657,3,-0.6544537372115486,-1.1676872598353414,-0.6791456840737199,-0.5952272282818631,False,True,False,False,True,False,False,False,False,False,False,True,False,False,False,False,False,False,True,False,False,0.0,462.8,0.0,1,3.333333333333333,0,0
-1.3056792178158831,0,1,-0.54412752384567,-0.6407266473844129,1,3,1,1.038692652993666,2,2,1,-0.478280446055456,0.5398032013315555,-0.6780493930322936,0,-0.8772324258614291,3,1,0,-0.8132851765161844,-1.3960855268088614,4,-0.3278933184400019,-0.6154915796172451,-0.6791456840737199,-0.3148734873096303,False,False,True,False,False,True,False,False,False,False,False,False,False,False,False,False,True,False,False,True,False,0.0,709.3333333333334,0.3333333333333333,0,1.6666666666666667,1,2
1.3223652142096962,0,1,1.5259228386106836,-1.010909342912418,3,3,0,-1.4708396768463317,3,1,1,-0.6221429311720472,-0.5283079088641821,-0.2775943477299747,0,0.2160542769925777,3,2,1,-0.5538105786911619,-0.6201892226844657,3,-0.4911735278257753,-0.6154915796172451,-0.6791456840737199,-0.5952272282818631,False,True,False,False,False,False,False,False,True,False,False,False,False,False,False,True,False,False,False,True,False,0.0,447.5,0.4,2,2.0,1,0
-1.4151810691502822,0,0,1.1565366062681726,-0.6407266473844129,1,1,1,-0.9787745141326066,2,1,4,-0.7110993198979867,-0.4968267393005183,-1.0785044383346123,0,0.4893759527060795,3,4,0,-0.6835478776036732,-0.6201892226844657,2,-0.3278933184400019,-0.6154915796172451,0.2521455058408027,-0.0345197463373974,False,True,False,False,True,False,False,False,False,False,False,True,False,False,False,False,False,False,False,True,False,0.5,451.7142857142857,0.3333333333333333,0,3.0,0,0
-0.5391662584750891,0,2,-1.0498643788649469,-0.5173324155417446,2,2,1,-0.8803614815898617,3,2,2,0.0043824477972492,-0.7620274846872758,-0.6780493930322936,0,-0.3305890744344257,3,4,1,-0.1645986819536281,0.1557070814399298,3,0.4885077284888646,1.041095461037043,0.8730062991171511,-0.3148734873096303,False,False,True,False,True,False,False,False,False,False,False,False,False,False,False,False,True,False,False,True,False,0.4545454545454545,593.0909090909091,0.7272727272727273,1,2.6666666666666665,0,2
0.1178448495313057,0,1,-1.0101987431771604,-0.0237554881710714,3,2,1,1.5799643319787635,2,1,2,-0.7670694879241161,-0.3107505406295766,-1.0785044383346123,0,1.036019304133083,3,4,1,-1.072759774341207,0.1557070814399298,3,-0.8177339465973219,-0.6154915796172451,-0.3687152874355457,-0.5952272282818631,False,False,True,False,False,True,False,False,False,False,False,False,False,False,False,False,False,True,False,True,False,0.3333333333333333,724.75,0.6666666666666666,1,2.6666666666666665,0,5
0.5558522548689022,0,1,1.1466201973462258,-0.7641208792270812,3,3,0,1.432344783164646,4,2,4,-0.2707864771372957,1.3228972942276938,-0.2775943477299747,1,-0.6039107501479274,3,2,1,0.7435624104339507,-1.3960855268088614,2,-0.3278933184400019,-0.339393739508197,-0.3687152874355457,-0.3148734873096303,False,True,False,False,True,False,False,False,False,False,False,True,False,False,False,False,False,False,False,True,False,0.1666666666666666,290.6111111111111,0.5,1,3.0,0,0
-0.6486681098094882,0,1,1.0400188014353,0.2230329755142651,4,4,1,-0.8803614815898617,3,1,4,-0.8826276675369992,0.0784073099141072,0.1228606975723441,1,1.036019304133083,3,2,1,-0.4240732797786506,-0.6201892226844657,3,-0.1646131090542286,-0.063295899399149,-0.6791456840737199,-0.5952272282818631,False,True,False,False,True,False,False,False,False,False,False,False,False,False,False,True,False,False,False,True,False,0.0,261.77777777777777,0.5714285714285714,1,3.333333333333333,0,0
-0.8676718124782865,1,1,-1.1440702636234394,-1.010909342912418,3,2,0,-0.8803614815898617,2,1,3,-0.7881381063065754,1.2942269433750713,1.324225833479301,1,1.036019304133083,3,3,3,-0.8132851765161844,0.1557070814399298,3,-0.6544537372115486,-0.6154915796172451,-0.6791456840737199,-0.5952272282818631,False,False,True,False,False,False,True,False,False,False,False,False,False,False,False,False,False,True,True,False,False,0.0,466.6666666666667,0.5,0,2.6666666666666665,0,5
1.7603726195472926,0,1,0.1624166118430255,-0.1471497200137397,3,1,1,0.349801425194451,3,4,4,1.1348521533288056,1.1912104376154034,0.9237707881769818,0,-0.3305890744344257,3,3,1,2.1706726984715745,0.1557070814399298,3,-0.8177339465973219,-1.1676872598353414,-0.0582848907973714,-0.5952272282818631,False,False,True,False,False,True,False,False,False,False,False,False,False,False,False,False,True,False,False,True,False,0.6666666666666666,408.13793103448273,0.0,2,2.6666666666666665,0,2
-0.2106607044718917,0,1,-0.3234874253323581,1.950552221311621,3,4,1,0.5958340065513135,2,3,2,0.9362963861486584,-0.7285787420258829,0.1228606975723441,0,0.2160542769925777,3,1,0,0.6138251115214394,-0.6201892226844657,3,0.9783483566461848,1.5932911412551394,0.5625759024789769,1.086895217551534,False,True,False,False,False,False,False,False,True,False,False,False,False,True,False,False,False,False,False,True,False,0.2857142857142857,641.3529411764706,0.7142857142857143,1,2.333333333333333,0,8
0.0083429981969065,0,2,1.0623307215096798,1.456975293940948,2,3,0,-0.5851223839616266,3,1,4,-0.7513212277190454,0.9709827916053084,0.9237707881769818,0,-0.0572673987209239,3,2,1,-0.1645986819536281,0.1557070814399298,3,-0.3278933184400019,-0.063295899399149,-0.6791456840737199,-1.1559347102263289,False,False,True,False,False,False,True,False,False,False,False,False,False,False,False,False,False,True,False,True,False,0.0,270.27272727272725,0.6666666666666666,1,3.0,0,5
1.7603726195472926,0,1,-1.736575696709749,1.7037637576262843,4,4,0,0.3005949089230785,3,4,4,1.65390629711485,0.8281932010844046,1.324225833479301,0,0.7626976284195812,3,3,0,2.819359193034131,-2.171981830933257,3,0.8150681472604113,1.3171933011460917,0.2521455058408027,1.086895217551534,False,True,False,False,True,False,False,False,False,False,False,False,False,False,True,False,False,False,False,False,True,0.2307692307692307,419.8529411764706,0.6923076923076923,2,3.6666666666666665,0,6
0.6653541062033014,0,2,-0.9432629829540208,-1.010909342912418,3,4,0,-1.6184592256604493,3,2,4,-0.2003449348686689,1.049685715514468,0.523315742874663,0,-0.6039107501479274,3,2,1,0.0948759158713943,-0.6201892226844657,2,-0.3278933184400019,-0.6154915796172451,-0.0582848907973714,-0.5952272282818631,False,True,False,False,True,False,False,False,False,True,False,False,False,False,False,False,False,False,False,True,False,0.3333333333333333,427.84615384615387,0.3333333333333333,1,3.333333333333333,0,3
1.103361511540898,0,1,-1.3721476688282117,-0.8875151110697495,2,3,0,-1.5200461931177045,3,2,4,-0.4184796201416067,0.4876625142417372,-1.0785044383346123,1,1.855984331273588,4,1,1,-0.4240732797786506,-0.6201892226844657,3,-0.0013328996684553,0.4888997808189471,1.4938670923934996,0.8065414765793012,False,False,True,False,False,True,False,False,False,False,False,False,False,False,False,False,True,False,False,True,False,0.875,504.1111111111111,0.75,2,2.6666666666666665,0,2
0.0083429981969065,0,0,1.1143918683498997,1.2101868302556114,2,1,1,-1.6676657419318217,3,3,2,0.242308865490073,-1.3350128789330682,-0.6780493930322936,1,-0.6039107501479274,3,4,0,-0.1645986819536281,-0.6201892226844657,3,0.4885077284888646,-1.1676872598353414,-0.6791456840737199,1.3672489585237668,False,False,True,False,False,False,True,False,False,False,False,False,False,False,False,False,True,False,False,False,True,0.0,694.7272727272727,0.0,1,2.333333333333333,0,2
1.4318670655440953,0,0,0.1946449408393519,-0.8875151110697495,4,1,1,1.5799643319787635,3,4,1,2.4304657766865083,-1.3729589315321271,-0.6780493930322936,0,-1.1505541015749308,3,4,1,2.559884595209108,0.1557070814399298,3,3.917392125590105,0.4888997808189471,3.666879868860719,0.8065414765793012,False,True,False,False,True,False,False,False,False,False,False,False,True,False,False,False,False,False,True,False,False,0.4375,560.125,0.1875,2,2.0,1,4
0.2273467008657048,0,1,1.4391542605436507,-0.8875151110697495,3,4,0,-1.1756005792180968,2,2,4,-0.2765324639688755,-0.9167630547301056,2.1251359240839385,0,-1.1505541015749308,3,3,2,0.2246132147839056,-0.6201892226844657,3,-0.3278933184400019,-0.063295899399149,-0.6791456840737199,-0.0345197463373974,True,False,False,False,True,False,False,False,False,False,True,False,False,False,False,False,False,False,False,True,False,0.0,371.7142857142857,0.6666666666666666,1,3.6666666666666665,0,1
-0.42966440714069,0,1,0.6755907735537622,-0.7641208792270812,2,4,1,-0.4375028351475091,3,1,2,-0.8994399993775476,1.1716752475736656,0.1228606975723441,1,-1.1505541015749308,3,3,1,-0.5538105786911619,0.9316033855643254,4,-0.4911735278257753,-0.339393739508197,-0.6791456840737199,-0.3148734873096303,True,False,False,True,False,False,False,False,False,False,True,False,False,False,False,False,False,False,True,False,False,0.0,284.625,0.6,1,3.0,0,1
-0.5391662584750891,1,1,-1.06225989001738,1.950552221311621,4,1,1,1.038692652993666,3,1,4,-0.7892021779420532,0.5204085522253697,-0.6780493930322936,1,2.4026276827005915,4,3,0,-1.3322343721662295,-0.6201892226844657,1,-0.9810141559830952,-1.1676872598353414,-0.6791456840737199,-0.8755809692540959,False,True,False,False,True,False,False,False,False,False,False,True,False,False,False,False,False,False,False,False,True,0.0,1397.5,0.0,1,2.6666666666666665,0,0
-0.8676718124782865,0,1,0.7028608980891153,-0.270543951856408,1,1,0,-0.1914702537906465,2,1,4,-0.8451723459681826,-1.1607421188485003,1.324225833479301,0,-0.3305890744344257,3,3,3,-0.4240732797786506,1.707499689688721,3,-0.4911735278257753,-0.339393739508197,-0.6791456840737199,-0.3148734873096303,False,True,False,False,False,False,True,False,False,False,False,True,False,False,False,False,False,False,True,False,False,0.0,281.3333333333333,0.6,0,2.6666666666666665,0,0
0.7748559575377005,0,1,-0.3507575498677112,-0.0237554881710714,2,2,1,-0.2406767700620191,3,1,1,-0.8394263591366028,-0.9563955985557896,-0.6780493930322936,1,-0.6039107501479274,3,4,0,-0.4240732797786506,-2.171981830933257,3,0.161947309717318,0.7649976209279952,1.4938670923934996,-0.8755809692540959,False,True,False,False,True,False,False,False,False,False,False,False,False,False,False,True,False,False,False,True,False,0.7777777777777778,284.3333333333333,0.7777777777777778,1,2.333333333333333,0,0
-0.9771736638126856,0,1,0.0458988070101529,-0.5173324155417446,4,1,1,1.5799643319787635,3,2,4,-0.339525504789158,1.396821826328083,-0.6780493930322936,0,-0.3305890744344257,3,2,0,-0.9430224754286956,0.1557070814399298,3,-0.4911735278257753,-0.6154915796172451,-0.6791456840737199,-0.5952272282818631,False,False,True,False,False,False,True,False,False,False,False,False,False,False,False,False,True,False,False,False,True,0.0,981.6,0.4,0,2.333333333333333,0,2
2.3078818762192883,1,2,-0.0532652822093131,-0.8875151110697495,1,4,1,-0.4375028351475091,2,1,4,-0.8775201236867061,-0.1305770612518219,2.5255909693862573,1,-0.3305890744344257,3,4,1,-1.072759774341207,0.1557070814399298,2,-0.9810141559830952,-1.1676872598353414,-0.6791456840737199,-1.1559347102263289,False,True,False,False,True,False,False,False,False,False,False,True,False,False,False,False,False,False,True,False,False,0.0,595.0,0.0,2,4.0,0,0
0.6653541062033014,0,1,-1.5506430294232505,-0.1471497200137397,3,1,0,-0.5359158676902541,3,2,2,-0.3699579535638215,1.335264896556276,0.523315742874663,0,1.5826626555600865,4,3,1,-0.9430224754286956,-0.6201892226844657,4,-0.9810141559830952,-1.1676872598353414,-0.6791456840737199,-1.1559347102263289,False,True,False,False,True,False,False,False,False,False,False,False,False,True,False,False,False,False,True,False,False,0.0,953.0,0.0,1,2.0,1,8
-1.8531884744878788,1,1,-0.749893008976062,-0.8875151110697495,3,3,0,-0.8311549653184892,2,1,3,-0.9490257375908104,1.0876317681135272,-0.6780493930322936,0,-0.6039107501479274,3,4,0,-1.202497073253718,0.1557070814399298,2,-0.8177339465973219,-0.6154915796172451,-0.6791456840737199,-0.5952272282818631,False,False,True,False,False,False,True,False,False,False,False,False,False,False,False,False,False,True,False,False,True,0.0,681.3333333333334,0.6666666666666666,0,3.333333333333333,0,5
-1.7436866231534796,1,1,1.548234758685063,1.0867925984129432,1,4,0,-0.043850704976529,3,1,4,-0.8109092393057992,-0.7649788443338692,-0.6780493930322936,0,1.036019304133083,3,1,0,-1.3322343721662295,0.1557070814399298,2,-0.9810141559830952,-1.1676872598353414,-0.6791456840737199,-1.1559347102263289,False,True,False,False,False,False,False,True,False,False,False,False,False,False,False,True,False,False,False,False,True,0.0,1346.5,0.0,0,3.0,0,7
-0.1011588531374925,0,1,1.54327655422409,0.59321567104227,1,3,1,0.1037688438375884,3,2,4,0.0175769360771732,-1.3340290923842038,-1.0785044383346123,1,0.4893759527060795,3,1,1,0.7435624104339507,-0.6201892226844657,2,1.4681889848035046,1.041095461037043,0.5625759024789769,1.9279564404682328,False,True,False,False,True,False,False,False,False,True,False,False,False,False,False,False,False,False,False,True,False,0.2352941176470588,365.8888888888889,0.4705882352941176,1,2.6666666666666665,0,3
1.103361511540898,0,1,1.6151705189082028,-0.8875151110697495,4,4,0,-0.043850704976529,2,1,4,-0.6830078287213742,-0.1652906723331834,-0.6780493930322936,1,0.7626976284195812,3,1,0,-1.072759774341207,0.1557070814399298,2,-0.6544537372115486,-0.6154915796172451,-0.3687152874355457,-0.5952272282818631,False,False,True,False,True,False,False,False,False,False,False,False,False,False,False,False,False,True,False,False,True,0.25,823.5,0.5,2,3.0,0,5
-1.6341847718190805,1,1,-0.4598380480091238,-0.7641208792270812,1,2,0,-1.569252709389077,3,2,3,-0.4963696638585776,-0.6030756865778838,-1.0785044383346123,1,1.036019304133083,3,1,1,-0.9430224754286956,0.1557070814399298,4,-0.6544537372115486,-0.6154915796172451,-0.6791456840737199,-0.5952272282818631,False,True,False,False,True,False,False,False,False,False,False,False,False,True,False,False,False,False,False,True,False,0.0,834.2,0.5,0,2.0,1,8
0.4463504035345031,1,1,0.7003817958586287,-0.8875151110697495,4,2,0,-0.4375028351475091,1,1,4,-0.7928200215026775,0.4795111399797171,0.523315742874663,1,-0.6039107501479274,3,3,1,-0.1645986819536281,-1.3960855268088614,2,-0.0013328996684553,0.7649976209279952,-0.3687152874355457,-1.1559347102263289,False,True,False,False,True,False,False,False,False,False,False,True,False,False,False,False,False,False,True,False,False,0.125,252.54545454545453,0.875,1,3.0,0,0
-0.9771736638126856,0,1,0.4772625951148301,-0.0237554881710714,3,3,0,0.5466274902799411,3,1,3,-0.8781585666679926,-0.6294973824616731,0.9237707881769818,0,0.7626976284195812,3,2,1,-0.6835478776036732,-0.6201892226844657,3,-0.8177339465973219,-0.6154915796172451,-0.0582848907973714,-0.5952272282818631,False,True,False,False,False,False,True,False,False,False,False,False,False,False,False,True,False,False,True,False,False,0.6666666666666666,339.57142857142856,0.6666666666666666,0,2.6666666666666665,0,0
0.2273467008657048,1,1,0.7921085783866348,-0.3939381836990763,3,4,1,0.2021818763803334,3,1,1,-0.8724125798364128,-1.4068292970001763,1.7246808787816197,1,1.5826626555600865,4,4,0,-0.4240732797786506,-0.6201892226844657,1,-0.8177339465973219,-0.6154915796172451,-0.0582848907973714,-0.5952272282818631,False,True,False,False,False,False,True,False,False,False,False,True,False,False,False,False,False,False,False,True,False,0.6666666666666666,267.1111111111111,0.6666666666666666,1,3.0,0,0
-1.0866755151470848,0,1,-0.4573589457786372,-0.6407266473844129,3,2,0,0.4974209740085685,3,1,3,-0.89071461196663,0.491176037630539,-0.6780493930322936,0,1.036019304133083,3,3,0,-1.3322343721662295,-0.6201892226844657,3,-0.9810141559830952,-0.8915894197262932,-0.6791456840737199,-1.1559347102263289,False,True,False,False,True,False,False,False,False,False,False,False,False,False,False,True,False,False,False,False,True,0.0,1159.0,0.5,0,2.6666666666666665,0,0
-0.3201625558062908,0,1,-0.6358543063736761,0.0996387436715968,3,2,1,0.841866587908176,3,1,2,-0.9566870533662504,-1.042406651113657,-0.6780493930322936,0,-0.3305890744344257,3,2,2,-1.3322343721662295,0.1557070814399298,3,-0.9810141559830952,-1.1676872598353414,-0.3687152874355457,-1.1559347102263289,False,True,False,False,True,False,False,False,False,False,False,True,False,False,False,False,False,False,True,False,False,0.5,1004.0,0.0,1,2.0,1,0
0.5558522548689022,0,1,-0.8440988937345547,0.59321567104227,2,3,0,0.1037688438375884,2,2,3,-0.0552055637895045,-0.9119846629213352,1.7246808787816197,0,0.4893759527060795,3,1,0,-0.1645986819536281,2.4833959938131165,3,-0.3278933184400019,-0.063295899399149,-0.6791456840737199,-0.3148734873096303,False,False,True,False,False,False,True,False,False,False,False,False,False,False,False,False,True,False,False,False,True,0.0,567.6363636363636,0.6666666666666666,1,2.333333333333333,0,2
-0.42966440714069,0,1,0.9805203479036204,-1.010909342912418,4,3,1,1.6783773645215088,2,1,1,-0.788350920633671,-1.5423107588723726,0.1228606975723441,1,-1.1505541015749308,3,2,0,-0.6835478776036732,-1.3960855268088614,3,-0.6544537372115486,-0.6154915796172451,-0.6791456840737199,-0.5952272282818631,False,True,False,False,False,False,False,True,False,False,False,False,False,False,False,True,False,False,False,False,True,0.0,399.8571428571428,0.5,1,2.0,1,7
2.3078818762192883,0,1,1.1639739129596325,-0.5173324155417446,3,3,0,-1.4216331605749593,2,3,2,0.8615985573381207,-0.710870584146322,-0.2775943477299747,1,-0.6039107501479274,3,4,1,1.6517235028215294,0.1557070814399298,3,-0.1646131090542286,-1.1676872598353414,-0.6791456840737199,-0.0345197463373974,False,True,False,False,False,False,False,False,True,True,False,False,False,False,False,False,False,False,True,False,False,0.0,422.08,0.0,2,3.0,0,3
-0.6486681098094882,0,1,-1.6076623807244432,-0.270543951856408,4,2,1,-1.2248070954894692,2,1,3,-0.8883736543685791,-0.3620479821060824,0.1228606975723441,0,-0.0572673987209239,3,2,0,0.2246132147839056,-0.6201892226844657,4,-0.0013328996684553,0.7649976209279952,0.8730062991171511,-0.5952272282818631,False,False,True,False,True,False,False,False,False,False,False,False,False,False,False,False,False,True,False,True,False,0.625,166.35714285714286,0.875,1,2.333333333333333,0,5
-0.2106607044718917,0,1,0.8292951118439346,1.456975293940948,1,4,0,-0.7327419327757442,3,2,4,-0.5297815132125789,0.6825927918524594,-0.6780493930322936,1,2.675949358414093,4,4,1,-0.1645986819536281,-0.6201892226844657,1,0.4885077284888646,0.4888997808189471,-0.6791456840737199,0.8065414765793012,False,True,False,False,True,False,False,False,False,True,False,False,False,False,False,False,False,False,False,True,False,0.0,364.9090909090909,0.5454545454545454,1,4.0,0,3
1.3223652142096962,0,1,-0.6829572487529224,-0.1471497200137397,2,1,0,-0.7327419327757442,3,3,2,0.1914462413142368,1.1473616657231571,0.523315742874663,0,-1.1505541015749308,3,3,1,2.3004099973840857,0.1557070814399298,2,3.1009910786612376,1.3171933011460917,-0.3687152874355457,0.8065414765793012,False,True,False,False,False,False,False,True,False,False,False,True,False,False,False,False,False,False,False,True,False,0.037037037037037,246.76666666666668,0.3333333333333333,2,2.0,1,7
1.2128633628752972,0,1,1.652357052365503,1.3335810620982798,4,4,1,-0.7327419327757442,3,1,3,-0.9032706572652676,-1.232558536915609,0.523315742874663,0,0.4893759527060795,3,1,2,0.2246132147839056,-0.6201892226844657,2,-1.1442943653688686,-1.1676872598353414,-0.6791456840737199,-1.1559347102263289,False,True,False,False,False,False,True,False,False,False,False,False,False,False,False,True,False,False,False,True,False,0.0,161.35714285714286,0.0,2,2.6666666666666665,0,0
-0.6486681098094882,0,0,0.9557293255987538,1.3335810620982798,2,4,0,-1.0279810304039791,3,2,3,0.0912106932522332,1.4184651304031015,-0.6780493930322936,0,-0.6039107501479274,3,4,1,-0.2943359808661394,-0.6201892226844657,2,0.3252275191030913,1.041095461037043,-0.6791456840737199,-1.1559347102263289,False,False,True,False,False,True,False,False,False,False,False,False,False,False,False,False,True,False,False,True,False,0.0,693.2,0.8,1,3.6666666666666665,0,2
-0.1011588531374925,0,1,-1.523372904887897,-0.270543951856408,4,2,1,-0.043850704976529,3,1,4,-0.3884728000211343,1.262043069133647,-0.2775943477299747,0,0.7626976284195812,3,3,0,-0.4240732797786506,2.4833959938131165,3,-0.1646131090542286,-0.6154915796172451,-0.6791456840737199,-0.8755809692540959,False,True,False,False,False,False,False,True,False,False,False,False,False,False,False,True,False,False,False,False,True,0.0,519.7777777777778,0.2857142857142857,1,3.0,0,7
0.1178448495313057,0,1,1.3151991490193182,-1.010909342912418,3,4,0,0.6942470390940585,3,3,1,1.5064259684376344,0.2781159793335997,-0.6780493930322936,0,-0.6039107501479274,3,2,1,0.4840878126089281,0.1557070814399298,3,1.304908775417731,2.145486821473236,0.8730062991171511,1.9279564404682328,False,True,False,False,False,False,False,False,True,False,False,False,False,False,True,False,False,False,False,True,False,0.3125,848.875,0.75,1,2.333333333333333,0,6
-0.5391662584750891,0,0,0.9458129166768072,-1.010909342912418,3,3,0,0.2021818763803334,2,1,2,-0.8877352113872924,-1.4530672647968077,1.324225833479301,0,1.3093409798465847,4,3,0,-0.8132851765161844,0.1557070814399298,3,-0.6544537372115486,-1.1676872598353414,-0.6791456840737199,-0.5952272282818631,False,True,False,False,True,False,False,False,False,False,False,True,False,False,False,False,False,False,False,True,False,0.0,388.6666666666667,0.0,1,2.6666666666666665,0,0
-1.3056792178158831,1,1,0.1599375096125388,1.2101868302556114,2,3,1,-1.4708396768463317,2,1,2,-0.8704972508925529,0.6303115638270891,-0.6780493930322936,1,0.7626976284195812,3,3,3,-1.3322343721662295,-0.6201892226844657,3,-0.9810141559830952,-1.1676872598353414,-0.6791456840737199,-1.1559347102263289,False,False,True,False,False,True,False,False,False,False,False,False,False,False,False,False,False,True,False,True,False,0.0,1206.5,0.0,0,2.6666666666666665,0,5
0.3368485522001039,0,1,-0.3581948565591712,0.0996387436715968,4,1,1,0.0545623275662159,2,3,2,0.6813448222881907,0.8908744583406282,-0.2775943477299747,0,-0.8772324258614291,3,2,1,-0.0348613830411168,-0.6201892226844657,2,-0.9810141559830952,-1.1676872598353414,-0.6791456840737199,-1.1559347102263289,False,False,True,False,False,True,False,False,False,False,False,False,False,False,False,False,True,False,True,False,False,0.0,808.75,0.0,1,1.6666666666666667,1,2
-1.196177366481484,0,2,1.1912440374949855,-1.010909342912418,3,3,1,-0.6835354165043717,2,2,1,-0.4701935016258252,-0.4448265931462521,-0.6780493930322936,0,-0.8772324258614291,3,2,0,-0.5538105786911619,-0.6201892226844657,3,-0.0013328996684553,0.7649976209279952,-0.6791456840737199,0.8065414765793012,False,False,True,False,False,False,True,False,False,False,False,False,False,False,False,False,True,False,False,False,True,0.0,536.75,0.875,0,2.0,1,2
0.4463504035345031,0,1,-1.3374402376013983,-0.3939381836990763,3,4,1,-0.3390898026047641,3,1,1,-0.3793217839560257,-1.573229764693828,-0.2775943477299747,1,-0.6039107501479274,3,3,0,1.1327743071714844,0.1557070814399298,3,1.794749403575051,2.421584661582284,-0.0582848907973714,3.6100788863016295,False,True,False,False,False,False,True,False,False,False,False,True,False,False,False,False,False,False,False,False,True,0.1052631578947368,224.8095238095238,0.6842105263157895,1,2.6666666666666665,0,0
-0.1011588531374925,0,1,0.335953767977091,-0.8875151110697495,4,3,1,0.645040522822686,3,1,3,-0.8479389322204247,-0.2847504675524435,0.523315742874663,0,1.5826626555600865,4,3,0,0.6138251115214394,2.4833959938131165,3,0.651787937874638,1.041095461037043,0.2521455058408027,1.3672489585237668,False,True,False,False,False,False,True,False,False,False,False,True,False,False,False,False,False,False,False,False,True,0.25,148.1764705882353,0.6666666666666666,1,3.0,0,0
-1.9626903258222776,1,1,-0.9507002896454808,1.456975293940948,3,4,1,-1.4216331605749593,2,1,2,-0.9326390344044532,-0.6136162567442891,-0.6780493930322936,1,-0.6039107501479274,3,2,0,-1.3322343721662295,0.1557070814399298,4,-0.9810141559830952,-1.1676872598353414,-0.6791456840737199,-1.1559347102263289,False,False,True,False,False,False,False,True,False,False,False,False,False,False,False,False,False,True,False,False,True,0.0,1060.5,0.0,0,2.6666666666666665,0,5
-1.8531884744878788,1,1,-1.6696399364866097,-0.6407266473844129,3,1,1,0.8910731041795485,3,1,1,-0.7513212277190454,-0.1834204530194005,-0.6780493930322936,0,1.036019304133083,3,2,0,-1.3322343721662295,-0.6201892226844657,3,-0.9810141559830952,-1.1676872598353414,-0.6791456840737199,-1.1559347102263289,False,True,False,False,False,False,False,False,True,False,False,True,False,False,False,False,False,False,False,False,True,0.0,1486.5,0.0,0,1.3333333333333333,1,0
-0.6486681098094882,0,1,-0.4623171502396105,0.3464272073569334,3,4,0,-1.2248070954894692,3,2,4,-0.1379903370296731,0.42947856692318,-1.0785044383346123,1,-1.1505541015749308,3,3,2,-0.1645986819536281,-0.6201892226844657,1,0.3252275191030913,0.7649976209279952,1.8042974890316736,0.2458339946348354,False,True,False,False,False,False,True,False,False,True,False,False,False,False,False,False,False,False,False,True,False,0.8,532.2727272727273,0.7,1,3.6666666666666665,0,3
0.3368485522001039,0,2,1.652357052365503,-0.0237554881710714,4,4,1,-1.5200461931177045,3,1,2,-0.6142688010695119,1.5108005250608123,2.1251359240839385,1,-0.3305890744344257,3,4,1,-1.072759774341207,-0.6201892226844657,3,-0.9810141559830952,-0.8915894197262932,-0.6791456840737199,-1.1559347102263289,False,True,False,False,False,False,True,False,False,False,False,False,False,False,False,True,False,False,True,False,False,0.0,904.25,0.5,1,3.333333333333333,0,0
-0.5391662584750891,0,1,-0.7548512134370353,-0.7641208792270812,4,3,0,1.333931750621901,3,2,1,0.0471581275434545,-0.1066851022079699,-0.6780493930322936,0,-0.8772324258614291,3,3,1,-0.4240732797786506,-0.6201892226844657,4,0.161947309717318,0.7649976209279952,1.1834366957553253,-0.3148734873096303,False,True,False,False,False,False,True,False,False,False,False,False,False,True,False,False,False,False,False,True,False,0.6666666666666666,747.2222222222222,0.7777777777777778,1,2.333333333333333,0,8
-0.1011588531374925,1,1,-0.6755199420614625,-0.7641208792270812,1,3,1,-0.7327419327757442,2,3,4,0.8132897050874311,-1.2360720603044104,-0.6780493930322936,1,-1.1505541015749308,3,1,1,0.6138251115214394,2.4833959938131165,3,1.4681889848035046,0.7649976209279952,0.2521455058408027,0.8065414765793012,False,False,True,False,True,False,False,False,False,False,False,False,False,False,False,False,True,False,False,True,False,0.1764705882352941,607.3529411764706,0.4117647058823529,1,2.6666666666666665,0,2
-0.42966440714069,0,1,0.6607161601708423,-1.010909342912418,3,2,0,-1.1756005792180968,2,2,4,0.0948285368128575,-0.2841883038102352,-1.0785044383346123,0,-0.3305890744344257,3,1,0,-0.6835478776036732,0.1557070814399298,3,-0.3278933184400019,-1.1676872598353414,-0.3687152874355457,-0.0345197463373974,False,True,False,False,True,False,False,False,False,True,False,False,False,False,False,False,False,False,False,False,True,0.1666666666666666,992.7142857142856,0.0,1,2.333333333333333,0,3
0.0083429981969065,1,1,-0.4400052301652307,-1.010909342912418,4,1,1,-0.9787745141326066,2,3,3,0.873728973982567,0.0855748976272628,0.9237707881769818,0,-1.1505541015749308,3,3,0,0.7435624104339507,-0.6201892226844657,1,1.141628566031958,-0.8915894197262932,2.7355886789461965,0.8065414765793012,False,False,True,False,True,False,False,False,False,False,False,False,False,False,False,False,True,False,False,True,False,0.7333333333333333,589.3888888888889,0.0666666666666666,1,2.333333333333333,0,2
0.8843578088720997,0,0,0.0062331713223664,-0.6407266473844129,2,3,1,-0.4375028351475091,3,2,2,-0.4376329095802062,1.2437727475118778,-0.6780493930322936,0,-0.8772324258614291,3,2,0,-0.2943359808661394,1.707499689688721,2,0.3252275191030913,0.7649976209279952,-0.6791456840737199,1.086895217551534,False,True,False,False,True,False,False,False,False,False,False,True,False,False,False,False,False,False,False,True,False,0.0,444.7,0.7,1,2.333333333333333,0,0
-0.8676718124782865,0,2,1.4912154073838704,1.3335810620982798,3,3,0,0.8910731041795485,3,1,4,-0.9249777186290136,0.546689707173607,-0.6780493930322936,0,-0.0572673987209239,3,2,1,-1.072759774341207,1.707499689688721,3,-0.6544537372115486,-0.8915894197262932,-0.6791456840737199,-0.5952272282818631,False,False,True,False,False,False,False,False,True,False,False,False,False,False,False,False,False,True,False,True,False,0.0,539.25,0.25,0,3.0,0,5
-0.2106607044718917,0,1,1.03258149474384,1.0867925984129432,3,3,0,0.9894861367222936,3,2,3,-0.4048595032074916,-1.1431745019044917,-0.6780493930322936,0,0.2160542769925777,3,2,0,-0.8132851765161844,0.1557070814399298,3,-0.3278933184400019,-0.6154915796172451,-0.3687152874355457,-1.1559347102263289,False,False,True,False,False,False,True,False,False,False,False,False,False,False,False,False,True,False,False,True,False,0.1666666666666666,766.8333333333334,0.3333333333333333,1,2.6666666666666665,0,2
1.6508707682128936,0,1,0.6210505244830559,-1.010909342912418,2,4,1,0.2021818763803334,3,4,4,2.25489395683268,-0.0680363449311504,-0.2775943477299747,0,-0.0572673987209239,3,2,1,1.911198100646552,-0.6201892226844657,2,0.3252275191030913,1.041095461037043,1.4938670923934996,1.086895217551534,False,True,False,False,True,False,False,False,False,False,False,False,True,False,False,False,False,False,False,True,False,0.7,633.2962962962963,0.8,2,3.333333333333333,0,4
2.3078818762192883,1,1,-1.2729835796087454,-0.8875151110697495,3,4,1,-0.7327419327757442,3,1,3,-0.8564515053042466,1.6743901740434226,0.523315742874663,0,2.4026276827005915,4,1,0,-0.5538105786911619,0.9316033855643254,3,-0.9810141559830952,-1.1676872598353414,-0.6791456840737199,-1.1559347102263289,False,True,False,False,False,False,False,False,True,False,False,False,False,False,False,True,False,False,False,False,True,0.0,309.875,0.0,2,2.6666666666666665,0,0
1.7603726195472926,0,1,1.4218005449302442,-0.8875151110697495,2,3,1,-1.0279810304039791,3,4,3,1.7767001638489817,-0.0527173829559747,1.324225833479301,0,-0.6039107501479274,3,3,1,1.392248904996507,0.1557070814399298,4,1.6314691941892778,2.421584661582284,3.977310265498893,-0.5952272282818631,False,False,True,False,False,False,True,False,False,False,False,False,True,False,False,False,False,False,True,False,False,0.8333333333333334,645.7391304347826,0.7222222222222222,2,3.0,0,4
-0.7581699611438873,0,1,-1.416771508976971,-0.1471497200137397,2,3,1,-0.1914702537906465,3,3,3,0.1618650498479555,-0.6094000286777269,0.9237707881769818,0,-1.1505541015749308,3,1,1,-0.1645986819536281,-0.6201892226844657,4,0.161947309717318,-0.063295899399149,1.4938670923934996,0.8065414765793012,False,False,True,False,False,False,False,True,False,False,False,False,False,False,False,False,True,False,True,False,False,0.7777777777777778,660.3636363636364,0.4444444444444444,0,2.333333333333333,0,7
0.1178448495313057,0,0,-1.6126205851854165,0.0996387436715968,3,3,0,0.9402796204509212,3,2,4,-0.1782122448507318,0.785047133869919,-0.6780493930322936,1,-0.6039107501479274,3,2,0,-0.6835478776036732,-1.3960855268088614,3,-0.3278933184400019,-0.339393739508197,-0.3687152874355457,-0.3148734873096303,False,False,True,False,False,False,False,False,True,False,False,False,False,False,False,False,True,False,False,False,True,0.1666666666666666,809.4285714285714,0.5,1,3.0,0,2
-0.2106607044718917,0,1,0.1971240430698386,-0.7641208792270812,4,4,1,1.2847252343505289,3,3,4,0.2808282586943674,-1.0542120897000309,1.324225833479301,0,-0.6039107501479274,3,2,1,0.0948759158713943,-0.6201892226844657,3,0.4885077284888646,1.3171933011460917,-0.6791456840737199,1.086895217551534,False,False,True,False,True,False,False,False,False,False,False,False,False,False,False,False,True,False,True,False,False,0.0,601.7692307692307,0.8181818181818182,1,3.333333333333333,0,2
0.2273467008657048,0,1,0.2491851899100582,-0.8875151110697495,5,1,1,-1.2248070954894692,4,3,3,0.2929586753388137,-1.6517921476674355,-1.0785044383346123,0,0.7626976284195812,3,4,0,-0.2943359808661394,0.1557070814399298,3,0.161947309717318,0.7649976209279952,-0.6791456840737199,0.8065414765793012,False,False,True,False,True,False,False,False,False,False,False,False,False,False,False,False,True,False,False,False,True,0.0,788.0,0.7777777777777778,1,2.6666666666666665,0,2
0.3368485522001039,1,0,1.677148074670369,1.827157989468953,3,2,0,1.6783773645215088,4,4,2,1.423854009524561,0.3875973681286629,0.523315742874663,1,0.2160542769925777,3,4,0,1.392248904996507,-0.6201892226844657,2,-0.9810141559830952,-1.1676872598353414,-0.6791456840737199,-1.1559347102263289,False,False,True,False,True,False,False,False,False,False,False,False,False,False,False,False,True,False,False,False,True,0.0,573.6521739130435,0.0,1,2.6666666666666665,0,2
1.103361511540898,0,2,1.429237851621704,0.8400041347276065,4,3,1,-0.0930572212479015,4,2,3,-0.3056880267809657,-1.0616607592842906,-0.6780493930322936,1,1.036019304133083,3,3,0,1.1327743071714844,0.1557070814399298,4,1.9580296129608248,1.5932911412551394,-0.0582848907973714,0.8065414765793012,False,True,False,False,False,False,True,False,False,False,False,False,False,True,False,False,False,False,True,False,False,0.1,241.28571428571428,0.5,2,3.0,0,0
-0.1011588531374925,0,0,1.0573725170487065,-0.1471497200137397,4,1,1,0.8910731041795485,3,2,4,-0.3031342548558192,1.6357414167666031,0.523315742874663,0,-0.6039107501479274,3,4,2,0.0948759158713943,0.1557070814399298,3,-0.0013328996684553,0.7649976209279952,-0.6791456840737199,0.8065414765793012,False,False,True,False,False,False,False,False,True,False,False,False,False,False,False,False,True,False,True,False,False,0.0,390.6923076923077,0.875,1,3.0,0,2
-0.6486681098094882,1,0,-1.1589448770063595,-0.0237554881710714,2,3,1,-0.9787745141326066,2,1,1,-0.8900761689853434,-0.5609134059122626,-1.0785044383346123,1,1.855984331273588,4,1,0,-0.9430224754286956,-2.171981830933257,3,-0.6544537372115486,-0.6154915796172451,-0.3687152874355457,-0.5952272282818631,False,True,False,False,False,False,True,False,False,False,False,False,False,False,False,True,False,False,False,False,True,0.25,464.2,0.5,1,1.6666666666666667,1,0
-0.42966440714069,0,0,-0.1995323138080255,0.9633983665702748,3,4,1,-1.3724266443035866,3,4,3,2.328314899680645,0.8679662858456406,-0.6780493930322936,0,-1.1505541015749308,3,4,0,-0.1645986819536281,-0.6201892226844657,3,0.4885077284888646,1.041095461037043,1.1834366957553253,-1.1559347102263289,False,False,True,False,True,False,False,False,False,False,False,False,True,False,False,False,False,False,False,False,True,0.5454545454545454,1585.8181818181818,0.7272727272727273,1,3.6666666666666665,0,4
-0.8676718124782865,1,1,0.2566224966015182,0.0996387436715968,3,4,0,1.2847252343505289,2,1,1,-0.8724125798364128,-0.3983075434785167,1.324225833479301,1,1.3093409798465847,4,3,0,-1.072759774341207,1.707499689688721,3,-1.1442943653688686,-1.1676872598353414,-0.6791456840737199,-1.1559347102263289,False,True,False,False,True,False,False,False,False,False,False,False,False,False,False,True,False,False,False,False,True,0.0,601.0,0.0,0,2.6666666666666665,0,0
-0.42966440714069,0,1,-0.8465779959650415,0.4698214391996017,1,2,0,-0.6343289002329991,3,1,4,-0.6493831650402775,0.4114893271725149,0.1228606975723441,0,0.7626976284195812,3,1,0,-0.8132851765161844,0.9316033855643254,3,-0.6544537372115486,-0.6154915796172451,-0.6791456840737199,-0.5952272282818631,False,True,False,False,True,False,False,False,False,False,False,False,False,False,False,True,False,False,False,False,True,0.0,575.3333333333334,0.5,1,2.333333333333333,0,0
0.8843578088720997,0,1,0.4252014482746105,-1.010909342912418,4,4,0,1.235518718079156,3,1,4,-0.9009296996672164,-0.4649239469301982,0.1228606975723441,0,-0.3305890744344257,3,4,2,-0.4240732797786506,-0.6201892226844657,3,-0.3278933184400019,-0.339393739508197,-0.6791456840737199,-0.5952272282818631,False,True,False,False,False,False,True,False,False,False,False,True,False,False,False,False,False,False,True,False,False,0.0,252.22222222222223,0.5,1,4.0,0,0
1.4318670655440953,0,1,0.8020249873085814,-1.010909342912418,2,4,1,0.0053558112948434,3,4,4,2.318738254961345,-1.0818986540037887,2.5255909693862573,0,1.855984331273588,4,3,1,2.68962189412162,-1.3960855268088614,2,-0.3278933184400019,-0.063295899399149,-0.3687152874355457,-0.3148734873096303,False,True,False,False,False,False,True,False,False,False,False,False,False,False,True,False,False,False,True,False,False,0.1666666666666666,527.2424242424242,0.6666666666666666,2,3.6666666666666665,0,6
-0.42966440714069,0,2,0.0607734203930728,-1.010909342912418,4,3,0,0.8910731041795485,4,2,2,-0.2160931950737396,0.8218688589845614,-0.6780493930322936,1,-0.6039107501479274,3,1,1,-0.6835478776036732,-0.6201892226844657,3,-0.1646131090542286,0.212801940709899,-0.3687152874355457,-0.5952272282818631,False,True,False,False,False,False,False,True,False,True,False,False,False,False,False,False,False,False,False,True,False,0.1428571428571428,784.0,0.7142857142857143,1,2.0,1,7
0.4463504035345031,0,2,0.0930017493893992,-0.0237554881710714,3,1,1,-0.0930572212479015,3,5,3,2.7486231956943543,-1.4866565483937524,-0.2775943477299747,0,0.4893759527060795,3,2,1,1.2625116060839956,-0.6201892226844657,4,1.794749403575051,3.249878181909428,-0.6791456840737199,1.9279564404682328,False,True,False,False,False,False,True,False,False,False,False,False,False,False,True,False,False,False,True,False,False,0.0,882.6818181818181,0.8421052631578947,1,2.0,1,6
-1.0866755151470848,0,1,0.8218578051524746,0.8400041347276065,4,3,0,-1.4216331605749593,3,1,2,-0.7857971487085244,-0.3129991955984098,2.5255909693862573,0,-0.3305890744344257,3,2,1,-0.9430224754286956,-0.6201892226844657,3,-0.8177339465973219,-0.6154915796172451,-0.0582848907973714,-0.5952272282818631,False,True,False,False,False,False,False,False,True,False,False,True,False,False,False,False,False,False,False,True,False,0.6666666666666666,562.2,0.6666666666666666,0,2.333333333333333,0,0
0.8843578088720997,0,0,-1.374626771058698,1.7037637576262843,2,4,1,-1.1756005792180968,3,2,1,-0.6108637718359831,-0.0385227484652156,-0.6780493930322936,1,-0.0572673987209239,3,3,1,-0.2943359808661394,-0.6201892226844657,3,0.3252275191030913,1.041095461037043,-0.6791456840737199,1.086895217551534,False,True,False,False,True,False,False,False,False,False,False,True,False,False,False,False,False,False,False,True,False,0.0,363.3,0.8,1,2.6666666666666665,0,0
1.103361511540898,0,1,0.3780985058953641,-0.6407266473844129,2,4,0,0.841866587908176,3,2,4,-0.4980721784753421,-0.8070005840639384,-0.6780493930322936,1,0.4893759527060795,3,3,0,-0.2943359808661394,-2.171981830933257,3,0.3252275191030913,-1.1676872598353414,-0.6791456840737199,0.8065414765793012,False,False,True,False,True,False,False,False,False,False,False,False,False,False,False,False,True,False,False,False,True,0.0,416.3,0.0,2,3.6666666666666665,0,2
-0.7581699611438873,1,1,-1.6473280164122297,1.5803695257836163,3,1,0,-0.8803614815898617,3,1,3,-0.9302980768064022,-0.3898750873453924,0.523315742874663,1,-1.1505541015749308,3,2,0,-0.5538105786911619,-0.6201892226844657,3,-0.3278933184400019,-0.6154915796172451,-0.6791456840737199,-0.8755809692540959,False,True,False,False,True,False,False,False,False,False,False,False,False,False,False,True,False,False,False,True,False,0.0,266.5,0.3333333333333333,0,2.0,1,0
1.4318670655440953,0,1,0.3384328702075777,1.827157989468953,3,4,1,1.432344783164646,3,4,3,1.589636370331994,-1.4267861098485703,0.1228606975723441,1,0.7626976284195812,3,4,1,1.392248904996507,-0.6201892226844657,3,0.8150681472604113,1.8693889813641875,-0.3687152874355457,0.2458339946348354,False,True,False,False,True,False,False,False,False,False,False,False,False,True,False,False,False,False,False,True,False,0.0769230769230769,607.5217391304348,0.8461538461538461,2,3.6666666666666665,0,8
0.1178448495313057,0,2,1.4589870783875438,0.0996387436715968,1,3,1,0.0053558112948434,3,1,3,-0.8128245682496591,-0.3072370172407748,-1.0785044383346123,0,0.4893759527060795,3,2,1,-1.072759774341207,-2.171981830933257,2,-0.8177339465973219,-0.8915894197262932,-0.6791456840737199,-0.5952272282818631,False,True,False,False,False,False,True,False,False,False,False,False,False,False,False,True,False,False,False,True,False,0.0,671.0,0.3333333333333333,1,2.6666666666666665,0,0
0.9938596602064989,0,1,-0.5862722617639431,-0.270543951856408,2,4,1,0.448214457737196,3,3,3,0.9239531551771166,1.3906380251637918,1.324225833479301,0,-0.6039107501479274,3,2,1,0.2246132147839056,0.1557070814399298,3,0.161947309717318,0.7649976209279952,-0.6791456840737199,0.8065414765793012,False,True,False,False,False,False,True,False,False,False,False,False,False,True,False,False,False,False,True,False,False,0.0,774.6428571428571,0.7777777777777778,2,3.0,0,8
-1.4151810691502822,0,1,1.0003531657475135,0.9633983665702748,1,4,0,-1.2248070954894692,2,2,3,-0.4525299124768946,1.3778488000285534,-0.6780493930322936,0,-0.0572673987209239,3,2,2,-0.8132851765161844,2.4833959938131165,3,-0.4911735278257753,-0.6154915796172451,0.2521455058408027,-0.5952272282818631,False,True,False,False,False,False,True,False,False,False,False,False,False,True,False,False,False,False,True,False,False,0.6,729.5,0.4,0,3.0,0,8
-0.2106607044718917,1,1,-0.4474425368566906,0.59321567104227,4,3,1,-1.3232201280322142,2,1,2,-0.5874541958554726,-0.5957675579291761,-0.6780493930322936,1,2.4026276827005915,4,4,1,-0.8132851765161844,-0.6201892226844657,1,-0.4911735278257753,-0.6154915796172451,-0.6791456840737199,-0.5952272282818631,False,True,False,False,False,False,False,True,False,False,False,True,False,False,False,False,False,False,True,False,False,0.0,623.8333333333334,0.4,1,3.0,0,7
-0.6486681098094882,0,2,0.1252300783857257,-1.010909342912418,1,3,0,1.4815512994360187,3,2,1,-0.5012643933817753,-0.4269778943311391,-0.6780493930322936,0,-0.8772324258614291,3,3,1,-0.9430224754286956,-1.3960855268088614,3,-0.4911735278257753,-0.339393739508197,-0.6791456840737199,-0.3148734873096303,False,True,False,False,True,False,False,False,False,False,False,False,False,True,False,False,False,False,False,True,False,0.0,829.6,0.6,1,2.333333333333333,0,8
-2.072192177156677,0,0,-1.2779417840697187,-0.5173324155417446,2,2,1,0.349801425194451,3,1,4,-1.0898109275376,-0.1152580992766462,-0.6780493930322936,0,-0.0572673987209239,3,4,0,-1.3322343721662295,-0.6201892226844657,3,-1.1442943653688686,-1.1676872598353414,-0.6791456840737199,-1.1559347102263289,False,True,False,False,True,False,False,False,False,False,False,False,False,False,False,True,False,False,False,False,True,0.0,1051.0,0.0,0,3.333333333333333,0,0
1.869874470881692,0,1,1.5829421899118763,0.9633983665702748,3,3,0,-0.4867093514188816,3,3,3,0.9013948365049884,-0.0520146782782143,2.1251359240839385,0,-1.1505541015749308,3,3,1,1.392248904996507,-0.6201892226844657,3,0.4885077284888646,0.7649976209279952,-0.6791456840737199,1.086895217551534,False,True,False,False,False,False,False,False,True,False,False,False,False,True,False,False,False,False,False,True,False,0.0,466.9130434782609,0.6363636363636364,2,3.0,0,8
-0.2106607044718917,0,1,-0.54412752384567,1.950552221311621,4,3,0,-0.4375028351475091,3,3,3,0.8266970076944506,-1.031303917205043,-0.6780493930322936,1,-1.1505541015749308,3,3,1,0.6138251115214394,0.1557070814399298,2,1.4681889848035046,1.5932911412551394,2.4251582823080224,-0.8755809692540959,False,True,False,False,False,False,True,False,False,True,False,False,False,False,False,False,False,False,True,False,False,0.5882352941176471,611.0588235294117,0.5882352941176471,1,3.0,0,3
-0.7581699611438873,0,1,-1.61014148295493,-0.1471497200137397,2,2,0,0.349801425194451,4,3,1,1.045470135948675,0.4903327920172265,-1.0785044383346123,1,-0.8772324258614291,3,3,3,-0.2943359808661394,0.9316033855643254,2,0.161947309717318,0.7649976209279952,-0.3687152874355457,0.8065414765793012,False,True,False,False,True,False,False,False,False,False,False,False,False,False,True,False,False,False,False,True,False,0.1111111111111111,1141.6,0.7777777777777778,0,2.0,1,6
-1.8531884744878788,1,1,0.7301310226244685,0.2230329755142651,3,4,0,1.5799643319787635,2,1,1,-0.8307009717256852,0.556808654533356,-0.6780493930322936,1,-0.0572673987209239,3,1,0,-1.3322343721662295,-0.6201892226844657,3,-0.9810141559830952,-1.1676872598353414,-0.6791456840737199,-1.1559347102263289,False,True,False,False,False,False,True,False,False,False,False,False,False,False,False,True,False,False,False,False,True,0.0,1300.0,0.0,0,2.0,1,0
-0.7581699611438873,1,2,-1.7192219810963425,-0.5173324155417446,3,2,0,-0.2898832863333916,3,1,2,-0.868581921948693,1.603838624396283,-1.0785044383346123,0,0.4893759527060795,3,1,0,-0.9430224754286956,0.1557070814399298,3,-0.6544537372115486,-0.6154915796172451,-0.3687152874355457,-0.5952272282818631,False,True,False,False,False,False,True,False,False,False,False,True,False,False,False,False,False,False,False,False,True,0.25,484.4,0.5,0,1.6666666666666667,1,0
-1.196177366481484,0,1,0.6532788534793824,-0.8875151110697495,2,4,1,-1.6676657419318217,4,2,4,-0.2194982243072684,-1.543013463550133,-0.6780493930322936,0,-0.8772324258614291,3,2,0,-0.4240732797786506,-0.6201892226844657,3,0.161947309717318,0.7649976209279952,-0.3687152874355457,-0.3148734873096303,False,True,False,False,False,False,True,False,False,False,False,False,False,True,False,False,False,False,False,True,False,0.1111111111111111,608.0,0.7777777777777778,0,3.333333333333333,0,8
-1.6341847718190805,0,1,-1.4514789402037842,-0.1471497200137397,1,2,1,1.3831382668932737,1,1,1,-0.862410306462922,-1.044514765146938,-0.6780493930322936,0,-0.0572673987209239,3,1,1,-0.9430224754286956,0.1557070814399298,2,-0.4911735278257753,-0.339393739508197,-0.3687152874355457,-0.8755809692540959,False,True,False,False,True,False,False,False,False,False,False,True,False,False,False,False,False,False,False,True,False,0.2,490.2,0.6,0,1.3333333333333333,1,0
1.2128633628752972,0,1,-1.302732806374585,-0.3939381836990763,3,1,1,1.5307578157073911,2,2,3,-0.4816854752889848,-0.1678204091731207,-0.2775943477299747,0,-0.6039107501479274,3,4,0,1.0030370082589732,-2.171981830933257,3,-0.8177339465973219,-0.6154915796172451,-0.0582848907973714,-0.5952272282818631,False,True,False,False,True,False,False,False,False,True,False,False,False,False,False,False,False,False,False,False,True,0.6666666666666666,212.0,0.6666666666666666,2,2.6666666666666665,0,3
1.2128633628752972,0,1,1.3697393980900243,-0.6407266473844129,4,3,1,0.5958340065513135,2,3,3,0.9567265615498312,1.1147561686750769,1.7246808787816197,0,-0.3305890744344257,3,2,0,2.040935399559064,0.1557070814399298,3,1.304908775417731,1.8693889813641875,0.5625759024789769,1.086895217551534,False,True,False,False,True,False,False,False,False,True,False,False,False,False,False,False,False,False,False,False,True,0.25,392.82142857142856,0.6875,2,2.6666666666666665,0,3
0.4463504035345031,0,1,-0.6284169996822161,-0.270543951856408,2,4,0,-1.1756005792180968,3,2,3,-0.3193081437150808,1.2730052621067085,1.324225833479301,0,-0.3305890744344257,3,2,0,-0.4240732797786506,2.4833959938131165,3,-0.8177339465973219,-0.6154915796172451,-0.0582848907973714,-0.8755809692540959,False,True,False,False,False,False,True,False,False,False,False,False,False,True,False,False,False,False,False,False,True,0.6666666666666666,555.8888888888889,0.6666666666666666,1,3.0,0,8
0.2273467008657048,0,1,-0.8341824848126081,-1.010909342912418,1,4,0,-0.043850704976529,2,4,4,1.3276619336773732,-1.0193579376831172,-0.6780493930322936,0,0.2160542769925777,3,3,1,1.2625116060839956,0.1557070814399298,3,2.284590031732371,0.4888997808189471,2.7355886789461965,1.086895217551534,False,True,False,False,True,False,False,False,False,False,False,False,False,True,False,False,False,False,False,True,False,0.5,579.1818181818181,0.2727272727272727,1,3.6666666666666665,0,8
-1.0866755151470848,0,1,0.6260087289440293,-0.8875151110697495,4,1,0,-0.929567997861234,3,2,4,-0.4844520615412269,-1.356937264879191,-1.0785044383346123,0,0.7626976284195812,3,2,1,-0.9430224754286956,-0.6201892226844657,3,-0.6544537372115486,-0.6154915796172451,-0.0582848907973714,-0.5952272282818631,False,True,False,False,True,False,False,False,False,False,False,False,False,True,False,False,False,False,False,True,False,0.5,845.4,0.5,0,2.333333333333333,0,8
-0.2106607044718917,0,1,-0.0012041353690934,0.0996387436715968,3,2,1,-1.0279810304039791,3,1,4,-0.5504245029408471,-0.6706758765784298,-0.6780493930322936,0,1.3093409798465847,4,1,1,-1.072759774341207,0.9316033855643254,2,-0.6544537372115486,-0.6154915796172451,-0.3687152874355457,-0.5952272282818631,False,True,False,False,False,False,False,True,False,False,False,True,False,False,False,False,False,False,True,False,False,0.25,979.25,0.5,1,2.333333333333333,0,7
0.5558522548689022,0,1,-1.332482033140425,-0.5173324155417446,2,4,1,1.1863122018077836,3,5,3,2.5111224066557214,-0.919573873441147,1.324225833479301,0,-0.6039107501479274,3,2,0,1.2625116060839956,0.1557070814399298,4,-0.9810141559830952,-1.1676872598353414,-0.6791456840737199,-1.1559347102263289,False,False,True,False,False,True,False,False,False,False,False,False,True,False,False,False,False,False,False,True,False,0.0,831.9545454545455,0.0,1,3.0,0,4
1.4318670655440953,0,1,0.0037540690918798,-0.0237554881710714,3,1,1,-0.0930572212479015,3,1,4,-0.8775201236867061,0.8224310227267697,0.523315742874663,0,0.7626976284195812,3,2,0,-0.4240732797786506,1.707499689688721,3,-0.9810141559830952,-1.1676872598353414,-0.6791456840737199,-1.1559347102263289,False,True,False,False,True,False,False,False,False,False,False,True,False,False,False,False,False,False,False,True,False,0.0,264.44444444444446,0.0,2,2.333333333333333,0,0
2.417383727553688,0,1,-0.2168860294214321,-0.8875151110697495,3,3,0,0.1529753601089609,2,4,4,1.5370712315393935,1.0562911394854155,0.1228606975723441,1,-0.6039107501479274,3,1,0,2.430147296296597,0.9316033855643254,3,-0.3278933184400019,-0.339393739508197,0.5625759024789769,-0.3148734873096303,False,True,False,False,True,False,False,False,False,False,False,False,False,True,False,False,False,False,False,False,True,0.6666666666666666,442.7741935483871,0.5,2,2.6666666666666665,0,8
0.0083429981969065,1,1,0.8392115207658811,0.2230329755142651,2,1,0,-0.2406767700620191,1,2,2,-0.367404181638675,0.0096827924291446,0.9237707881769818,0,-0.0572673987209239,3,1,0,0.4840878126089281,-0.6201892226844657,1,-0.9810141559830952,-1.1676872598353414,-0.6791456840737199,-1.1559347102263289,False,True,False,False,False,False,True,False,False,True,False,False,False,False,False,False,False,False,False,True,False,0.0,298.5625,0.0,1,1.3333333333333333,1,3
1.979376322216091,0,2,-1.6547653231036896,1.0867925984129432,4,3,1,-0.1914702537906465,3,2,2,-0.0251987436690321,-0.1856691079882336,0.1228606975723441,1,-0.3305890744344257,3,4,2,0.7435624104339507,0.1557070814399298,3,0.161947309717318,0.7649976209279952,1.1834366957553253,0.8065414765793012,False,True,False,False,False,False,True,False,False,True,False,False,False,False,False,False,False,False,False,True,False,0.6666666666666666,354.72222222222223,0.7777777777777778,2,3.0,0,3
0.4463504035345031,0,0,-1.3771058732891848,-0.270543951856408,1,2,0,-0.5359158676902541,1,5,3,2.7927417338445326,0.8391553940574662,-0.6780493930322936,0,1.855984331273588,4,2,2,1.2625116060839956,0.1557070814399298,3,2.284590031732371,3.249878181909428,0.8730062991171511,1.6476026994959998,False,True,False,False,True,False,False,False,False,False,False,False,False,False,True,False,False,False,True,False,False,0.2272727272727272,907.8636363636364,0.7272727272727273,1,2.333333333333333,0,6
0.1178448495313057,0,1,0.5764266843342962,-0.7641208792270812,4,2,1,-1.1756005792180968,3,2,4,0.0761008760284492,-1.3115425426958724,2.1251359240839385,1,-0.8772324258614291,3,3,0,1.0030370082589732,-1.3960855268088614,3,-0.9810141559830952,-1.1676872598353414,-0.6791456840737199,-1.1559347102263289,False,False,True,False,True,False,False,False,False,False,False,False,False,False,False,False,True,False,False,False,True,0.0,343.05,0.0,1,3.0,0,2
-1.196177366481484,1,0,-1.332482033140425,2.4441291486822943,2,2,1,0.645040522822686,1,2,1,-0.3265438308363295,1.0540424845165823,2.1251359240839385,0,0.7626976284195812,3,4,0,-0.5538105786911619,2.4833959938131165,3,-0.8177339465973219,-0.6154915796172451,-0.0582848907973714,-0.5952272282818631,False,False,True,False,False,False,True,False,False,False,False,False,False,False,False,False,True,False,False,False,True,0.6666666666666666,621.125,0.6666666666666666,0,2.333333333333333,0,2
1.6508707682128936,1,1,-1.3300029309099384,-0.8875151110697495,1,1,0,-0.4375028351475091,1,5,4,2.7927417338445326,1.6208440775980837,-0.6780493930322936,0,-0.0572673987209239,3,4,1,2.819359193034131,0.1557070814399298,3,4.080672334975878,2.6976825016913315,1.1834366957553253,1.3672489585237668,False,False,True,False,False,True,False,False,False,False,False,False,True,False,False,False,False,False,False,True,False,0.1818181818181818,583.6764705882352,0.4242424242424242,2,3.0,0,4
0.7748559575377005,0,1,1.600295905525283,2.320734916839626,3,4,0,-0.6343289002329991,4,4,4,1.4506686147386003,-0.3620479821060824,0.1228606975723441,1,0.7626976284195812,3,3,1,1.5219862039090182,-0.6201892226844657,3,0.8150681472604113,1.8693889813641875,2.7355886789461965,1.9279564404682328,False,False,True,False,False,False,True,False,False,False,False,False,False,False,False,False,True,False,False,True,False,0.8461538461538461,555.0,0.8461538461538461,1,3.6666666666666665,0,2
1.4318670655440953,0,0,-1.629974300798823,-1.010909342912418,3,4,0,1.432344783164646,3,2,3,-0.0332856880986629,1.490703171276866,-1.0785044383346123,0,-0.8772324258614291,3,1,1,1.0030370082589732,0.1557070814399298,3,1.794749403575051,0.7649976209279952,-0.6791456840737199,2.488663922412698,False,False,True,False,True,False,False,False,False,False,False,False,False,False,False,False,True,False,False,True,False,0.0,317.35,0.3684210526315789,2,2.6666666666666665,0,2
-0.1011588531374925,1,1,0.2045613497612985,0.8400041347276065,4,3,0,-1.1263940629467242,4,1,1,-0.8002685229510217,-0.8494439466006638,-0.6780493930322936,0,0.2160542769925777,3,3,0,0.873299709346462,-1.3960855268088614,3,1.6314691941892778,2.421584661582284,3.977310265498893,2.7690176633849317,False,True,False,False,True,False,False,False,False,False,False,True,False,False,False,False,False,False,False,False,True,0.8333333333333334,144.3684210526316,0.7222222222222222,1,2.333333333333333,0,0
0.2273467008657048,0,2,0.3533074835904976,1.5803695257836163,3,4,0,0.7926600716368035,3,3,1,0.9314016566254608,-1.2972073672695612,-0.6780493930322936,1,-0.6039107501479274,3,3,0,1.2625116060839956,-0.6201892226844657,3,2.284590031732371,0.4888997808189471,-0.0582848907973714,1.086895217551534,False,True,False,False,False,False,True,False,False,False,False,False,False,True,False,False,False,False,False,False,True,0.0909090909090909,494.54545454545456,0.2727272727272727,1,2.6666666666666665,0,0
-0.42966440714069,0,0,0.5838639910257561,-0.1471497200137397,1,2,0,1.0878991692650386,2,1,4,-0.8856070681163369,1.0011990927490038,-1.0785044383346123,0,1.036019304133083,3,4,0,-1.072759774341207,-0.6201892226844657,2,-0.8177339465973219,-0.6154915796172451,-0.0582848907973714,-0.5952272282818631,False,False,True,False,True,False,False,False,False,False,False,False,False,False,False,False,False,True,False,False,True,0.6666666666666666,585.5,0.6666666666666666,1,3.333333333333333,0,5
0.8843578088720997,0,1,1.0697680282011397,0.2230329755142651,2,4,0,1.1863122018077836,3,4,4,2.372154651062328,-1.2520937269573464,0.1228606975723441,0,-0.6039107501479274,3,2,1,1.911198100646552,0.9316033855643254,4,0.3252275191030913,-0.339393739508197,-0.3687152874355457,-0.8755809692540959,False,False,True,False,True,False,False,False,False,False,False,False,True,False,False,False,False,False,False,True,False,0.1,653.7037037037037,0.3,1,3.333333333333333,0,4
-0.5391662584750891,0,0,0.7598802493903084,2.4441291486822943,4,4,0,0.1529753601089609,3,1,3,-0.5274405556145279,-0.446653625308429,2.5255909693862573,0,-0.8772324258614291,3,2,0,-0.1645986819536281,-0.6201892226844657,3,0.161947309717318,0.7649976209279952,1.4938670923934996,0.8065414765793012,False,True,False,False,False,False,True,False,False,False,False,True,False,False,False,False,False,False,False,False,True,0.7777777777777778,365.9090909090909,0.7777777777777778,1,3.0,0,0
-0.3201625558062908,0,1,-1.4539580424342708,-1.010909342912418,4,2,1,0.448214457737196,4,2,4,0.6856011088301017,-0.2860153359724122,-1.0785044383346123,0,-1.1505541015749308,3,4,1,0.6138251115214394,-0.6201892226844657,2,1.304908775417731,-0.8915894197262932,-0.6791456840737199,1.3672489585237668,False,False,True,False,False,True,False,False,False,False,False,False,False,False,False,False,True,False,True,False,False,0.0,572.0588235294117,0.0625,1,3.333333333333333,0,2
2.417383727553688,0,1,0.7102982047805754,-1.010909342912418,2,2,1,0.0053558112948434,3,3,4,1.149323527571303,-0.4602860960569799,0.1228606975723441,1,-0.3305890744344257,3,3,1,0.3543505136964169,-1.3960855268088614,1,-0.1646131090542286,-0.063295899399149,-0.6791456840737199,-0.0345197463373974,False,False,True,False,False,False,False,False,True,False,False,False,True,False,False,False,False,False,False,True,False,0.0,793.6,0.5714285714285714,2,3.0,0,4
0.8843578088720997,0,1,-0.0359115665959065,1.827157989468953,4,2,1,-1.4708396768463317,3,1,2,-0.9207214320871024,-0.8425574407586123,-0.6780493930322936,0,0.2160542769925777,3,1,0,-0.6835478776036732,0.1557070814399298,3,-0.1646131090542286,-0.339393739508197,-0.6791456840737199,-0.0345197463373974,True,False,False,False,False,False,True,False,False,False,True,False,False,False,False,False,False,False,False,False,True,0.0,311.0,0.4285714285714285,1,1.6666666666666667,1,1
1.7603726195472926,0,2,-1.682035447639043,-0.8875151110697495,3,3,0,-1.3724266443035866,2,3,2,0.2174095892198937,1.2963350574083523,-0.2775943477299747,0,-0.8772324258614291,3,1,1,2.430147296296597,-0.6201892226844657,3,1.304908775417731,0.7649976209279952,1.1834366957553253,2.2083101814404653,False,False,True,False,False,True,False,False,False,False,False,False,False,False,False,False,True,False,False,True,False,0.375,242.74193548387095,0.4375,2,2.0,1,2
-0.1011588531374925,1,1,-0.3532366520981979,0.7166099028849382,3,1,1,0.743453555365431,3,2,3,-0.3552737649942287,-0.9072062711125648,1.7246808787816197,0,-0.3305890744344257,3,2,1,-0.2943359808661394,0.1557070814399298,2,-0.9810141559830952,-1.1676872598353414,-0.6791456840737199,-1.1559347102263289,False,True,False,False,False,False,False,True,False,False,False,True,False,False,False,False,False,False,True,False,False,0.0,483.4,0.0,1,2.0,1,7
-1.196177366481484,1,2,-1.1415911613929528,-0.8875151110697495,3,1,1,-0.4375028351475091,3,1,1,-0.9494513662450016,0.1451642543013408,1.324225833479301,1,-0.3305890744344257,3,2,1,-0.6835478776036732,-0.6201892226844657,3,-0.6544537372115486,-0.6154915796172451,-0.3687152874355457,-0.5952272282818631,False,True,False,False,True,False,False,False,False,False,False,False,False,False,False,True,False,False,False,True,False,0.25,291.7142857142857,0.5,0,1.3333333333333333,1,0
-0.3201625558062908,0,1,1.3151991490193182,0.0996387436715968,4,3,0,1.038692652993666,3,1,3,-0.9115704160219938,0.5757816808328856,-0.6780493930322936,1,1.036019304133083,3,4,1,-1.3322343721662295,-0.6201892226844657,3,-0.9810141559830952,-0.8915894197262932,-0.6791456840737199,-1.1559347102263289,False,False,True,False,True,False,False,False,False,False,False,False,False,False,False,False,False,True,False,True,False,0.0,1110.0,0.5,1,3.333333333333333,0,5
-0.9771736638126856,0,1,0.8466488274573412,0.0996387436715968,1,4,1,0.3990079414658235,3,1,2,-1.0898109275376,1.2748322942688854,-0.6780493930322936,0,1.855984331273588,4,2,0,-1.3322343721662295,1.707499689688721,3,-0.9810141559830952,-1.1676872598353414,-0.6791456840737199,-1.1559347102263289,False,False,True,False,False,False,True,False,False,False,False,False,False,False,False,False,False,True,False,True,False,0.0,526.0,0.0,0,2.6666666666666665,0,5
0.1178448495313057,0,2,0.9507711211377804,-0.7641208792270812,4,3,1,-1.0771875466753518,3,1,3,-0.7836690054375689,-1.5903757588311809,0.1228606975723441,0,0.2160542769925777,3,1,1,-0.4240732797786506,-0.6201892226844657,3,-0.8177339465973219,-0.6154915796172451,-0.0582848907973714,-0.5952272282818631,False,True,False,False,False,False,False,True,False,False,False,False,False,False,False,True,False,False,False,True,False,0.6666666666666666,313.44444444444446,0.6666666666666666,1,2.333333333333333,0,7
1.4318670655440953,0,1,1.6399615412130697,-0.8875151110697495,4,2,1,-0.1914702537906465,3,5,3,2.709890988162964,-0.2052042980299714,-0.2775943477299747,1,-1.1505541015749308,3,4,1,2.3004099973840857,-0.6201892226844657,2,0.161947309717318,-0.8915894197262932,1.4938670923934996,0.8065414765793012,False,True,False,False,False,False,True,False,False,False,False,False,False,False,True,False,False,False,False,True,False,0.7777777777777778,641.2333333333333,0.1111111111111111,2,3.0,0,6
0.0083429981969065,0,1,-1.682035447639043,-0.7641208792270812,3,4,0,-1.5200461931177045,3,2,2,-0.5099897807926929,-0.0653660671556611,0.1228606975723441,0,-0.0572673987209239,3,1,0,-0.4240732797786506,0.1557070814399298,2,-0.4911735278257753,-0.339393739508197,-0.6791456840737199,-0.8755809692540959,False,True,False,False,False,False,False,True,False,True,False,False,False,False,False,False,False,False,False,False,True,0.0,456.3333333333333,0.6,1,2.333333333333333,0,7
0.3368485522001039,0,1,-1.2457134550733922,2.073946453154289,3,3,1,0.3990079414658235,3,2,1,0.402770868120117,1.110821022479619,-0.6780493930322936,0,-0.3305890744344257,3,2,1,-0.4240732797786506,0.1557070814399298,2,-0.0013328996684553,0.7649976209279952,1.4938670923934996,0.2458339946348354,False,False,True,False,False,True,False,False,False,False,False,False,False,False,False,False,True,False,False,True,False,0.875,932.8888888888888,0.875,1,2.0,1,2
-1.196177366481484,0,2,0.293809030058818,-1.010909342912418,1,1,0,0.0053558112948434,2,1,3,-0.9568998676933458,1.5391897940423305,-0.6780493930322936,0,-0.6039107501479274,3,3,2,-0.8132851765161844,1.707499689688721,3,-0.3278933184400019,-0.339393739508197,-0.3687152874355457,-0.3148734873096303,False,True,False,False,False,False,True,False,False,False,False,False,False,False,False,True,False,False,True,False,False,0.1666666666666666,334.5,0.5,0,2.333333333333333,0,0
0.9938596602064989,0,1,-0.9234301651101277,-1.010909342912418,4,4,1,-1.2740136117608418,3,5,4,2.7927417338445326,1.0023234202334204,2.5255909693862573,0,0.4893759527060795,3,4,2,1.5219862039090182,-2.171981830933257,3,-0.8177339465973219,-0.6154915796172451,-0.0582848907973714,-0.5952272282818631,False,True,False,False,False,False,True,False,False,False,False,False,False,False,True,False,False,False,True,False,False,0.6666666666666666,817.7916666666666,0.6666666666666666,2,4.0,0,6
1.869874470881692,0,1,0.6929444891671688,-0.8875151110697495,4,3,0,-1.2248070954894692,2,3,3,0.8901156771689244,-0.832157411527759,1.324225833479301,0,-1.1505541015749308,3,2,1,0.2246132147839056,0.9316033855643254,3,0.3252275191030913,-0.063295899399149,1.4938670923934996,-1.1559347102263289,False,False,True,False,True,False,False,False,False,False,False,False,False,False,False,False,True,False,False,True,False,0.7,763.2857142857143,0.4,2,2.6666666666666665,0,2
2.08887817355049,0,2,1.0846426415840595,-0.0237554881710714,3,1,0,-0.142263737519274,3,1,3,-0.7579184718590075,-0.3034424119808689,-0.2775943477299747,0,1.036019304133083,3,2,1,0.873299709346462,0.9316033855643254,3,-0.3278933184400019,-0.063295899399149,-0.6791456840737199,-0.3148734873096303,False,True,False,False,False,False,True,False,False,False,False,False,False,False,False,True,False,False,False,True,False,0.0,154.8421052631579,0.6666666666666666,2,2.0,1,0
-0.1011588531374925,0,1,-0.0160787487520133,0.3464272073569334,5,4,0,-0.7327419327757442,2,3,4,0.5010910872382607,0.1905589764846597,-1.0785044383346123,0,-1.1505541015749308,3,2,0,0.4840878126089281,-0.6201892226844657,2,1.141628566031958,1.041095461037043,1.4938670923934996,1.086895217551534,False,True,False,False,False,False,True,False,False,False,False,False,False,True,False,False,False,False,False,False,True,0.4666666666666667,553.625,0.5333333333333333,1,3.333333333333333,0,8
1.979376322216091,0,0,-0.8887227338833145,-0.8875151110697495,1,3,1,-1.2740136117608418,2,4,1,2.181898642638907,0.4230136838877847,1.7246808787816197,0,-0.0572673987209239,3,2,0,2.559884595209108,0.1557070814399298,4,0.3252275191030913,0.7649976209279952,1.1834366957553253,-0.5952272282818631,False,True,False,False,False,False,True,False,False,False,False,False,True,False,False,False,False,False,False,False,True,0.6,523.625,0.7,2,2.0,1,4
0.6653541062033014,0,1,-0.9606166985674274,1.950552221311621,3,3,1,0.645040522822686,2,3,4,0.9139508818036258,-1.271207294192428,0.9237707881769818,0,-0.6039107501479274,3,3,1,0.873299709346462,1.707499689688721,3,-0.9810141559830952,-1.1676872598353414,-0.6791456840737199,-1.1559347102263289,False,False,True,False,False,False,True,False,False,False,False,False,False,False,False,False,True,False,True,False,False,0.0,568.3157894736842,0.0,1,3.333333333333333,0,2
-1.8531884744878788,1,2,-0.0830145089751529,-0.0237554881710714,3,4,0,-0.5851223839616266,3,1,4,-0.8896505403311523,0.4064298534926404,-0.6780493930322936,1,-0.3305890744344257,3,2,0,-1.202497073253718,0.1557070814399298,3,-0.8177339465973219,-0.6154915796172451,-0.6791456840737199,-0.5952272282818631,False,False,True,False,False,True,False,False,False,False,False,False,False,False,False,False,False,True,False,False,True,0.0,774.3333333333334,0.6666666666666666,0,3.333333333333333,0,5
-1.7436866231534796,1,1,1.3176782512498049,0.0996387436715968,3,3,0,-1.4708396768463317,2,1,1,-1.0826731350068153,0.4138785230769001,-0.6780493930322936,0,-0.6039107501479274,3,1,0,-1.3322343721662295,2.4833959938131165,2,-0.9810141559830952,-1.1676872598353414,-0.3687152874355457,-1.1559347102263289,False,True,False,False,True,False,False,False,False,False,False,True,False,False,False,False,False,False,False,False,True,0.5,708.0,0.0,0,1.6666666666666667,1,0
0.9938596602064989,0,1,0.4970954129587233,-0.1471497200137397,4,4,0,0.3990079414658235,2,2,1,-0.4018801026281539,0.9438583910437588,2.1251359240839385,1,2.1293060069870897,4,1,3,1.0030370082589732,-0.6201892226844657,3,1.4681889848035046,2.421584661582284,-0.3687152874355457,0.8065414765793012,False,True,False,False,True,False,False,False,False,False,False,False,False,False,False,True,False,False,True,False,False,0.0588235294117647,230.75,0.7647058823529411,2,2.0,1,0
1.5413689168784943,1,1,1.2904081267144516,-0.6407266473844129,4,1,1,-1.569252709389077,3,1,3,-0.8602821631919666,-0.5595079965567418,2.5255909693862573,1,-0.8772324258614291,3,3,3,0.873299709346462,-0.6201892226844657,4,0.4885077284888646,-1.1676872598353414,-0.0582848907973714,0.8065414765793012,False,True,False,False,True,False,False,False,False,False,False,False,False,False,False,True,False,False,False,True,False,0.1818181818181818,129.52631578947367,0.0,2,2.333333333333333,0,0
-0.9771736638126856,1,0,1.3970095226253776,1.827157989468953,2,2,1,0.3005949089230785,2,3,1,0.472148338753266,-0.2751936839349027,-0.6780493930322936,0,-0.8772324258614291,3,1,0,-0.1645986819536281,-0.6201892226844657,2,0.4885077284888646,0.7649976209279952,-0.3687152874355457,1.3672489585237668,False,True,False,False,False,False,False,False,True,True,False,False,False,False,False,False,False,False,False,False,True,0.0909090909090909,792.9090909090909,0.6363636363636364,0,1.3333333333333333,1,3
-1.196177366481484,0,1,-1.5134564959659504,-1.010909342912418,2,1,1,-0.3390898026047641,2,1,1,-0.5423375585112162,-0.4458103796951166,-0.6780493930322936,0,0.2160542769925777,3,1,2,-0.6835478776036732,-0.6201892226844657,3,-0.3278933184400019,-0.339393739508197,-0.3687152874355457,-0.3148734873096303,False,True,False,False,False,False,True,False,False,False,False,True,False,False,False,False,False,False,False,True,False,0.1666666666666666,565.0,0.5,0,1.0,1,0
-0.7581699611438873,0,1,0.925980098832914,1.3335810620982798,3,3,1,0.9402796204509212,3,2,1,0.734974032716269,-0.7332165928991012,-1.0785044383346123,0,-0.0572673987209239,3,3,1,-0.5538105786911619,-1.3960855268088614,2,-0.1646131090542286,-0.6154915796172451,-0.6791456840737199,-0.5952272282818631,False,True,False,False,False,False,False,True,False,False,False,False,False,True,False,False,False,False,False,True,False,0.0,1244.625,0.2857142857142857,0,2.333333333333333,0,7
0.4463504035345031,0,1,-0.7275810889016822,-0.270543951856408,2,2,0,-1.1263940629467242,4,1,3,-0.6655570538995392,0.6394467246379737,-0.6780493930322936,0,-0.6039107501479274,3,3,0,-0.1645986819536281,0.1557070814399298,3,0.4885077284888646,0.4888997808189471,-0.6791456840737199,1.086895217551534,False,True,False,False,False,False,False,False,True,False,False,False,False,False,False,True,False,False,False,True,False,0.0,306.90909090909093,0.5454545454545454,1,2.6666666666666665,0,0
0.1178448495313057,0,1,-1.1713403881587927,0.9633983665702748,1,3,0,-0.043850704976529,2,3,3,0.4936425857899164,1.44685439938462,-1.0785044383346123,0,0.7626976284195812,3,1,1,1.1327743071714844,0.9316033855643254,2,1.9580296129608248,1.3171933011460917,-0.3687152874355457,1.3672489585237668,False,True,False,False,True,False,False,False,False,True,False,False,False,False,False,False,False,False,False,True,False,0.05,420.1428571428572,0.45,1,2.333333333333333,0,3
0.3368485522001039,0,1,1.7093764036666956,1.3335810620982798,4,1,1,-0.2406767700620191,3,3,4,0.8126512621061445,1.7186605687423249,0.523315742874663,0,1.3093409798465847,4,4,1,0.3543505136964169,2.4833959938131165,3,0.651787937874638,1.5932911412551394,2.7355886789461965,-0.8755809692540959,False,True,False,False,False,False,False,False,True,True,False,False,False,False,False,False,False,False,False,True,False,0.9166666666666666,688.1333333333333,0.8333333333333334,1,3.0,0,3
-1.0866755151470848,0,0,1.1763694241120657,-0.1471497200137397,5,1,1,1.038692652993666,1,1,3,-0.4006032166655806,-1.1867421919256336,-0.6780493930322936,0,1.036019304133083,3,4,3,-1.072759774341207,0.9316033855643254,3,-0.6544537372115486,-0.6154915796172451,-0.3687152874355457,-0.5952272282818631,False,True,False,False,True,False,False,False,False,False,False,True,False,False,False,False,False,False,False,True,False,0.25,1155.25,0.5,0,2.6666666666666665,0,0
1.979376322216091,0,2,0.7152564092415487,-0.8875151110697495,1,4,1,-0.043850704976529,3,3,2,0.9518318320266336,0.2107968712041578,0.1228606975723441,0,0.7626976284195812,3,2,1,1.5219862039090182,0.9316033855643254,3,-0.6544537372115486,-0.6154915796172451,-0.3687152874355457,-0.5952272282818631,False,True,False,False,True,False,False,False,False,False,False,False,False,True,False,False,False,False,False,True,False,0.25,457.3333333333333,0.5,2,2.6666666666666665,0,8
-0.9771736638126856,0,1,0.1351464873076723,0.0996387436715968,3,3,0,-0.3390898026047641,3,2,3,-0.6051177850044033,-0.9000386833994092,0.1228606975723441,0,-0.6039107501479274,3,4,0,-0.1645986819536281,0.9316033855643254,4,0.161947309717318,0.7649976209279952,-0.3687152874355457,0.8065414765793012,False,True,False,False,False,False,False,True,False,False,False,False,False,False,False,True,False,False,False,False,True,0.1111111111111111,332.72727272727275,0.7777777777777778,0,3.333333333333333,0,7
0.7748559575377005,1,1,1.4218005449302442,-1.010909342912418,2,2,1,1.235518718079156,2,3,1,0.8467015544414324,-1.68467872658662,2.5255909693862573,0,-0.3305890744344257,3,4,1,1.6517235028215294,-1.3960855268088614,3,2.1213098223465976,0.4888997808189471,0.2521455058408027,0.5261877356070683,True,False,False,False,False,False,True,False,False,False,True,False,False,False,False,False,False,False,False,True,False,0.1428571428571428,419.28,0.2857142857142857,1,2.333333333333333,0,1
-0.42966440714069,0,1,-0.3681112654811178,-0.5173324155417446,3,4,1,-1.569252709389077,2,3,4,0.1310069724191009,0.969858464120892,0.523315742874663,0,-0.0572673987209239,3,3,1,-0.2943359808661394,-0.6201892226844657,3,-0.6544537372115486,-0.6154915796172451,-0.3687152874355457,-0.5952272282818631,False,True,False,False,True,False,False,False,False,True,False,False,False,False,False,False,False,False,True,False,False,0.25,711.9,0.5,1,3.6666666666666665,0,3
-0.2106607044718917,1,1,0.99539496128654,-0.6407266473844129,3,4,1,0.9894861367222936,3,3,1,0.6551686600554382,-0.5593674556211897,-1.0785044383346123,1,1.855984331273588,4,1,0,-0.2943359808661394,-0.6201892226844657,3,0.161947309717318,0.7649976209279952,0.5625759024789769,0.8065414765793012,False,False,True,False,False,False,False,False,True,False,False,False,False,False,False,False,True,False,False,False,True,0.4444444444444444,958.2,0.7777777777777778,1,2.0,1,2
-0.42966440714069,1,2,0.0607734203930728,2.4441291486822943,4,1,0,-0.5851223839616266,2,2,3,-0.4246512356273776,-1.571824355338307,-0.6780493930322936,0,1.855984331273588,4,2,0,0.3543505136964169,0.9316033855643254,3,0.9783483566461848,0.7649976209279952,0.2521455058408027,1.086895217551534,False,True,False,False,False,False,True,False,False,False,False,False,False,False,False,True,False,False,False,False,True,0.2142857142857142,300.53333333333336,0.5,1,2.0,1,2
-0.9771736638126856,0,1,0.229352372066165,0.7166099028849382,2,1,1,-0.7819484490471167,3,1,3,-0.914337002274236,1.1480643704009177,-0.6780493930322936,0,0.2160542769925777,3,4,1,-0.9430224754286956,1.707499689688721,2,-0.4911735278257753,-0.6154915796172451,-0.0582848907973714,-0.5952272282818631,False,True,False,False,True,False,False,False,False,False,False,True,False,False,False,False,False,False,True,False,False,0.4,441.4,0.4,0,2.6666666666666665,0,0
-0.3201625558062908,0,2,-0.4573589457786372,-0.7641208792270812,1,1,1,-1.0279810304039791,3,2,4,0.2665696987789656,1.1177075283216704,-1.0785044383346123,0,0.4893759527060795,3,3,0,-0.5538105786911619,-1.3960855268088614,2,-0.1646131090542286,-0.6154915796172451,-0.6791456840737199,-0.0345197463373974,False,True,False,False,True,False,False,False,False,True,False,False,False,False,False,False,False,False,False,False,True,0.0,969.5,0.2857142857142857,1,2.6666666666666665,0,3
0.0083429981969065,0,1,-1.2234015349990124,0.0996387436715968,4,4,0,1.0878991692650386,2,2,4,0.0405608834034925,1.3927461391970728,-0.2775943477299747,1,-0.3305890744344257,3,3,3,-0.4240732797786506,1.707499689688721,3,-0.9810141559830952,-1.1676872598353414,-0.6791456840737199,-1.1559347102263289,False,False,True,False,True,False,False,False,False,False,False,False,False,False,False,False,True,False,True,False,False,0.0,743.7777777777778,0.0,1,3.6666666666666665,0,2
-1.3056792178158831,1,1,1.03258149474384,-0.6407266473844129,1,4,1,-1.6676657419318217,3,1,4,-0.5985205408644412,-1.364385934463451,-0.6780493930322936,1,-0.0572673987209239,3,2,1,-0.5538105786911619,0.1557070814399298,4,-0.0013328996684553,0.7649976209279952,0.8730062991171511,0.5261877356070683,False,True,False,False,False,False,False,False,True,False,False,True,False,False,False,False,False,False,False,True,False,0.625,461.375,0.875,0,3.333333333333333,0,0
-1.196177366481484,1,1,1.3077618423278583,1.456975293940948,3,1,1,-1.4216331605749593,3,1,3,-0.8781585666679926,0.7111226017695297,-0.6780493930322936,0,1.3093409798465847,4,3,1,-1.3322343721662295,-2.171981830933257,2,-0.9810141559830952,-0.8915894197262932,-0.6791456840737199,-1.1559347102263289,False,True,False,False,False,False,True,False,False,False,False,True,False,False,False,False,False,False,True,False,False,0.0,1188.5,0.5,0,2.333333333333333,0,0
-0.42966440714069,1,1,0.5318028441855365,1.950552221311621,3,1,1,-0.5359158676902541,2,1,2,-0.8917786836021078,-1.590937922573389,0.523315742874663,1,1.3093409798465847,4,2,0,-0.8132851765161844,-2.171981830933257,3,-0.8177339465973219,-0.6154915796172451,-0.0582848907973714,-0.5952272282818631,False,True,False,False,False,False,True,False,False,False,False,False,False,False,False,True,False,False,False,False,True,0.6666666666666666,385.5,0.6666666666666666,1,1.6666666666666667,1,0
0.5558522548689022,0,1,-0.8267451781211482,-0.8875151110697495,2,4,1,-1.5200461931177045,3,4,1,2.375346865968761,0.0120719883335298,-1.0785044383346123,0,0.4893759527060795,3,4,1,1.5219862039090182,0.1557070814399298,3,2.447870241118145,0.4888997808189471,3.3564494722225446,0.8065414765793012,False,True,False,False,False,False,True,False,False,False,False,False,True,False,False,False,False,False,False,True,False,0.5652173913043478,736.0416666666666,0.2608695652173913,1,3.0,0,4
-0.9771736638126856,1,2,0.5119700263416432,-1.010909342912418,3,1,1,-1.0279810304039791,2,1,2,-0.8315522290340674,-1.0053038441279103,-0.6780493930322936,0,-0.0572673987209239,3,1,2,-1.3322343721662295,-0.6201892226844657,3,-0.9810141559830952,-1.1676872598353414,-0.6791456840737199,-1.1559347102263289,False,True,False,False,False,False,True,False,False,False,False,True,False,False,False,False,False,False,True,False,False,0.0,1298.0,0.0,0,1.3333333333333333,1,0
1.4318670655440953,1,2,0.3880149148173107,-1.010909342912418,4,4,1,0.743453555365431,3,2,3,-0.3778320836663569,0.4128947365280356,0.1228606975723441,1,-0.3305890744344257,3,4,0,-0.8132851765161844,0.9316033855643254,3,-1.1442943653688686,-1.1676872598353414,-0.6791456840737199,-1.1559347102263289,False,False,True,False,False,False,False,True,False,False,False,False,False,False,False,False,True,False,False,False,True,0.0,788.0,0.0,2,3.6666666666666665,0,7
-0.42966440714069,0,2,0.4152850393526638,-0.270543951856408,3,4,0,-1.7660787744745667,3,2,2,-0.4684909870090608,-0.1281878653474367,-1.0785044383346123,0,0.4893759527060795,3,3,1,-0.9430224754286956,0.1557070814399298,3,-0.6544537372115486,-0.6154915796172451,-0.6791456840737199,-0.5952272282818631,False,False,True,False,True,False,False,False,False,False,False,False,False,False,False,False,True,False,False,True,False,0.0,860.4,0.5,1,3.0,0,2
-0.3201625558062908,0,0,-0.2615098695701918,-0.7641208792270812,4,3,1,-1.2740136117608418,2,1,4,-0.7500443417564722,1.1475022066587093,0.1228606975723441,0,0.4893759527060795,3,4,3,-0.6835478776036732,-0.6201892226844657,3,-1.1442943653688686,-1.1676872598353414,-0.6791456840737199,-1.1559347102263289,False,True,False,False,True,False,False,False,False,False,False,False,False,False,False,True,False,False,False,True,False,0.0,425.57142857142856,0.0,1,3.6666666666666665,0,0
1.2128633628752972,0,0,1.139182890654766,-1.010909342912418,4,1,1,-1.5200461931177045,4,4,4,2.2093516908342328,0.258721330227414,-0.2775943477299747,0,1.855984331273588,4,3,0,2.040935399559064,0.1557070814399298,2,-0.3278933184400019,-0.063295899399149,-0.0582848907973714,-0.8755809692540959,False,True,False,False,False,False,True,False,False,False,False,False,True,False,False,False,False,False,False,False,True,0.3333333333333333,603.0357142857143,0.6666666666666666,2,2.6666666666666665,0,4
0.8843578088720997,0,0,0.6136132177915959,-0.0237554881710714,4,2,0,-0.043850704976529,2,2,3,-0.1937476907287069,0.5139436691899745,-0.6780493930322936,0,-0.6039107501479274,3,4,1,0.4840878126089281,-0.6201892226844657,3,1.304908775417731,1.5932911412551394,0.5625759024789769,2.2083101814404653,False,False,True,False,True,False,False,False,False,False,False,False,False,False,False,False,True,False,False,True,False,0.25,349.5625,0.625,1,3.0,0,2
1.6508707682128936,0,1,0.4747834928843435,-0.270543951856408,4,2,1,1.038692652993666,3,3,2,0.838827424338897,0.1417912718480911,1.7246808787816197,0,1.036019304133083,3,4,0,0.873299709346462,0.9316033855643254,3,0.161947309717318,0.4888997808189471,0.5625759024789769,-1.1559347102263289,False,True,False,False,True,False,False,False,False,True,False,False,False,False,False,False,False,False,False,False,True,0.4444444444444444,549.7368421052631,0.6666666666666666,2,2.6666666666666665,0,3
0.1178448495313057,0,1,-0.0805354067446662,0.0996387436715968,4,3,1,0.349801425194451,2,3,3,0.4759789966409858,-1.2289044725912548,-1.0785044383346123,1,-0.3305890744344257,3,2,2,-0.2943359808661394,-0.6201892226844657,3,0.161947309717318,0.7649976209279952,-0.0582848907973714,0.8065414765793012,False,False,True,False,False,True,False,False,False,False,False,False,False,False,False,False,True,False,True,False,False,0.2222222222222222,874.0,0.7777777777777778,1,2.6666666666666665,0,2
-0.8676718124782865,0,1,0.754922044929335,2.320734916839626,4,3,0,1.333931750621901,3,1,4,-0.8490030038559024,1.778531007287507,0.523315742874663,0,1.855984331273588,4,1,1,-0.0348613830411168,-1.3960855268088614,3,-0.0013328996684553,0.212801940709899,-0.3687152874355457,0.8065414765793012,False,True,False,False,True,False,False,False,False,False,False,False,False,False,False,True,False,False,True,False,False,0.125,209.5,0.625,0,2.6666666666666665,0,0
-0.9771736638126856,0,1,0.3657029947429309,-0.7641208792270812,3,4,0,1.333931750621901,3,3,2,0.2450754517423151,-0.8817683617776401,-1.0785044383346123,0,0.4893759527060795,3,2,3,-0.1645986819536281,0.1557070814399298,2,0.3252275191030913,0.7649976209279952,-0.3687152874355457,0.8065414765793012,False,True,False,False,False,False,True,False,False,False,False,False,False,True,False,False,False,False,True,False,False,0.1,695.9090909090909,0.7,0,2.6666666666666665,0,8
0.9938596602064989,0,1,-0.9829286186418073,-0.7641208792270812,1,1,1,-0.6835354165043717,3,4,3,2.332784000549651,0.1802994881893585,0.1228606975723441,0,-0.8772324258614291,3,4,1,1.5219862039090182,0.1557070814399298,3,0.8150681472604113,1.3171933011460917,0.5625759024789769,1.3672489585237668,False,False,True,False,False,True,False,False,False,False,False,False,True,False,False,False,False,False,False,True,False,0.3076923076923077,727.7083333333334,0.6923076923076923,2,2.6666666666666665,0,4
0.1178448495313057,0,1,-1.6671608342561228,-0.8875151110697495,2,4,1,-1.6676657419318217,3,3,2,0.1803798963052682,0.8862366074674098,1.7246808787816197,0,0.2160542769925777,3,3,0,-0.1645986819536281,-0.6201892226844657,3,-0.9810141559830952,-1.1676872598353414,-0.6791456840737199,-1.1559347102263289,False,False,True,False,False,True,False,False,False,False,False,False,False,False,False,False,True,False,False,False,True,0.0,668.2727272727273,0.0,1,3.0,0,2
0.6653541062033014,0,2,0.6929444891671688,2.197340684996958,3,3,0,0.841866587908176,3,3,1,0.918632796999728,-0.3904372510876007,2.1251359240839385,0,-1.1505541015749308,3,3,1,0.873299709346462,-1.3960855268088614,3,0.161947309717318,0.7649976209279952,-0.6791456840737199,-0.8755809692540959,False,True,False,False,True,False,False,False,False,False,False,False,False,True,False,False,False,False,False,True,False,0.0,569.4736842105264,0.7777777777777778,1,2.333333333333333,0,8
0.2273467008657048,1,2,-1.4861863714305974,-0.8875151110697495,3,1,1,0.8910731041795485,3,4,4,1.2057193242516235,-0.1076688887568344,1.7246808787816197,0,-1.1505541015749308,3,4,3,1.2625116060839956,0.9316033855643254,3,1.794749403575051,0.7649976209279952,2.7355886789461965,0.2458339946348354,False,True,False,False,True,False,False,False,False,True,False,False,False,False,False,False,False,False,True,False,False,0.5789473684210527,553.1363636363636,0.3684210526315789,1,3.0,0,3
0.3368485522001039,0,1,1.2532215932571518,0.59321567104227,3,3,1,-1.0771875466753518,2,5,3,2.792675761403133,0.4540732306447923,-0.6780493930322936,0,-0.3305890744344257,3,1,0,1.2625116060839956,-0.6201892226844657,4,2.1213098223465976,0.7649976209279952,0.5625759024789769,1.3672489585237668,False,True,False,False,False,False,True,False,False,False,False,False,False,False,True,False,False,False,False,False,True,0.1904761904761904,892.0909090909091,0.3333333333333333,1,2.333333333333333,0,6
-1.7436866231534796,0,1,0.449992470579477,-1.010909342912418,1,4,0,0.2021818763803334,2,1,2,-0.9434925650863262,1.5477627911110068,-0.6780493930322936,1,-1.1505541015749308,3,3,0,-1.202497073253718,2.4833959938131165,4,-0.8177339465973219,-0.6154915796172451,-0.0582848907973714,-0.5952272282818631,False,True,False,False,False,False,False,False,True,False,False,False,False,False,False,True,False,False,False,False,True,0.6666666666666666,690.0,0.6666666666666666,0,3.0,0,0
0.2273467008657048,0,0,-0.9011182450357478,-0.0237554881710714,3,3,1,0.2021818763803334,3,2,2,0.0592885441879008,-0.7790329378890763,2.5255909693862573,0,-0.0572673987209239,3,3,0,-0.2943359808661394,-0.6201892226844657,2,-0.3278933184400019,-0.063295899399149,-0.6791456840737199,-0.3148734873096303,False,True,False,False,True,False,False,False,False,False,False,True,False,False,False,False,False,False,False,False,True,0.0,678.2,0.6666666666666666,1,2.6666666666666665,0,0
-0.1011588531374925,0,0,-1.4514789402037842,1.0867925984129432,4,1,1,0.5958340065513135,3,2,4,0.2714644283021633,1.254313317678283,-0.2775943477299747,0,1.3093409798465847,4,1,0,0.873299709346462,-2.171981830933257,3,0.651787937874638,1.3171933011460917,-0.6791456840737199,1.3672489585237668,False,True,False,False,True,False,False,False,False,False,False,False,False,True,False,False,False,False,False,False,True,0.0,409.42105263157896,0.75,1,2.0,1,8
-0.6486681098094882,0,2,-0.0235160554434733,1.3335810620982798,3,3,1,0.0545623275662159,4,1,4,-0.7900534352504354,1.0776533616893302,-1.0785044383346123,0,-0.8772324258614291,3,1,1,-1.072759774341207,0.9316033855643254,3,-0.8177339465973219,-0.6154915796172451,-0.0582848907973714,-0.5952272282818631,False,False,True,False,True,False,False,False,False,False,False,False,False,False,False,False,False,True,False,True,False,0.6666666666666666,697.75,0.6666666666666666,1,2.6666666666666665,0,5
-0.9771736638126856,0,1,1.607733212216743,-0.8875151110697495,1,1,1,0.0545623275662159,2,1,2,-0.7027995611412603,0.7867336250965438,-1.0785044383346123,0,0.4893759527060795,3,1,0,-0.6835478776036732,-0.6201892226844657,1,-0.3278933184400019,-0.339393739508197,-0.6791456840737199,-0.0345197463373974,False,True,False,False,True,False,False,False,False,False,False,False,False,False,False,True,False,False,False,True,False,0.0,457.2857142857143,0.5,0,1.3333333333333333,1,0
-0.2106607044718917,0,2,0.9408547122158338,0.2230329755142651,2,4,1,-0.5851223839616266,3,2,4,-0.3267566451634251,0.588430365032572,-0.6780493930322936,0,-1.1505541015749308,3,4,1,-0.8132851765161844,0.1557070814399298,3,-0.3278933184400019,-0.6154915796172451,-0.6791456840737199,-0.5952272282818631,False,False,True,False,False,True,False,False,False,False,False,False,False,False,False,False,True,False,True,False,False,0.0,828.0,0.3333333333333333,1,4.0,0,2
1.3223652142096962,0,1,-1.5580803361147102,-0.1471497200137397,4,4,1,-0.4867093514188816,2,4,2,1.4081057493194906,-0.3420911692576884,1.324225833479301,0,0.4893759527060795,3,2,1,1.392248904996507,0.1557070814399298,3,0.3252275191030913,1.041095461037043,-0.0582848907973714,-0.3148734873096303,False,False,True,False,False,False,False,False,True,False,False,False,False,False,False,False,True,False,False,True,False,0.2,570.4347826086956,0.8,2,2.6666666666666665,0,2
-0.3201625558062908,0,2,0.4970954129587233,-0.8875151110697495,2,4,1,1.432344783164646,3,2,3,-0.5257380409977634,0.2137482308507513,-0.2775943477299747,0,-1.1505541015749308,3,4,0,-0.8132851765161844,0.1557070814399298,2,-0.6544537372115486,-0.6154915796172451,-0.6791456840737199,-0.5952272282818631,False,True,False,False,True,False,False,False,False,False,False,False,False,True,False,False,False,False,False,False,True,0.0,672.1666666666666,0.5,1,3.6666666666666665,0,8
-0.8676718124782865,0,2,-0.7746840312809286,0.0996387436715968,3,4,0,-0.2406767700620191,3,1,2,-0.6836462717026609,0.5097274411234124,-1.0785044383346123,0,-0.3305890744344257,3,4,2,-0.4240732797786506,-0.6201892226844657,2,-0.0013328996684553,0.212801940709899,-0.3687152874355457,-0.8755809692540959,False,True,False,False,True,False,False,False,False,False,False,False,False,False,False,True,False,False,True,False,False,0.125,365.6666666666667,0.625,0,3.333333333333333,0,0
0.5558522548689022,0,1,-1.523372904887897,2.4441291486822943,3,2,1,-0.4867093514188816,1,2,4,-0.4748754168219272,-0.6682866806740446,0.523315742874663,0,1.036019304133083,3,1,0,0.6138251115214394,0.1557070814399298,3,-0.9810141559830952,-1.1676872598353414,-0.6791456840737199,-1.1559347102263289,False,True,False,False,False,False,True,False,False,False,False,True,False,False,False,False,False,False,False,False,True,0.0,251.2941176470588,0.0,1,2.333333333333333,0,0
-0.8676718124782865,0,1,-0.2094487227299721,-0.1471497200137397,1,2,1,0.645040522822686,2,2,4,-0.3080289843790167,0.4744516662998426,-0.6780493930322936,1,-0.0572673987209239,3,3,1,-0.1645986819536281,-0.6201892226844657,2,0.4885077284888646,0.7649976209279952,-0.3687152874355457,-0.5952272282818631,False,True,False,False,False,False,True,False,False,False,False,False,False,True,False,False,False,False,False,True,False,0.0909090909090909,459.6363636363636,0.6363636363636364,0,3.0,0,8
0.1178448495313057,0,1,-0.9159928584186676,-1.010909342912418,3,3,1,-1.4216331605749593,4,1,3,-0.7787742759143713,-1.167769165626104,-0.6780493930322936,0,-0.6039107501479274,3,4,1,-0.5538105786911619,-0.6201892226844657,4,-0.0013328996684553,0.4888997808189471,0.8730062991171511,-1.1559347102263289,True,False,False,True,False,False,False,False,False,False,True,False,False,False,False,False,False,False,False,True,False,0.625,355.5,0.75,1,3.333333333333333,0,1
-0.9771736638126856,0,2,-0.0730981000532063,-0.3939381836990763,3,3,1,-1.3232201280322142,2,1,3,-0.8087810960348437,1.0926912417934018,-0.6780493930322936,1,-0.3305890744344257,3,4,1,-1.072759774341207,-0.6201892226844657,3,-0.6544537372115486,-0.8915894197262932,-0.6791456840737199,-0.5952272282818631,False,True,False,False,True,False,False,False,False,False,False,False,False,False,False,True,False,False,True,False,False,0.0,675.75,0.25,0,3.333333333333333,0,0
-2.072192177156677,1,0,-1.3771058732891848,-0.1471497200137397,1,3,1,0.6942470390940585,3,1,3,-0.9788197433841872,-0.1064040203368657,-0.6780493930322936,0,-0.8772324258614291,3,4,0,-1.3322343721662295,-2.171981830933257,3,-1.1442943653688686,-1.1676872598353414,-0.6791456840737199,-1.1559347102263289,False,True,False,False,False,False,True,False,False,False,False,True,False,False,False,False,False,False,False,False,True,0.0,1904.0,0.0,0,3.333333333333333,0,0
-0.42966440714069,1,1,-0.494545479235937,-0.0237554881710714,4,1,0,0.5466274902799411,3,2,1,0.3661668038596826,0.5722681574440839,-1.0785044383346123,1,0.4893759527060795,3,1,0,-0.6835478776036732,0.1557070814399298,3,-0.3278933184400019,-0.6154915796172451,-0.6791456840737199,-0.3148734873096303,False,False,True,False,False,True,False,False,False,False,False,False,False,False,False,False,True,False,False,False,True,0.0,1174.857142857143,0.3333333333333333,1,1.0,1,2
0.4463504035345031,0,1,-1.575434051728117,0.3464272073569334,4,2,1,-0.9787745141326066,3,1,4,-0.369745139236726,-0.7395409349989445,0.1228606975723441,1,-1.1505541015749308,3,1,1,-0.6835478776036732,0.9316033855643254,3,-0.9810141559830952,-1.1676872598353414,-0.6791456840737199,-1.1559347102263289,False,True,False,False,True,False,False,False,False,False,False,True,False,False,False,False,False,False,False,True,False,0.0,680.8571428571429,0.0,1,2.333333333333333,0,0
-0.6486681098094882,1,2,0.1772912252259454,0.7166099028849382,3,3,1,0.3005949089230785,3,1,3,-0.8285728284547298,-1.1355852913846798,-0.6780493930322936,0,-0.8772324258614291,3,3,1,-1.202497073253718,1.707499689688721,2,-0.8177339465973219,-0.6154915796172451,-0.0582848907973714,-0.5952272282818631,False,True,False,False,False,False,True,False,False,False,False,True,False,False,False,False,False,False,False,True,False,0.6666666666666666,870.0,0.6666666666666666,1,3.0,0,0
0.0083429981969065,0,1,-1.0796136056307866,1.950552221311621,2,3,0,-0.6835354165043717,2,2,4,-0.1643793135895211,0.4016514616838699,1.7246808787816197,0,-0.6039107501479274,3,3,2,-0.2943359808661394,-0.6201892226844657,3,-0.1646131090542286,-0.6154915796172451,-0.3687152874355457,-0.3148734873096303,False,True,False,False,False,False,True,False,False,True,False,False,False,False,False,False,False,False,True,False,False,0.1428571428571428,573.1,0.2857142857142857,1,3.333333333333333,0,3
-1.0866755151470848,0,1,-1.496102780352544,-0.3939381836990763,3,4,1,-0.5359158676902541,2,1,3,-0.8436826456785137,-0.8942765050417744,-0.6780493930322936,0,-0.6039107501479274,3,3,1,-0.9430224754286956,-2.171981830933257,3,-0.4911735278257753,-0.6154915796172451,-0.0582848907973714,-0.5952272282818631,False,True,False,False,True,False,False,False,False,False,False,False,False,False,False,True,False,False,False,True,False,0.4,507.8,0.4,0,3.333333333333333,0,0
-0.3201625558062908,0,1,1.4812989984619238,-0.0237554881710714,1,2,0,0.2021818763803334,3,2,3,-0.1679971571501455,-1.1923638293477163,-0.6780493930322936,0,1.3093409798465847,4,1,0,-0.6835478776036732,0.1557070814399298,2,-0.1646131090542286,0.212801940709899,-0.3687152874355457,-0.3148734873096303,False,False,True,False,True,False,False,False,False,False,False,False,False,False,False,False,True,False,False,True,False,0.1428571428571428,816.2857142857143,0.7142857142857143,1,2.0,1,2
-0.2106607044718917,0,1,-0.6804781465224358,-0.1471497200137397,4,3,1,1.6783773645215088,3,1,3,-0.4640218861400542,-1.012611972776618,-0.6780493930322936,0,0.4893759527060795,3,2,0,-0.6835478776036732,-0.6201892226844657,1,-0.3278933184400019,-0.063295899399149,-0.3687152874355457,-0.0345197463373974,True,False,False,False,False,False,False,False,True,False,True,False,False,False,False,False,False,False,False,False,True,0.1666666666666666,617.5714285714286,0.6666666666666666,1,2.6666666666666665,0,1
-0.8676718124782865,1,1,-0.977970414180834,1.7037637576262843,1,4,0,-1.0279810304039791,2,3,1,0.177187681398835,-0.4428590200485231,-0.6780493930322936,0,-0.6039107501479274,3,1,1,-0.0348613830411168,0.1557070814399298,1,0.651787937874638,1.041095461037043,0.2521455058408027,1.6476026994959998,False,False,True,False,True,False,False,False,False,False,False,False,False,False,False,False,True,False,False,True,False,0.25,611.3333333333334,0.6666666666666666,0,2.0,1,2
0.3368485522001039,0,2,-0.5193365015408035,-0.0237554881710714,4,2,0,1.0878991692650386,3,3,3,1.4887623792887037,-0.0746417689020977,2.5255909693862573,0,0.4893759527060795,3,3,0,1.1327743071714844,0.1557070814399298,2,1.794749403575051,0.7649976209279952,-0.0582848907973714,2.488663922412698,False,True,False,False,False,False,True,False,False,False,False,False,False,False,True,False,False,False,False,False,True,0.1052631578947368,642.8095238095239,0.3684210526315789,1,2.6666666666666665,0,6
0.5558522548689022,1,2,-0.7969959513553084,0.3464272073569334,3,3,1,-1.0771875466753518,3,4,1,1.543881290006451,-1.6676732733848196,-1.0785044383346123,1,-0.8772324258614291,3,2,0,1.392248904996507,-0.6201892226844657,2,2.284590031732371,1.3171933011460917,3.3564494722225446,2.7690176633849317,False,False,True,False,True,False,False,False,False,False,False,False,False,False,False,False,True,False,False,False,True,0.5909090909090909,598.1739130434783,0.4090909090909091,1,2.0,1,2
0.5558522548689022,0,1,-0.3854649810945244,-0.6407266473844129,4,2,1,-1.0279810304039791,3,2,1,-0.2869603659965574,-1.6949382148819214,1.7246808787816197,0,-0.6039107501479274,3,4,0,-0.2943359808661394,0.1557070814399298,4,-0.1646131090542286,-0.063295899399149,-0.3687152874355457,0.2458339946348354,False,False,True,False,False,True,False,False,False,False,False,False,False,False,False,False,True,False,False,False,True,0.1428571428571428,515.5,0.5714285714285714,1,2.333333333333333,0,2
-0.2106607044718917,0,1,0.4450342661185036,-1.010909342912418,4,4,1,-0.3882963188761366,2,1,3,-0.903483471592363,0.2848619442400992,1.324225833479301,0,-0.8772324258614291,3,2,1,-0.1645986819536281,-0.6201892226844657,3,0.161947309717318,-1.1676872598353414,-0.3687152874355457,0.8065414765793012,False,True,False,False,False,False,True,False,False,False,False,True,False,False,False,False,False,False,False,True,False,0.1111111111111111,205.27272727272728,0.0,1,3.0,0,0
-1.4151810691502822,0,1,-0.806912360277255,1.827157989468953,3,4,1,-0.8311549653184892,3,1,2,-0.6185250876114229,-1.1108500867275153,2.1251359240839385,0,1.855984331273588,4,4,0,-0.6835478776036732,-0.6201892226844657,3,-0.4911735278257753,-0.339393739508197,-0.3687152874355457,-0.5952272282818631,False,True,False,False,False,False,True,False,False,False,False,True,False,False,False,False,False,False,False,False,True,0.2,513.8571428571429,0.6,0,3.333333333333333,0,0
-0.9771736638126856,1,1,1.6920226880532891,0.3464272073569334,1,3,0,0.645040522822686,3,1,4,-0.8487901895288069,1.2145402329170472,-0.6780493930322936,1,-1.1505541015749308,3,4,0,-1.3322343721662295,0.9316033855643254,2,-0.9810141559830952,-0.8915894197262932,-0.6791456840737199,-1.1559347102263289,False,True,False,False,True,False,False,False,False,False,False,True,False,False,False,False,False,False,False,True,False,0.0,1257.5,0.5,0,3.6666666666666665,0,0
-1.196177366481484,0,1,1.4416333627741371,-0.7641208792270812,4,1,1,0.7926600716368035,4,1,4,-0.4433788964117859,-0.1253770466363953,-0.6780493930322936,0,1.855984331273588,4,2,1,-0.4240732797786506,-0.6201892226844657,3,0.161947309717318,0.7649976209279952,-0.6791456840737199,0.8065414765793012,False,True,False,False,False,False,True,False,False,False,False,True,False,False,False,False,False,False,False,True,False,0.0,491.1111111111111,0.7777777777777778,0,2.333333333333333,0,0
-0.7581699611438873,0,1,0.122750976155239,0.0996387436715968,3,3,1,0.3005949089230785,2,2,3,0.0158744214604088,-1.6312731710768331,-0.6780493930322936,0,0.7626976284195812,3,1,1,-0.1645986819536281,0.1557070814399298,3,0.4885077284888646,-0.339393739508197,-0.3687152874355457,-0.0345197463373974,False,False,True,False,False,True,False,False,False,False,False,False,False,False,False,False,True,False,False,True,False,0.0909090909090909,598.0,0.2727272727272727,0,2.333333333333333,0,2
0.3368485522001039,0,2,0.2467060876795716,2.073946453154289,2,3,0,1.2847252343505289,2,2,4,-0.4429532677575948,0.9683125138298192,0.1228606975723441,1,-0.6039107501479274,3,4,1,0.6138251115214394,0.1557070814399298,1,-0.9810141559830952,-0.8915894197262932,-0.6791456840737199,-1.1559347102263289,False,True,False,False,False,False,True,False,False,False,False,False,False,False,False,True,False,False,False,True,False,0.0,260.11764705882354,0.5,1,3.6666666666666665,0,0
-0.2106607044718917,0,1,0.0409406025491796,-0.8875151110697495,3,3,1,-1.0771875466753518,2,3,2,0.8024361744055581,0.7413389029132249,-0.2775943477299747,0,0.7626976284195812,3,2,1,0.4840878126089281,-0.6201892226844657,4,-0.0013328996684553,0.7649976209279952,1.1834366957553253,-0.0345197463373974,False,True,False,False,True,False,False,False,False,False,False,False,False,True,False,False,False,False,True,False,False,0.75,642.125,0.875,1,2.333333333333333,0,8
-0.3201625558062908,0,2,-0.330924732023818,-1.010909342912418,3,4,1,1.5307578157073911,2,2,1,-0.2469512725025942,1.608054852462845,-1.0785044383346123,0,1.3093409798465847,4,3,0,0.3543505136964169,0.1557070814399298,3,0.9783483566461848,1.3171933011460917,0.5625759024789769,1.3672489585237668,False,True,False,False,False,False,True,False,False,True,False,False,False,False,False,False,False,False,False,False,True,0.2857142857142857,356.2,0.6428571428571429,1,2.6666666666666665,0,3
-0.2106607044718917,0,2,-0.4127351056298775,-0.6407266473844129,4,4,1,-0.929567997861234,2,1,4,-0.8783713809950883,1.7179578640645643,-0.6780493930322936,0,-0.6039107501479274,3,2,1,-1.202497073253718,-0.6201892226844657,4,-0.8177339465973219,-0.6154915796172451,-0.0582848907973714,-0.5952272282818631,False,True,False,False,False,False,False,True,False,False,False,True,False,False,False,False,False,False,False,True,False,0.6666666666666666,792.0,0.6666666666666666,1,3.333333333333333,0,7
0.6653541062033014,1,1,1.4118841360082974,-0.0237554881710714,3,1,0,0.9402796204509212,1,2,3,-0.2463128295213075,-0.6779840052271374,2.1251359240839385,0,-0.6039107501479274,3,2,0,-0.5538105786911619,-0.6201892226844657,2,-0.4911735278257753,-0.339393739508197,-0.3687152874355457,-0.3148734873096303,False,False,True,False,False,True,False,False,False,False,False,False,False,False,False,False,True,False,False,False,True,0.2,668.25,0.6,1,2.0,1,2
-0.5391662584750891,0,0,0.1475419984601055,-0.8875151110697495,1,3,0,0.4974209740085685,3,1,1,-0.7823921194749957,0.0890884210160646,-0.6780493930322936,0,-0.8772324258614291,3,3,3,-1.3322343721662295,0.1557070814399298,3,-0.9810141559830952,-1.1676872598353414,-0.6791456840737199,-1.1559347102263289,False,False,True,False,True,False,False,False,False,False,False,False,False,False,False,False,False,True,True,False,False,0.0,1413.5,0.0,1,2.333333333333333,0,5
2.08887817355049,0,1,-0.2094487227299721,-0.6407266473844129,4,4,0,1.2847252343505289,3,5,1,2.7927417338445326,0.5989709351989773,0.523315742874663,0,-0.6039107501479274,3,4,1,2.1706726984715745,-0.6201892226844657,3,-0.3278933184400019,-0.6154915796172451,0.5625759024789769,-0.5952272282818631,False,True,False,False,False,False,False,False,True,False,False,False,True,False,False,False,False,False,True,False,False,0.6666666666666666,687.6896551724138,0.3333333333333333,2,3.0,0,4
-0.8676718124782865,0,1,1.4837781006924105,-0.3939381836990763,1,2,0,-0.5851223839616266,3,1,4,-0.7176965640379487,1.6905523816319108,-0.6780493930322936,0,-0.6039107501479274,3,1,1,-0.1645986819536281,1.707499689688721,3,0.4885077284888646,1.041095461037043,-0.6791456840737199,1.086895217551534,False,True,False,False,False,False,True,False,False,False,False,True,False,False,False,False,False,False,False,True,False,0.0,284.6363636363636,0.7272727272727273,0,2.333333333333333,0,0
-1.9626903258222776,0,1,-0.3904231855554976,-0.0237554881710714,2,3,1,-0.5851223839616266,3,1,1,-0.8409160594262716,-1.0036173529012853,-0.6780493930322936,0,2.675949358414093,4,3,0,-1.3322343721662295,0.9316033855643254,3,-0.9810141559830952,-0.8915894197262932,-0.6791456840737199,-1.1559347102263289,False,True,False,False,True,False,False,False,False,False,False,False,False,False,False,True,False,False,False,False,True,0.0,1276.0,0.5,0,2.333333333333333,0,0
0.8843578088720997,0,1,1.6226078255996628,-0.270543951856408,3,1,0,0.841866587908176,3,1,3,-0.4312484797673397,0.8132958619158851,0.523315742874663,1,1.036019304133083,3,3,1,-0.5538105786911619,-0.6201892226844657,2,-0.6544537372115486,-0.6154915796172451,-0.6791456840737199,-0.5952272282818631,False,True,False,False,False,False,True,False,False,False,False,False,False,False,False,True,False,False,False,True,False,0.0,559.625,0.5,1,2.333333333333333,0,0
0.0083429981969065,0,1,0.4326387549660704,-1.010909342912418,3,4,0,-0.4867093514188816,2,2,4,-0.0062582685575282,-0.6116486836465601,-0.6780493930322936,0,-0.6039107501479274,3,2,1,0.3543505136964169,-0.6201892226844657,2,1.141628566031958,1.041095461037043,0.2521455058408027,1.9279564404682328,False,True,False,False,True,False,False,False,False,False,False,False,False,True,False,False,False,False,False,True,False,0.2,431.6,0.5333333333333333,1,3.333333333333333,0,8
-1.8531884744878788,0,1,0.0062331713223664,-0.7641208792270812,3,1,1,1.038692652993666,2,1,3,-0.7385523680933125,-0.2087178214187732,-0.6780493930322936,0,-0.8772324258614291,3,1,0,-1.202497073253718,-0.6201892226844657,2,-0.8177339465973219,-0.6154915796172451,-0.3687152874355457,-0.5952272282818631,False,True,False,False,True,False,False,False,False,False,False,True,False,False,False,False,False,False,False,False,True,0.3333333333333333,1011.0,0.6666666666666666,0,1.6666666666666667,1,0
0.7748559575377005,1,1,0.7301310226244685,0.0996387436715968,4,3,1,1.4815512994360187,3,1,3,-0.7591953578215808,-0.4900807743940188,-0.6780493930322936,1,-1.1505541015749308,3,3,0,-0.6835478776036732,0.9316033855643254,3,-0.1646131090542286,-0.063295899399149,-0.6791456840737199,-0.5952272282818631,False,True,False,False,True,False,False,False,False,False,False,False,False,False,False,True,False,False,False,False,True,0.0,419.4285714285714,0.5714285714285714,1,3.0,0,0
1.7603726195472926,0,1,1.0424979036657869,-0.270543951856408,2,4,0,-0.7819484490471167,3,5,3,2.5756051477656725,0.6081060960098619,0.1228606975723441,0,0.7626976284195812,3,2,1,1.911198100646552,2.4833959938131165,3,-0.0013328996684553,0.7649976209279952,0.5625759024789769,0.8065414765793012,False,True,False,False,False,False,True,False,False,False,False,False,True,False,False,False,False,False,True,False,False,0.5,689.1111111111111,0.875,2,3.0,0,4
-0.8676718124782865,0,1,0.3458701768990376,0.7166099028849382,1,2,0,0.1529753601089609,1,1,4,-0.9226367610309624,1.7736120745431845,-1.0785044383346123,1,0.7626976284195812,3,1,1,-0.6835478776036732,-0.6201892226844657,2,-0.3278933184400019,-0.063295899399149,-0.3687152874355457,-0.3148734873096303,False,True,False,False,True,False,False,False,False,False,False,False,False,False,False,True,False,False,False,True,False,0.1666666666666666,309.7142857142857,0.6666666666666666,0,2.333333333333333,0,0
-1.6341847718190805,1,2,1.124308277271846,-0.7641208792270812,4,3,1,-0.8803614815898617,2,1,4,-0.7768589469705113,-1.418072571844342,-1.0785044383346123,1,-1.1505541015749308,3,2,1,-1.3322343721662295,1.707499689688721,3,-1.1442943653688686,-1.1676872598353414,-0.6791456840737199,-1.1559347102263289,False,True,False,False,True,False,False,False,False,False,False,False,False,False,False,True,False,False,False,True,False,0.0,1426.5,0.0,0,3.0,0,0
0.9938596602064989,0,1,1.486257202922897,-0.8875151110697495,3,3,0,0.1529753601089609,3,4,1,2.244040426150807,1.375037981317512,2.1251359240839385,0,2.1293060069870897,4,1,0,2.1706726984715745,-0.6201892226844657,3,3.1009910786612376,2.97378034180038,3.977310265498893,1.3672489585237668,False,False,True,False,False,True,False,False,False,False,False,False,True,False,False,False,False,False,False,True,False,0.5555555555555556,587.8620689655172,0.5555555555555556,2,1.6666666666666667,1,4
0.7748559575377005,0,0,-1.7142637766353692,0.9633983665702748,3,4,1,0.3990079414658235,1,1,3,-0.8966734131253055,-1.410202279453426,-0.2775943477299747,0,-0.6039107501479274,3,4,0,-0.6835478776036732,0.1557070814399298,3,-1.1442943653688686,-1.1676872598353414,-0.6791456840737199,-1.1559347102263289,False,True,False,False,True,False,False,False,False,False,False,False,False,False,False,True,False,False,False,False,True,0.0,327.1428571428572,0.0,1,3.6666666666666665,0,0
-0.42966440714069,0,1,-1.6250160963378495,-0.8875151110697495,3,2,1,1.629170848250136,3,1,3,-0.6178866446301362,-0.8269573969123324,-0.6780493930322936,0,-0.6039107501479274,3,4,1,-0.8132851765161844,-0.6201892226844657,3,-0.3278933184400019,-0.063295899399149,-0.3687152874355457,-0.0345197463373974,True,False,False,True,False,False,False,False,False,False,True,False,False,False,False,False,False,False,False,True,False,0.1666666666666666,600.0,0.6666666666666666,1,3.0,0,1
0.4463504035345031,1,0,0.2566224966015182,-0.5173324155417446,2,1,1,1.432344783164646,2,1,1,-0.9356184349837908,0.8404202624774348,1.324225833479301,0,0.4893759527060795,3,1,1,-0.8132851765161844,-0.6201892226844657,1,-0.9810141559830952,-1.1676872598353414,-0.6791456840737199,-1.1559347102263289,False,True,False,False,True,False,False,False,False,False,False,False,False,False,False,True,False,False,True,False,False,0.0,351.1666666666667,0.0,1,1.0,1,0
-0.7581699611438873,0,1,1.3052827400973714,2.4441291486822943,4,3,1,-0.2406767700620191,3,2,1,-0.5082872661759285,-0.1575609208778195,2.1251359240839385,0,1.036019304133083,3,3,3,-0.4240732797786506,0.1557070814399298,3,-0.4911735278257753,-0.339393739508197,-0.6791456840737199,-0.3148734873096303,False,False,True,False,True,False,False,False,False,False,False,False,False,False,False,False,True,False,True,False,False,0.0,457.22222222222223,0.6,0,2.333333333333333,0,2
0.3368485522001039,0,2,0.9458129166768072,-0.8875151110697495,4,2,1,-0.1914702537906465,3,2,2,-0.463170628831672,1.5637844577639428,0.9237707881769818,0,-0.8772324258614291,3,4,3,-0.8132851765161844,-0.6201892226844657,3,-1.1442943653688686,-1.1676872598353414,-0.6791456840737199,-1.1559347102263289,False,False,True,False,False,False,True,False,False,False,False,False,False,False,False,False,True,False,False,True,False,0.0,721.1666666666666,0.0,1,2.6666666666666665,0,2
1.4318670655440953,0,2,1.5333601453021437,-0.8875151110697495,3,4,0,-1.7660787744745667,3,4,1,2.415994402444011,-0.6778434642915854,-0.2775943477299747,0,1.855984331273588,4,3,1,2.68962189412162,0.1557070814399298,3,-0.8177339465973219,-0.6154915796172451,-0.0582848907973714,-0.5952272282818631,False,True,False,False,False,False,True,False,False,False,False,False,True,False,False,False,False,False,False,True,False,0.6666666666666666,541.0909090909091,0.6666666666666666,2,2.6666666666666665,0,4
-0.9771736638126856,0,1,0.933417405524374,1.2101868302556114,4,4,1,0.5958340065513135,2,1,1,-0.703863632776738,-0.2619828359930081,-0.6780493930322936,0,-0.8772324258614291,3,3,3,-0.6835478776036732,-0.6201892226844657,3,-0.1646131090542286,0.212801940709899,0.2521455058408027,-0.3148734873096303,False,True,False,False,False,False,True,False,False,False,False,True,False,False,False,False,False,False,False,True,False,0.4285714285714285,456.57142857142856,0.7142857142857143,0,2.6666666666666665,0,0
0.9938596602064989,0,1,1.6052541099862565,0.7166099028849382,2,4,1,-0.6835354165043717,3,5,2,2.6766919531360585,-0.4868483328763212,0.9237707881769818,0,-1.1505541015749308,3,1,1,1.7814608017340408,-0.6201892226844657,3,-0.4911735278257753,-0.6154915796172451,-0.6791456840737199,-0.3148734873096303,False,True,False,False,True,False,False,False,False,False,False,False,False,False,True,False,False,False,False,True,False,0.0,733.8846153846154,0.4,2,2.333333333333333,0,6
-0.2106607044718917,0,1,1.3846140114729444,0.9633983665702748,4,3,1,1.3831382668932737,3,2,1,0.5240750345645799,0.9434367682371028,0.1228606975723441,1,-0.0572673987209239,3,4,3,0.4840878126089281,-0.6201892226844657,3,-0.0013328996684553,0.7649976209279952,-0.3687152874355457,0.8065414765793012,False,False,True,False,True,False,False,False,False,False,False,False,False,False,False,False,True,False,False,True,False,0.125,560.375,0.875,1,2.6666666666666665,0,2
-1.4151810691502822,1,1,0.449992470579477,0.9633983665702748,2,4,0,1.5307578157073911,3,1,2,-0.9136985592929494,-1.5376729079991542,-0.6780493930322936,0,-0.6039107501479274,3,1,1,-1.3322343721662295,0.1557070814399298,1,-0.9810141559830952,-1.1676872598353414,-0.6791456840737199,-1.1559347102263289,False,True,False,False,True,False,False,False,False,False,False,True,False,False,False,False,False,False,False,True,False,0.0,1105.0,0.0,0,2.333333333333333,0,0
-0.42966440714069,0,2,0.8516070319183144,1.950552221311621,3,2,0,0.7926600716368035,3,2,3,-0.4180539914874156,-1.3222236537978298,-0.6780493930322936,0,-0.8772324258614291,3,1,1,-0.1645986819536281,0.1557070814399298,2,0.4885077284888646,0.7649976209279952,-0.6791456840737199,-0.8755809692540959,False,False,True,False,False,False,True,False,False,False,False,False,False,False,False,False,True,False,False,True,False,0.0,412.6363636363636,0.6363636363636364,1,2.0,1,2
-0.1011588531374925,0,1,0.2838926211368713,-0.3939381836990763,4,3,1,-0.2898832863333916,1,1,3,-0.8006941516052128,-1.0467634201157712,-0.6780493930322936,0,-0.3305890744344257,3,3,1,-0.5538105786911619,0.9316033855643254,3,-0.0013328996684553,0.7649976209279952,-0.3687152874355457,0.8065414765793012,False,True,False,False,True,False,False,False,False,False,False,True,False,False,False,False,False,False,True,False,False,0.125,342.625,0.875,1,3.0,0,0
-0.7581699611438873,0,1,0.1252300783857257,-0.270543951856408,4,3,1,-0.8311549653184892,3,2,3,-0.6410834062835511,-0.4221995025223687,-0.6780493930322936,0,-0.6039107501479274,3,1,3,-0.1645986819536281,0.9316033855643254,2,0.4885077284888646,0.7649976209279952,1.8042974890316736,1.3672489585237668,False,True,False,False,True,False,False,False,False,False,False,True,False,False,False,False,False,False,True,False,False,0.7272727272727273,317.3636363636364,0.6363636363636364,0,2.333333333333333,0,0
0.7748559575377005,0,1,-1.493623678122057,2.4441291486822943,4,4,1,-1.6676657419318217,3,2,4,-0.4176283628332245,-0.9232279377655008,-0.6780493930322936,0,2.675949358414093,4,2,0,1.1327743071714844,0.1557070814399298,3,2.1213098223465976,1.8693889813641875,3.3564494722225446,3.6100788863016295,False,True,False,False,False,False,False,True,False,False,False,False,False,False,False,True,False,False,False,False,True,0.6190476190476191,216.23809523809524,0.5238095238095238,1,3.333333333333333,0,2
-1.8531884744878788,0,1,-0.3681112654811178,1.456975293940948,3,3,1,-1.1263940629467242,4,1,4,-0.8141014542122325,-1.3018452181427795,-0.6780493930322936,0,0.4893759527060795,3,4,0,-1.202497073253718,-0.6201892226844657,3,-0.8177339465973219,-0.8915894197262932,-0.0582848907973714,-0.5952272282818631,False,False,True,False,False,True,False,False,False,False,False,False,False,False,False,False,False,True,False,False,True,0.6666666666666666,892.6666666666666,0.3333333333333333,0,3.6666666666666665,0,5
0.9938596602064989,0,1,-1.6175787896463898,-0.8875151110697495,4,4,1,-0.2898832863333916,3,2,4,0.1863386974639436,0.4384731867985125,-0.2775943477299747,0,-1.1505541015749308,3,3,1,0.0948759158713943,0.1557070814399298,2,-0.1646131090542286,-0.339393739508197,-0.3687152874355457,-0.0345197463373974,False,True,False,False,False,False,False,False,True,False,False,False,False,True,False,False,False,False,True,False,False,0.1428571428571428,567.6153846153846,0.4285714285714285,2,3.6666666666666665,0,8
0.5558522548689022,0,0,-1.545684824962277,-0.8875151110697495,5,4,1,0.645040522822686,4,2,1,-0.0492467626308291,-0.2045015933522111,1.7246808787816197,0,0.2160542769925777,3,1,1,-0.1645986819536281,0.1557070814399298,4,-0.4911735278257753,-0.339393739508197,-0.6791456840737199,-0.3148734873096303,True,False,False,False,False,False,True,False,False,False,True,False,False,False,False,False,False,False,False,True,False,0.0,570.1818181818181,0.6,1,2.0,1,1
2.526885578888087,0,1,-0.2639889718006785,-0.270543951856408,4,2,1,-0.6835354165043717,4,2,4,-0.2731274347353467,-0.4806645317120301,-1.0785044383346123,1,0.7626976284195812,3,2,1,0.0948759158713943,0.1557070814399298,3,0.651787937874638,0.7649976209279952,-0.3687152874355457,1.3672489585237668,False,False,True,False,False,True,False,False,False,False,False,False,False,False,False,False,True,False,True,False,False,0.0833333333333333,401.5384615384616,0.5833333333333334,2,2.6666666666666665,0,2
-0.5391662584750891,0,2,-1.701868265482936,0.4698214391996017,3,3,0,0.5466274902799411,2,1,2,-0.8002685229510217,-0.981271344148506,-0.6780493930322936,0,1.3093409798465847,4,3,1,-1.202497073253718,-0.6201892226844657,3,-0.8177339465973219,-0.6154915796172451,-0.0582848907973714,-0.5952272282818631,False,True,False,False,False,False,False,True,False,False,False,True,False,False,False,False,False,False,False,True,False,0.6666666666666666,914.3333333333334,0.6666666666666666,1,2.6666666666666665,0,7
-0.5391662584750891,0,2,1.2730544111010451,-0.8875151110697495,2,4,0,-1.3724266443035866,3,2,3,-0.3203722153505586,-1.682992235359995,0.523315742874663,1,-0.3305890744344257,3,4,0,-0.1645986819536281,-0.6201892226844657,3,0.161947309717318,0.7649976209279952,-0.6791456840737199,0.8065414765793012,False,True,False,False,True,False,False,False,False,False,False,False,False,False,False,True,False,False,False,False,True,0.0,454.3636363636364,0.7777777777777778,1,3.6666666666666665,0,0
-0.1011588531374925,0,1,-1.0895300145527331,-1.010909342912418,3,3,0,0.5466274902799411,1,3,1,0.7977542592094561,-1.416386080617717,-0.2775943477299747,1,1.5826626555600865,4,3,1,0.7435624104339507,-0.6201892226844657,3,-0.0013328996684553,0.7649976209279952,1.4938670923934996,0.8065414765793012,False,True,False,False,False,False,False,False,True,False,False,False,False,True,False,False,False,False,True,False,False,0.875,569.5555555555555,0.875,1,2.333333333333333,0,8
-0.42966440714069,0,1,-1.6993891632524494,-0.0237554881710714,3,1,1,-0.2898832863333916,3,1,4,-0.7921815785213908,-1.1246230984116183,-1.0785044383346123,0,-0.6039107501479274,3,2,1,0.4840878126089281,1.707499689688721,3,1.141628566031958,1.5932911412551394,0.5625759024789769,1.6476026994959998,False,True,False,False,False,False,True,False,False,False,False,False,False,False,False,True,False,False,False,True,False,0.2666666666666666,173.8125,0.6666666666666666,1,2.333333333333333,0,0
0.3368485522001039,0,1,-1.7241801855573158,0.0996387436715968,3,2,0,0.8910731041795485,2,2,2,0.0741855470845892,-0.3825669586966848,1.7246808787816197,0,-0.8772324258614291,3,2,1,-0.5538105786911619,-0.6201892226844657,4,-0.3278933184400019,-0.8915894197262932,-0.3687152874355457,-0.3148734873096303,False,False,True,False,False,False,False,False,True,False,False,False,False,False,False,False,True,False,True,False,False,0.1666666666666666,856.5,0.1666666666666666,1,2.0,1,2
-1.3056792178158831,0,1,1.3722185003205112,0.0996387436715968,4,3,1,-0.4375028351475091,3,2,4,-0.330587303051145,0.8867987712096181,-1.0785044383346123,0,-0.3305890744344257,3,2,0,-0.8132851765161844,0.9316033855643254,3,-0.4911735278257753,-0.339393739508197,-0.3687152874355457,-0.8755809692540959,False,False,True,False,True,False,False,False,False,False,False,False,False,False,False,False,True,False,False,False,True,0.2,825.0,0.6,0,3.0,0,2
-0.7581699611438873,0,1,1.642440643443556,-1.010909342912418,3,4,1,-0.142263737519274,3,1,2,-0.6223557454991427,-0.694848917493386,-1.0785044383346123,1,1.5826626555600865,4,1,1,0.0948759158713943,-0.6201892226844657,3,0.651787937874638,1.3171933011460917,0.8730062991171511,0.8065414765793012,False,True,False,False,False,False,True,False,False,False,False,False,False,False,False,True,False,False,False,True,False,0.4166666666666667,275.3076923076923,0.75,0,2.333333333333333,0,0
0.5558522548689022,0,2,-0.8540153026565014,2.073946453154289,5,1,0,-0.2898832863333916,3,3,1,1.4232155665432746,1.2603565779070225,0.1228606975723441,1,0.4893759527060795,3,3,0,1.1327743071714844,2.4833959938131165,3,-0.9810141559830952,-1.1676872598353414,-0.6791456840737199,-1.1559347102263289,False,True,False,False,False,False,True,False,False,False,False,False,False,False,True,False,False,False,False,True,False,0.0,628.1428571428571,0.0,1,1.6666666666666667,1,6
-0.2106607044718917,0,0,1.0152277791304334,-0.1471497200137397,2,3,0,0.5958340065513135,2,3,4,0.8243560500963997,-0.0784363741620036,0.523315742874663,1,-1.1505541015749308,3,2,1,0.6138251115214394,2.4833959938131165,2,0.9783483566461848,-0.6154915796172451,0.5625759024789769,2.2083101814404653,False,False,True,False,False,True,False,False,False,False,False,False,False,False,False,False,True,False,False,True,False,0.2857142857142857,610.4117647058823,0.1428571428571428,1,3.0,0,2
-1.0866755151470848,0,1,0.7450056360073884,0.59321567104227,3,1,1,-1.1756005792180968,3,1,1,-0.9083782011155608,0.0089800877513843,-0.6780493930322936,1,-0.3305890744344257,3,4,2,-0.2943359808661394,0.1557070814399298,2,0.3252275191030913,0.7649976209279952,1.1834366957553253,1.086895217551534,False,True,False,False,True,False,False,False,False,False,False,False,False,False,False,True,False,False,False,True,False,0.6,223.5,0.7,0,2.0,1,0
1.869874470881692,0,2,0.4053686304307173,-1.010909342912418,4,4,0,-0.6343289002329991,3,3,3,0.8509578409833433,-0.6540920461832854,1.7246808787816197,0,0.4893759527060795,3,1,1,2.819359193034131,-0.6201892226844657,1,-0.3278933184400019,-0.063295899399149,-0.3687152874355457,-0.0345197463373974,False,True,False,False,True,False,False,False,False,False,False,False,False,True,False,False,False,False,True,False,False,0.1666666666666666,308.88235294117646,0.6666666666666666,2,2.6666666666666665,0,8
0.7748559575377005,0,1,0.7797130672342015,-0.8875151110697495,1,1,0,0.3005949089230785,4,1,4,-0.9560486103849636,0.7967120315207408,-0.6780493930322936,0,-0.6039107501479274,3,4,1,-0.1645986819536281,1.707499689688721,3,0.4885077284888646,0.212801940709899,1.4938670923934996,0.8065414765793012,False,True,False,False,True,False,False,False,False,False,False,False,False,False,False,True,False,False,False,True,False,0.6363636363636364,182.8181818181818,0.4545454545454545,1,3.0,0,0
-1.9626903258222776,1,0,-0.7399766000541155,0.0996387436715968,3,1,0,1.4815512994360187,2,1,2,-0.9883963881034872,-1.147531270906606,-0.6780493930322936,1,2.675949358414093,4,2,0,-1.3322343721662295,-0.6201892226844657,4,-0.9810141559830952,-0.8915894197262932,-0.6791456840737199,-1.1559347102263289,False,True,False,False,False,False,True,False,False,False,False,False,False,False,False,True,False,False,False,False,True,0.0,929.5,0.5,0,1.6666666666666667,1,0
-0.8676718124782865,0,1,0.5144491285721299,-1.010909342912418,3,1,0,1.5307578157073911,3,1,4,-0.5838363522948483,-1.2248287854602449,-0.6780493930322936,0,-0.0572673987209239,3,1,3,-1.072759774341207,1.707499689688721,3,-0.6544537372115486,-0.6154915796172451,-0.3687152874355457,-0.5952272282818631,False,True,False,False,True,False,False,False,False,False,False,False,False,False,False,True,False,False,True,False,False,0.25,940.0,0.5,0,2.0,1,0
1.869874470881692,0,1,-0.2912590963360316,-0.7641208792270812,3,4,1,0.9402796204509212,3,4,4,2.3996076992576536,1.287480978468572,0.1228606975723441,0,-0.3305890744344257,3,1,0,3.078833790859153,-0.6201892226844657,3,0.4885077284888646,1.3171933011460917,-0.6791456840737199,1.3672489585237668,False,True,False,False,True,False,False,False,False,False,False,False,False,False,True,False,False,False,False,True,False,0.0,480.5135135135135,0.8181818181818182,2,3.0,0,6
-0.6486681098094882,0,1,1.3127200467888316,0.2230329755142651,2,3,1,0.6942470390940585,3,2,1,0.0701420748697738,0.3901271049686001,-0.6780493930322936,1,-0.8772324258614291,3,4,0,-0.6835478776036732,-0.6201892226844657,2,-0.1646131090542286,0.212801940709899,-0.6791456840737199,-0.8755809692540959,False,True,False,False,False,False,True,False,False,True,False,False,False,False,False,False,False,False,False,True,False,0.0,976.1428571428572,0.7142857142857143,1,2.6666666666666665,0,3
-0.6486681098094882,0,1,0.6433624445574357,1.827157989468953,3,3,0,1.4815512994360187,2,2,1,0.0656729740007673,0.4054460669437759,-0.6780493930322936,0,1.036019304133083,3,2,0,-0.1645986819536281,-0.6201892226844657,3,0.4885077284888646,1.3171933011460917,-0.3687152874355457,1.086895217551534,False,True,False,False,False,False,True,False,False,True,False,False,False,False,False,False,False,False,False,False,True,0.0909090909090909,619.2727272727273,0.8181818181818182,1,2.0,1,3
2.417383727553688,0,1,-1.1812567970807393,-0.7641208792270812,3,3,0,-0.8803614815898617,2,2,4,-0.2835553367630286,0.3059430845729098,0.9237707881769818,0,0.4893759527060795,3,4,0,0.2246132147839056,-0.6201892226844657,3,-0.1646131090542286,-0.8915894197262932,-0.6791456840737199,0.2458339946348354,False,False,True,False,True,False,False,False,False,False,False,False,False,False,False,False,True,False,False,False,True,0.0,369.3571428571428,0.1428571428571428,2,3.6666666666666665,0,2
0.6653541062033014,0,1,0.2913299278283313,-0.7641208792270812,3,3,1,1.4815512994360187,1,5,4,2.7927417338445326,0.6059979819765808,0.1228606975723441,0,-0.3305890744344257,3,2,1,1.7814608017340408,-0.6201892226844657,3,0.161947309717318,0.7649976209279952,-0.6791456840737199,0.8065414765793012,False,True,False,False,True,False,False,False,False,False,False,False,False,False,True,False,False,False,False,True,False,0.0,759.2307692307693,0.7777777777777778,1,3.0,0,6
1.3223652142096962,0,1,0.7326101248549552,-0.6407266473844129,2,1,1,0.9402796204509212,2,5,3,2.5979506521107054,-0.307658640047431,-0.2775943477299747,0,-0.6039107501479274,3,3,1,1.5219862039090182,-0.6201892226844657,4,-0.9810141559830952,-1.1676872598353414,-0.6791456840737199,-1.1559347102263289,False,True,False,False,False,False,True,False,False,False,False,False,True,False,False,False,False,False,False,True,False,0.0,779.625,0.0,2,2.333333333333333,0,4
-0.1011588531374925,0,2,-0.8267451781211482,-0.7641208792270812,3,3,1,-0.9787745141326066,3,1,2,-0.5983077265373457,-0.7107300432107699,-0.6780493930322936,0,-0.8772324258614291,3,3,0,0.0948759158713943,-0.6201892226844657,2,0.651787937874638,1.5932911412551394,-0.6791456840737199,0.8065414765793012,False,True,False,False,False,False,False,False,True,False,False,False,False,False,False,True,False,False,False,True,False,0.0,284.0,0.8333333333333334,1,2.6666666666666665,0,0
1.2128633628752972,0,1,0.4128059371221772,-0.8875151110697495,2,4,1,0.4974209740085685,4,1,2,-0.8394263591366028,0.324213406194679,0.9237707881769818,0,-1.1505541015749308,3,3,0,-0.5538105786911619,0.9316033855643254,2,-0.9810141559830952,-1.1676872598353414,-0.6791456840737199,-1.1559347102263289,False,True,False,False,False,False,False,False,True,False,False,True,False,False,False,False,False,False,False,False,True,0.0,319.875,0.0,2,3.0,0,0
-1.0866755151470848,0,1,0.903668178758534,-0.6407266473844129,2,1,1,0.4974209740085685,3,1,3,-0.8483645608746158,-1.5607216214296935,-0.6780493930322936,0,-1.1505541015749308,3,2,3,-0.8132851765161844,-0.6201892226844657,3,-0.3278933184400019,-0.339393739508197,-0.6791456840737199,-0.3148734873096303,False,True,False,False,True,False,False,False,False,False,False,False,False,False,False,True,False,False,True,False,False,0.0,419.5,0.5,0,2.0,1,0
-0.8676718124782865,0,1,1.3052827400973714,-0.270543951856408,3,3,1,0.7926600716368035,3,2,4,0.0254510661797085,-1.420742849619831,-0.6780493930322936,1,-1.1505541015749308,3,2,2,-0.6835478776036732,-0.6201892226844657,3,-0.1646131090542286,-1.1676872598353414,-0.3687152874355457,-1.1559347102263289,False,True,False,False,True,False,False,False,False,True,False,False,False,False,False,False,False,False,True,False,False,0.1428571428571428,946.1428571428572,0.0,0,3.0,0,3
1.2128633628752972,0,1,-0.2168860294214321,-1.010909342912418,3,4,1,0.4974209740085685,2,5,4,2.5030354622260904,-0.784232952504503,1.324225833479301,0,-0.8772324258614291,3,3,0,1.7814608017340408,0.1557070814399298,4,-0.9810141559830952,-1.1676872598353414,-0.6791456840737199,-1.1559347102263289,False,True,False,False,True,False,False,False,False,False,False,False,False,False,True,False,False,False,False,False,True,0.0,702.5,0.0,2,3.6666666666666665,0,6
-0.8676718124782865,0,1,-0.2689471762616517,-1.010909342912418,3,4,0,1.038692652993666,2,4,4,2.04739998791452,-1.5305053202859986,0.1228606975723441,0,-0.3305890744344257,3,2,2,-0.2943359808661394,-0.6201892226844657,2,-0.0013328996684553,0.7649976209279952,-0.3687152874355457,0.8065414765793012,False,True,False,False,True,False,False,False,False,False,False,False,False,False,True,False,False,False,True,False,False,0.125,1612.4,0.875,0,3.333333333333333,0,6
-0.3201625558062908,0,1,1.2829708200229917,1.3335810620982798,3,3,0,1.137105685536411,4,1,3,-0.8338931866321184,1.0301505254727303,-1.0785044383346123,0,0.4893759527060795,3,4,0,-1.202497073253718,1.707499689688721,2,-0.9810141559830952,-1.1676872598353414,-0.6791456840737199,-1.1559347102263289,False,True,False,False,False,False,False,False,True,False,False,False,False,False,False,True,False,False,False,True,False,0.0,861.6666666666666,0.0,1,3.333333333333333,0,0
0.7748559575377005,0,1,0.7350892270854419,-0.5173324155417446,3,2,1,1.0878991692650386,3,5,2,2.491969117217122,-0.7817032156645657,1.7246808787816197,0,-1.1505541015749308,3,3,1,1.911198100646552,1.707499689688721,3,2.447870241118145,1.3171933011460917,0.2521455058408027,1.6476026994959998,False,False,True,False,False,True,False,False,False,False,False,False,True,False,False,False,False,False,False,True,False,0.1304347826086956,674.5555555555555,0.391304347826087,1,2.333333333333333,0,4
-0.42966440714069,0,1,-0.6606453286785426,0.0996387436715968,5,4,1,0.7926600716368035,4,3,3,0.3993658388865882,1.0392856862836148,-1.0785044383346123,1,-0.3305890744344257,3,4,2,-0.1645986819536281,0.1557070814399298,3,0.3252275191030913,1.041095461037043,-0.6791456840737199,1.086895217551534,False,False,True,False,False,True,False,False,False,False,False,False,False,False,False,False,True,False,True,False,False,0.0,761.8181818181819,0.8,1,3.6666666666666665,0,2
-1.9626903258222776,0,1,-1.332482033140425,1.950552221311621,3,2,0,-0.4375028351475091,4,1,4,-0.7468521268500389,0.9708422506697564,-0.6780493930322936,1,-0.8772324258614291,3,4,0,-1.3322343721662295,-0.6201892226844657,3,-0.9810141559830952,-1.1676872598353414,-0.6791456840737199,-0.8755809692540959,False,True,False,False,True,False,False,False,False,False,False,False,False,False,False,True,False,False,False,False,True,0.0,1497.0,0.0,0,3.333333333333333,0,0
-1.5246829204846812,0,1,-1.0647389922478667,-1.010909342912418,2,4,1,-0.929567997861234,3,1,3,-1.0898109275376,0.3637054090848108,-0.6780493930322936,0,1.855984331273588,4,4,1,-1.3322343721662295,-0.6201892226844657,3,-0.9810141559830952,-1.1676872598353414,-0.6791456840737199,-0.8755809692540959,False,True,False,False,True,False,False,False,False,False,False,False,False,False,False,True,False,False,False,True,False,0.0,611.5,0.0,0,3.6666666666666665,0,0
-1.3056792178158831,1,2,-0.5044618881578836,1.827157989468953,1,3,1,0.349801425194451,1,1,4,-1.0898109275376,-0.8816278208420879,-0.6780493930322936,1,-0.3305890744344257,3,4,0,-1.3322343721662295,0.9316033855643254,3,-0.9810141559830952,-1.1676872598353414,-0.3687152874355457,-1.1559347102263289,False,False,True,False,True,False,False,False,False,False,False,False,False,False,False,False,False,True,False,False,True,0.5,559.0,0.0,0,3.6666666666666665,0,5
-1.196177366481484,0,1,-0.54412752384567,-0.6407266473844129,2,3,1,-0.6343289002329991,3,1,4,-0.7721770317744092,-0.6099621924199352,-0.6780493930322936,1,1.3093409798465847,4,2,0,-0.4240732797786506,-0.6201892226844657,2,0.161947309717318,0.212801940709899,-0.0582848907973714,-0.5952272282818631,False,True,False,False,True,False,False,False,False,False,False,False,False,False,False,True,False,False,False,False,True,0.2222222222222222,319.44444444444446,0.5555555555555556,0,3.0,0,0
0.8843578088720997,1,1,1.6027750077557696,-0.8875151110697495,3,1,0,1.3831382668932737,1,5,2,2.6219986710725025,-1.6612083903494244,-0.2775943477299747,1,0.2160542769925777,3,1,0,1.911198100646552,-0.6201892226844657,3,2.774430659889691,1.5932911412551394,-0.3687152874355457,1.9279564404682328,False,False,True,False,False,True,False,False,False,False,False,False,True,False,False,False,False,False,False,False,True,0.04,697.1851851851852,0.4,1,1.3333333333333333,1,4
1.979376322216091,0,0,-1.5506430294232505,-0.1471497200137397,1,4,1,-1.4216331605749593,2,4,2,1.5053618968021565,1.5851466799678575,-0.6780493930322936,1,-0.0572673987209239,3,4,1,2.949096491946642,0.1557070814399298,3,4.243952544361651,1.3171933011460917,3.977310265498893,-1.1559347102263289,False,True,False,False,False,False,True,False,False,True,False,False,False,False,False,False,False,False,True,False,False,0.4411764705882353,387.9142857142857,0.2647058823529412,2,3.333333333333333,0,4
-1.7436866231534796,1,2,-1.3671894643672382,0.0996387436715968,2,1,0,-1.0279810304039791,2,1,3,-0.8253806135482965,1.5452330542710695,-0.6780493930322936,0,1.3093409798465847,4,3,0,-1.202497073253718,-0.6201892226844657,1,-0.8177339465973219,-0.6154915796172451,-0.0582848907973714,-0.5952272282818631,False,True,False,False,True,False,False,False,False,False,False,True,False,False,False,False,False,False,False,False,True,0.6666666666666666,875.0,0.6666666666666666,0,2.333333333333333,0,0
0.9938596602064989,0,1,-1.57295494949763,-0.6407266473844129,2,4,0,-1.6184592256604493,2,5,2,2.614550169624158,-0.6137567976798411,-0.2775943477299747,0,-0.3305890744344257,3,3,1,1.911198100646552,-0.6201892226844657,3,0.651787937874638,-0.063295899399149,-0.6791456840737199,1.086895217551534,False,False,True,False,False,True,False,False,False,False,False,False,True,False,False,False,False,False,False,True,False,0.0,695.8888888888889,0.3333333333333333,2,3.0,0,4
-0.3201625558062908,0,1,-1.6646817320256362,-0.8875151110697495,3,3,0,0.9894861367222936,3,2,1,-0.4182668058145112,-1.1628502328817816,-1.0785044383346123,1,-0.8772324258614291,3,4,0,-0.9430224754286956,0.1557070814399298,3,-0.6544537372115486,-0.6154915796172451,-0.6791456840737199,-0.5952272282818631,False,False,True,False,False,True,False,False,False,False,False,False,False,False,False,False,True,False,False,False,True,0.0,907.6,0.5,1,2.6666666666666665,0,2
1.5413689168784943,0,2,-1.4018968955940512,-0.0237554881710714,3,4,1,0.841866587908176,3,5,2,2.7927417338445326,0.6862468561768132,0.523315742874663,1,2.4026276827005915,4,1,1,2.559884595209108,1.707499689688721,2,3.5908317068185576,1.5932911412551394,2.7355886789461965,1.6476026994959998,False,False,True,False,True,False,False,False,False,False,False,False,True,False,False,False,False,False,True,False,False,0.3666666666666666,620.21875,0.3333333333333333,2,2.333333333333333,0,4
2.417383727553688,0,1,1.5531929631460366,1.0867925984129432,4,4,1,0.0545623275662159,3,3,4,0.8530859842542988,0.7995228502317823,1.324225833479301,0,-0.8772324258614291,3,4,0,1.7814608017340408,2.4833959938131165,2,0.3252275191030913,0.7649976209279952,0.8730062991171511,-0.0345197463373974,False,True,False,False,False,False,True,False,False,False,False,False,False,True,False,False,False,False,False,False,True,0.5,404.3076923076923,0.7,2,4.0,0,8
-0.3201625558062908,0,2,-1.6547653231036896,1.2101868302556114,3,3,0,-0.9787745141326066,3,2,2,-0.4382713525614928,1.1553724990496252,0.523315742874663,0,-0.6039107501479274,3,3,2,0.4840878126089281,-0.6201892226844657,4,0.651787937874638,1.041095461037043,0.8730062991171511,1.6476026994959998,False,True,False,False,False,False,True,False,False,False,False,True,False,False,False,False,False,False,True,False,False,0.4166666666666667,277.75,0.6666666666666666,1,2.6666666666666665,0,0
-0.9771736638126856,0,2,-0.0284742599044466,-1.010909342912418,4,4,1,-1.0771875466753518,3,1,3,-0.9256161616103,-1.0499958616334688,-1.0785044383346123,1,-1.1505541015749308,3,3,0,-0.8132851765161844,-0.6201892226844657,2,-0.4911735278257753,-0.6154915796172451,-0.6791456840737199,-0.5952272282818631,False,True,False,False,False,False,True,False,False,False,False,True,False,False,False,False,False,False,False,False,True,0.0,359.0,0.4,0,3.333333333333333,0,0
0.7748559575377005,0,1,0.982999450134107,-0.6407266473844129,2,3,1,1.2847252343505289,4,5,1,2.699888714789473,0.4446569879628036,-0.6780493930322936,0,-0.3305890744344257,3,4,2,1.911198100646552,0.9316033855643254,2,2.9377108692754645,1.3171933011460917,3.666879868860719,2.488663922412698,False,True,False,False,True,False,False,False,False,False,False,False,True,False,False,False,False,False,True,False,False,0.5384615384615384,710.7407407407408,0.3461538461538461,1,2.6666666666666665,0,4
-0.3201625558062908,0,2,-0.3829858788640377,0.2230329755142651,3,3,1,-0.4867093514188816,2,2,2,-0.4284818935150975,1.0568533032276235,0.523315742874663,0,-1.1505541015749308,3,4,2,0.3543505136964169,1.707499689688721,4,0.4885077284888646,1.3171933011460917,-0.3687152874355457,1.086895217551534,True,False,False,False,True,False,False,False,False,False,True,False,False,False,False,False,False,False,False,True,False,0.0909090909090909,299.3333333333333,0.8181818181818182,1,3.0,0,1
-0.2106607044718917,0,1,-0.167303984811699,-0.3939381836990763,1,3,1,0.0053558112948434,3,1,3,-0.6378911913771178,-1.1655205106572708,-1.0785044383346123,1,-0.3305890744344257,3,4,0,-0.9430224754286956,0.1557070814399298,3,-0.6544537372115486,-0.6154915796172451,-0.0582848907973714,-0.5952272282818631,False,True,False,False,True,False,False,False,False,False,False,False,False,False,False,True,False,False,False,True,False,0.5,701.2,0.5,1,3.333333333333333,0,0
0.5558522548689022,0,1,-0.494545479235937,-0.270543951856408,4,2,0,0.5958340065513135,4,2,2,-0.8792226383034704,-1.2206125573936826,1.324225833479301,1,0.2160542769925777,3,4,0,0.873299709346462,-0.6201892226844657,3,-0.9810141559830952,-1.1676872598353414,-0.6791456840737199,-1.1559347102263289,False,True,False,False,False,False,True,False,False,False,False,False,False,False,False,True,False,False,False,True,False,0.0,124.84210526315788,0.0,1,2.6666666666666665,0,0
0.6653541062033014,0,1,-0.6730408398309758,-0.6407266473844129,4,4,0,-0.4867093514188816,2,3,4,0.7932851583404495,0.8503986689016318,0.1228606975723441,0,-0.3305890744344257,3,4,0,1.5219862039090182,0.1557070814399298,4,2.284590031732371,0.7649976209279952,3.977310265498893,3.6100788863016295,False,False,True,False,False,True,False,False,False,False,False,False,False,False,False,False,True,False,False,False,True,0.6818181818181818,426.2916666666667,0.3181818181818182,1,4.0,0,2
-0.1011588531374925,0,1,-0.9259092673406144,-0.8875151110697495,4,3,0,-0.6343289002329991,3,2,2,-0.2326927125871924,-1.6851003493932764,2.5255909693862573,1,-1.1505541015749308,3,4,0,0.873299709346462,-0.6201892226844657,3,1.4681889848035046,2.6976825016913315,0.8730062991171511,2.2083101814404653,False,True,False,False,True,False,False,False,False,False,False,False,False,True,False,False,False,False,False,False,True,0.2941176470588235,284.7368421052632,0.8235294117647058,1,3.0,0,8
0.7748559575377005,1,1,-0.4499216390871772,0.7166099028849382,3,1,0,0.349801425194451,3,3,4,0.3138144793941775,-0.033463274785341,-0.6780493930322936,0,-1.1505541015749308,3,4,1,-0.1645986819536281,-0.6201892226844657,3,0.4885077284888646,0.7649976209279952,-0.6791456840737199,0.2458339946348354,False,True,False,False,False,False,True,False,False,True,False,False,False,False,False,False,False,False,False,True,False,0.0,725.2727272727273,0.6363636363636364,1,3.0,0,3
-0.9771736638126856,0,2,-1.5109773937354638,-0.8875151110697495,3,4,1,-0.6835354165043717,2,1,4,-0.5610652192956246,-0.0128037572591866,-0.6780493930322936,1,-0.8772324258614291,3,2,1,-1.202497073253718,-0.6201892226844657,3,-0.8177339465973219,-0.6154915796172451,-0.0582848907973714,-0.5952272282818631,False,True,False,False,True,False,False,False,False,False,False,True,False,False,False,False,False,False,False,True,False,0.6666666666666666,1289.0,0.6666666666666666,0,3.333333333333333,0,0
1.5413689168784943,0,2,0.4103268348916906,-0.3939381836990763,2,2,0,-1.2740136117608418,2,1,3,-0.7800511618769446,-1.4132941800355716,-1.0785044383346123,0,-0.3305890744344257,3,2,0,-0.4240732797786506,2.4833959938131165,2,-0.0013328996684553,-1.1676872598353414,1.4938670923934996,0.8065414765793012,False,True,False,False,False,False,True,False,False,False,False,True,False,False,False,False,False,False,False,False,True,0.875,315.3333333333333,0.0,2,2.333333333333333,0,0
-0.7581699611438873,0,0,0.1896867363783786,-0.0237554881710714,2,3,0,0.3005949089230785,3,2,3,-0.38485495646051,-0.2045015933522111,1.7246808787816197,1,0.7626976284195812,3,3,0,-0.1645986819536281,0.1557070814399298,3,0.161947309717318,-0.063295899399149,-0.3687152874355457,0.8065414765793012,False,True,False,False,False,False,True,False,False,False,False,False,False,True,False,False,False,False,False,False,True,0.1111111111111111,426.8181818181818,0.4444444444444444,0,3.0,0,8
-0.8676718124782865,1,1,0.0087122735528531,-0.270543951856408,3,2,0,-1.3232201280322142,3,1,3,-0.6734311840020745,0.417673128336806,0.1228606975723441,1,-0.6039107501479274,3,1,2,-0.1645986819536281,-0.6201892226844657,3,-0.0013328996684553,0.7649976209279952,1.4938670923934996,0.8065414765793012,False,True,False,False,False,False,False,False,True,False,False,True,False,False,False,False,False,False,True,False,False,0.875,303.54545454545456,0.875,0,2.0,1,0
-0.9771736638126856,0,1,-0.4028186967079309,-1.010909342912418,3,4,1,0.8910731041795485,3,1,1,-0.9413644218153708,-1.346537235648338,-0.2775943477299747,0,-1.1505541015749308,3,2,0,-0.8132851765161844,-0.6201892226844657,2,-0.6544537372115486,-0.6154915796172451,-0.3687152874355457,-0.5952272282818631,False,True,False,False,False,False,False,False,True,False,False,False,False,False,False,True,False,False,False,False,True,0.25,346.6666666666667,0.5,0,2.333333333333333,0,0
-1.3056792178158831,0,1,-1.3300029309099384,-1.010909342912418,3,4,0,-1.2740136117608418,3,1,2,-0.937959392581842,0.6348088737647554,-0.6780493930322936,0,0.7626976284195812,3,4,0,-1.202497073253718,0.1557070814399298,2,-0.8177339465973219,-0.6154915796172451,-0.0582848907973714,-0.8755809692540959,False,True,False,False,False,False,True,False,False,False,False,False,False,False,False,True,False,False,False,False,True,0.6666666666666666,698.6666666666666,0.6666666666666666,0,3.333333333333333,0,0
-0.5391662584750891,0,1,-0.4920663770054503,-0.1471497200137397,3,3,1,-0.4867093514188816,4,2,4,-0.0626540652378487,-0.3682317832703735,-0.6780493930322936,0,-0.0572673987209239,3,3,2,-0.1645986819536281,0.9316033855643254,4,0.4885077284888646,0.7649976209279952,-0.6791456840737199,1.086895217551534,False,False,True,False,False,False,True,False,False,False,False,False,False,False,False,False,True,False,False,True,False,0.0,564.4545454545455,0.6363636363636364,1,3.333333333333333,0,2
0.8843578088720997,0,2,-1.0870509123222465,1.950552221311621,3,2,0,0.841866587908176,3,5,2,2.4596213394985984,-0.1796258477594946,0.1228606975723441,0,1.855984331273588,4,3,0,1.392248904996507,0.9316033855643254,3,-1.1442943653688686,-1.1676872598353414,-0.6791456840737199,-1.1559347102263289,False,True,False,False,False,False,True,False,False,False,False,False,True,False,False,False,False,False,False,False,True,0.0,785.2608695652174,0.0,1,2.333333333333333,0,4
0.2273467008657048,0,1,-0.9680540052588872,0.4698214391996017,4,3,0,1.3831382668932737,2,4,2,2.2600015006829737,0.4245596341788575,1.324225833479301,1,-0.6039107501479274,3,4,2,1.2625116060839956,0.9316033855643254,3,1.9580296129608248,1.3171933011460917,3.977310265498893,-0.5952272282818631,False,True,False,False,False,False,True,False,False,False,False,False,True,False,False,False,False,False,True,False,False,0.75,778.3181818181819,0.45,1,3.0,0,4
2.3078818762192883,0,1,0.1128345672332924,1.7037637576262843,4,1,1,1.0878991692650386,3,1,3,-0.8792226383034704,1.6531684927750598,-0.6780493930322936,0,-0.8772324258614291,3,4,2,-1.202497073253718,0.1557070814399298,3,-0.8177339465973219,-0.6154915796172451,-0.0582848907973714,-0.5952272282818631,False,True,False,False,True,False,False,False,False,False,False,False,False,False,False,True,False,False,True,False,False,0.6666666666666666,790.6666666666666,0.6666666666666666,2,2.6666666666666665,0,0
-0.5391662584750891,1,1,0.7102982047805754,-0.270543951856408,2,4,1,0.645040522822686,3,2,3,-0.3448458629665468,1.199080730006319,-0.6780493930322936,0,0.7626976284195812,3,1,1,-0.1645986819536281,0.1557070814399298,3,0.4885077284888646,-0.063295899399149,-0.3687152874355457,-0.8755809692540959,False,True,False,False,True,False,False,False,False,False,False,True,False,False,False,False,False,False,False,True,False,0.0909090909090909,443.9090909090909,0.3636363636363636,1,2.6666666666666665,0,0
0.2273467008657048,1,1,-1.096967321244193,1.7037637576262843,3,3,1,1.333931750621901,3,1,1,-0.5531910891930892,1.1019669435398385,-1.0785044383346123,0,-0.6039107501479274,3,1,0,-0.6835478776036732,-0.6201892226844657,3,-0.3278933184400019,-0.6154915796172451,-0.6791456840737199,-0.3148734873096303,False,True,False,False,False,False,True,False,False,False,False,False,False,False,False,True,False,False,False,False,True,0.0,557.7142857142857,0.3333333333333333,1,1.6666666666666667,1,0
-0.7581699611438873,0,1,0.8317742140744212,-0.3939381836990763,3,1,0,-0.8803614815898617,2,2,4,-0.3993263307030073,1.309545905350247,-1.0785044383346123,0,-0.8772324258614291,3,1,1,-0.1645986819536281,2.4833959938131165,3,0.3252275191030913,-0.6154915796172451,1.1834366957553253,0.8065414765793012,False,True,False,False,False,False,False,False,True,False,False,True,False,False,False,False,False,False,False,True,False,0.6,420.6363636363636,0.2,0,2.0,1,0
-0.1011588531374925,0,1,-1.183735899311226,0.0996387436715968,4,4,0,-0.142263737519274,3,3,3,0.1256866142417121,-1.2038881860629862,0.1228606975723441,0,-0.8772324258614291,3,1,0,-0.1645986819536281,-2.171981830933257,3,-0.0013328996684553,0.7649976209279952,-0.3687152874355457,0.8065414765793012,False,True,False,False,False,False,False,False,True,True,False,False,False,False,False,False,False,False,False,True,False,0.125,644.9090909090909,0.875,1,2.6666666666666665,0,3
0.9938596602064989,0,1,0.4673461861928835,-1.010909342912418,2,4,0,-1.0771875466753518,3,1,1,-0.6555547805260483,1.2148213147881513,1.324225833479301,0,-0.8772324258614291,3,3,0,-0.1645986819536281,0.1557070814399298,4,-0.0013328996684553,0.4888997808189471,0.8730062991171511,0.8065414765793012,True,False,False,False,True,False,False,False,False,False,True,False,False,False,False,False,False,False,False,False,True,0.625,311.1818181818182,0.75,2,2.6666666666666665,0,1
-0.9771736638126856,0,0,1.6697107679789092,-1.010909342912418,3,3,0,-0.5359158676902541,1,2,4,0.0363045968615815,0.2921700728888068,-1.0785044383346123,0,-1.1505541015749308,3,1,3,-0.1645986819536281,2.4833959938131165,3,0.3252275191030913,1.041095461037043,1.4938670923934996,0.2458339946348354,False,True,False,False,True,False,False,False,False,False,False,True,False,False,False,False,False,False,False,True,False,0.7,606.7272727272727,0.8,0,2.6666666666666665,0,0
1.4318670655440953,0,1,1.287929024483965,2.320734916839626,3,4,0,-1.1263940629467242,3,4,1,2.2082876191987557,1.139631914267793,0.523315742874663,1,-1.1505541015749308,3,2,0,1.7814608017340408,-0.6201892226844657,3,-0.6544537372115486,-0.6154915796172451,-0.3687152874355457,-0.5952272282818631,False,True,False,False,True,False,False,False,False,False,False,False,False,False,True,False,False,False,False,True,False,0.25,649.2307692307693,0.5,2,2.333333333333333,0,6
0.3368485522001039,1,1,-1.2481925573038788,1.950552221311621,4,4,1,-0.4375028351475091,2,3,2,0.5513152684328102,0.4106460815592024,-0.2775943477299747,1,-0.8772324258614291,3,3,0,-0.2943359808661394,-0.6201892226844657,3,-0.3278933184400019,-0.063295899399149,-0.3687152874355457,-1.1559347102263289,False,False,True,False,False,True,False,False,False,False,False,False,False,False,False,False,True,False,False,False,True,0.1666666666666666,909.4,0.6666666666666666,1,3.0,0,2
1.6508707682128936,1,1,0.5640311731818629,-0.5173324155417446,3,2,1,-0.0930572212479015,3,3,2,0.4134115844748944,1.0148315634975549,2.5255909693862573,1,1.036019304133083,3,3,0,-0.1645986819536281,-0.6201892226844657,2,0.161947309717318,0.7649976209279952,1.4938670923934996,0.8065414765793012,False,False,True,False,True,False,False,False,False,False,False,False,False,False,False,False,True,False,False,False,True,0.7777777777777778,767.8181818181819,0.7777777777777778,2,2.333333333333333,0,2
-0.7581699611438873,0,1,-0.4176933100908508,0.9633983665702748,4,2,0,1.432344783164646,3,3,1,1.1518772994964497,1.6322278933778014,-0.6780493930322936,1,2.1293060069870897,4,4,2,-0.2943359808661394,-0.6201892226844657,3,0.3252275191030913,-0.8915894197262932,-0.6791456840737199,1.086895217551534,False,True,False,False,False,False,True,False,False,False,False,False,True,False,False,False,False,False,False,True,False,0.0,1191.6,0.1,0,2.333333333333333,0,4
0.2273467008657048,0,1,-0.6903945554443824,1.0867925984129432,2,1,1,-1.6676657419318217,3,2,3,-0.4191180631228934,-0.1350743711894882,-1.0785044383346123,0,-1.1505541015749308,3,1,0,-0.2943359808661394,2.4833959938131165,3,0.161947309717318,0.7649976209279952,-0.3687152874355457,0.8065414765793012,False,True,False,False,True,False,False,False,False,False,False,False,False,True,False,False,False,False,False,False,True,0.1111111111111111,453.4,0.7777777777777778,1,1.6666666666666667,1,8
-0.6486681098094882,0,0,-0.5342111149237234,-0.8875151110697495,4,4,0,-0.4375028351475091,3,3,3,0.7126285283712365,-0.7558436835229847,-0.6780493930322936,1,1.036019304133083,3,1,1,-0.1645986819536281,1.707499689688721,2,0.4885077284888646,1.041095461037043,2.114727885669848,0.5261877356070683,False,False,True,False,True,False,False,False,False,False,False,False,False,False,False,False,True,False,True,False,False,0.8181818181818182,895.6363636363636,0.7272727272727273,1,2.6666666666666665,0,2
0.4463504035345031,0,0,-1.3547939532148048,0.0996387436715968,2,3,1,-1.2740136117608418,1,2,2,-0.0749972962093906,1.0907236686956727,-0.6780493930322936,0,-0.6039107501479274,3,1,0,1.0030370082589732,0.9316033855643254,3,1.9580296129608248,-0.6154915796172451,2.7355886789461965,1.3672489585237668,False,False,True,False,False,False,True,False,False,False,False,False,False,False,False,False,True,False,False,False,True,0.55,307.55,0.1,1,2.0,1,2
-0.6486681098094882,1,2,0.6384042400964625,-1.010909342912418,3,4,0,-0.5851223839616266,3,1,2,-0.8941196412001589,-0.8424168998230602,-0.6780493930322936,1,-1.1505541015749308,3,1,0,-1.072759774341207,-0.6201892226844657,4,-0.6544537372115486,-0.6154915796172451,-0.0582848907973714,-0.5952272282818631,False,False,True,False,True,False,False,False,False,False,False,False,False,False,False,False,False,True,False,False,True,0.5,575.5,0.5,1,2.333333333333333,0,5
0.7748559575377005,1,1,0.3285164612856311,-0.7641208792270812,3,1,1,1.137105685536411,3,1,1,-0.8813507815744259,0.0500180409325889,0.523315742874663,0,-0.8772324258614291,3,3,0,-0.1645986819536281,0.9316033855643254,4,-0.6544537372115486,-0.6154915796172451,-0.3687152874355457,-0.5952272282818631,False,True,False,False,True,False,False,False,False,False,False,True,False,False,False,False,False,False,False,True,False,0.25,214.72727272727272,0.5,1,1.6666666666666667,1,0
0.5558522548689022,0,0,-0.7622885201284952,-0.8875151110697495,1,3,1,-1.4216331605749593,3,4,3,2.4170584740794885,1.7242822061644076,-1.0785044383346123,1,-0.6039107501479274,3,4,0,1.2625116060839956,0.1557070814399298,2,2.1213098223465976,1.041095461037043,-0.0582848907973714,1.6476026994959998,False,True,False,False,True,False,False,False,False,False,False,False,True,False,False,False,False,False,False,True,False,0.0952380952380952,811.8636363636364,0.3809523809523809,1,3.333333333333333,0,4
1.979376322216091,0,1,-1.290337295222152,-0.8875151110697495,2,4,0,-0.3882963188761366,1,5,3,2.6992502718081868,-1.0289147213006582,0.523315742874663,0,-0.3305890744344257,3,4,1,1.5219862039090182,1.707499689688721,3,1.9580296129608248,1.3171933011460917,2.114727885669848,1.9279564404682328,False,True,False,False,False,False,True,False,False,False,False,False,True,False,False,False,False,False,False,True,False,0.45,799.4583333333334,0.45,2,3.6666666666666665,0,4
2.08887817355049,0,1,-1.4787490647391377,-0.1471497200137397,4,4,1,1.629170848250136,3,5,2,2.7927417338445326,-1.446321299890308,1.324225833479301,0,-0.3305890744344257,3,1,0,3.078833790859153,0.9316033855643254,3,-0.0013328996684553,-0.339393739508197,1.4938670923934996,0.8065414765793012,True,False,False,False,True,False,False,False,False,False,False,False,True,False,False,False,False,False,False,False,True,0.875,532.8918918918919,0.375,2,2.333333333333333,0,4
0.3368485522001039,0,0,-0.8540153026565014,0.8400041347276065,2,3,1,0.3990079414658235,3,1,3,-0.6298042469474869,-0.8124816805504691,2.5255909693862573,0,0.2160542769925777,3,2,1,-0.6835478776036732,-2.171981830933257,3,-0.4911735278257753,-0.6154915796172451,-0.6791456840737199,-1.1559347102263289,False,True,False,False,True,False,False,False,False,False,False,False,False,False,False,True,False,False,True,False,False,0.0,506.2857142857143,0.4,1,2.6666666666666665,0,0
-0.3201625558062908,0,1,0.3483492791295243,-0.0237554881710714,3,4,1,0.9894861367222936,3,3,4,0.4249035581380541,-1.23944504275766,-1.0785044383346123,0,-1.1505541015749308,3,4,1,-0.1645986819536281,-2.171981830933257,2,0.3252275191030913,0.7649976209279952,-0.3687152874355457,0.5261877356070683,False,True,False,False,True,False,False,False,False,True,False,False,False,False,False,False,False,False,True,False,False,0.1,772.7272727272727,0.7,1,4.0,0,3
0.3368485522001039,0,1,-0.6928736576748691,-0.8875151110697495,3,3,1,1.5799643319787635,3,2,4,-0.3920906435817586,1.1442697651410116,-0.6780493930322936,0,-0.6039107501479274,3,3,0,-0.2943359808661394,0.9316033855643254,3,0.3252275191030913,1.041095461037043,1.8042974890316736,1.086895217551534,False,True,False,False,True,False,False,False,False,False,False,False,False,False,False,True,False,False,False,False,True,0.8,466.1,0.8,1,3.333333333333333,0,0
0.4463504035345031,0,2,0.5342819464160231,-1.010909342912418,3,3,0,0.0053558112948434,3,2,1,-0.5108410381010751,-1.4076725426134886,-1.0785044383346123,0,0.4893759527060795,3,4,1,-0.1645986819536281,-0.6201892226844657,3,0.3252275191030913,-0.339393739508197,-0.3687152874355457,0.8065414765793012,False,False,True,False,False,True,False,False,False,False,False,False,False,False,False,False,True,False,True,False,False,0.1,373.0,0.3,1,2.6666666666666665,0,2
-0.2106607044718917,0,2,-0.7945168491248218,-0.6407266473844129,4,3,1,1.038692652993666,3,2,3,-0.4797701463451249,-1.6335218260456663,-0.6780493930322936,1,-1.1505541015749308,3,2,0,-0.2943359808661394,0.1557070814399298,3,0.3252275191030913,0.4888997808189471,-0.3687152874355457,-0.8755809692540959,False,True,False,False,True,False,False,False,False,False,False,False,False,False,False,True,False,False,False,False,True,0.1,424.9,0.6,1,2.6666666666666665,0,0
1.5413689168784943,0,1,-0.0805354067446662,-0.5173324155417446,3,3,1,0.8910731041795485,3,4,2,1.6009155296680582,0.4602570318090834,-0.6780493930322936,1,-1.1505541015749308,3,2,1,2.819359193034131,-0.6201892226844657,3,4.243952544361651,1.3171933011460917,-0.6791456840737199,1.6476026994959998,True,False,False,False,True,False,False,False,False,False,False,False,True,False,False,False,False,False,True,False,False,0.0,412.52941176470586,0.2647058823529412,2,2.333333333333333,0,4
0.1178448495313057,0,1,0.5119700263416432,-0.8875151110697495,2,2,0,-1.7168722582031943,3,2,1,0.0829109344955068,0.7234902040981119,0.1228606975723441,0,-0.0572673987209239,3,4,1,-0.0348613830411168,0.1557070814399298,3,-0.0013328996684553,0.7649976209279952,-0.3687152874355457,0.8065414765793012,False,False,True,False,True,False,False,False,False,False,False,False,False,False,False,False,True,False,True,False,False,0.125,574.4166666666666,0.875,1,2.333333333333333,0,2
-0.3201625558062908,0,1,-0.7325392933626554,0.7166099028849382,2,3,0,0.0053558112948434,3,2,1,-0.0805304687138748,1.2985837123771855,-0.6780493930322936,0,-0.8772324258614291,3,4,0,-0.1645986819536281,2.4833959938131165,4,0.4885077284888646,1.041095461037043,2.114727885669848,0.5261877356070683,False,False,True,False,False,False,True,False,False,False,False,False,False,False,False,False,True,False,False,False,True,0.8181818181818182,556.8181818181819,0.7272727272727273,1,2.6666666666666665,0,2
-1.3056792178158831,0,1,0.1971240430698386,1.2101868302556114,1,4,1,0.0545623275662159,3,1,4,-0.6032024560605433,-0.7361679525456948,0.1228606975723441,0,-1.1505541015749308,3,3,3,-0.5538105786911619,2.4833959938131165,2,-0.6544537372115486,-0.6154915796172451,-0.3687152874355457,-0.5952272282818631,False,True,False,False,False,False,True,False,False,False,False,True,False,False,False,False,False,False,False,True,False,0.25,458.625,0.5,0,3.6666666666666665,0,0
2.3078818762192883,1,1,-0.4995036836969103,-0.270543951856408,4,3,0,-0.6343289002329991,2,3,1,0.745827563398142,-0.3218532745381902,1.7246808787816197,1,-0.3305890744344257,3,4,0,2.559884595209108,-2.171981830933257,2,0.4885077284888646,1.3171933011460917,0.8730062991171511,1.3672489585237668,False,True,False,False,False,False,True,False,False,False,False,False,False,True,False,False,False,False,False,True,False,0.4545454545454545,312.75,0.8181818181818182,2,2.6666666666666665,0,8
0.3368485522001039,0,1,-1.1738194903892794,-1.010909342912418,4,2,1,1.0878991692650386,3,1,2,-0.8760304233970372,-1.0612391364776343,0.1228606975723441,0,1.855984331273588,4,3,1,-0.5538105786911619,0.1557070814399298,3,-0.4911735278257753,-0.6154915796172451,-0.6791456840737199,-0.3148734873096303,False,True,False,False,True,False,False,False,False,False,False,True,False,False,False,False,False,False,False,True,False,0.0,298.375,0.4,1,2.333333333333333,0,0
-0.1011588531374925,0,2,-0.4846290703139904,-0.270543951856408,3,1,0,0.841866587908176,4,2,1,-0.3967725587778607,-1.6938138873975048,-0.2775943477299747,0,0.2160542769925777,3,4,1,0.7435624104339507,-0.6201892226844657,2,1.304908775417731,0.7649976209279952,1.1834366957553253,2.488663922412698,False,False,True,False,False,True,False,False,False,False,False,False,False,False,False,False,True,False,False,True,False,0.375,257.72222222222223,0.4375,1,2.0,1,2
1.2128633628752972,0,1,0.130188282846699,-0.6407266473844129,3,4,1,-0.5851223839616266,3,3,4,0.2967893332265336,0.6173817977562985,-0.6780493930322936,0,-1.1505541015749308,3,3,0,-0.0348613830411168,-0.6201892226844657,3,0.4885077284888646,1.3171933011460917,-0.6791456840737199,1.086895217551534,False,True,False,False,True,False,False,False,False,False,False,False,False,True,False,False,False,False,False,False,True,0.0,658.1666666666666,0.8181818181818182,2,3.6666666666666665,0,8
-1.0866755151470848,0,1,1.2110768553388789,0.2230329755142651,3,3,0,1.5799643319787635,4,1,4,-0.8447467173139914,-1.094266256332371,2.1251359240839385,0,-0.3305890744344257,3,2,1,-0.8132851765161844,0.9316033855643254,3,-0.9810141559830952,-1.1676872598353414,-0.6791456840737199,-1.1559347102263289,False,False,True,False,False,False,True,False,False,False,False,False,False,False,False,False,False,True,False,True,False,0.0,422.3333333333333,0.0,0,3.0,0,5
1.5413689168784943,0,1,1.493694509614357,0.2230329755142651,2,4,0,0.7926600716368035,2,4,2,1.4127876645155928,1.42310298127632,0.1228606975723441,0,0.2160542769925777,3,2,0,2.3004099973840857,-1.3960855268088614,2,-0.3278933184400019,-0.6154915796172451,-0.6791456840737199,-0.3148734873096303,False,True,False,False,False,False,False,False,True,False,False,False,False,True,False,False,False,False,False,False,True,0.0,438.06666666666666,0.3333333333333333,2,2.6666666666666665,0,8
-2.072192177156677,0,0,0.7970667828476081,-1.010909342912418,3,4,0,1.5307578157073911,3,1,4,-1.0411743412231833,0.7015658181519889,-0.6780493930322936,0,-0.0572673987209239,3,3,0,-1.3322343721662295,1.707499689688721,4,-1.1442943653688686,-1.1676872598353414,-0.6791456840737199,-1.1559347102263289,False,True,False,False,True,False,False,False,False,False,False,True,False,False,False,False,False,False,False,False,True,0.0,1611.0,0.0,0,3.6666666666666665,0,0
-0.2106607044718917,0,1,0.0359823980882062,-1.010909342912418,3,4,0,-0.2898832863333916,2,2,4,-0.2426949859606832,-0.4872699556829775,-1.0785044383346123,0,-0.8772324258614291,3,2,1,-0.1645986819536281,-2.171981830933257,3,0.3252275191030913,0.7649976209279952,-0.6791456840737199,-1.1559347102263289,False,True,False,False,False,False,True,False,False,False,False,True,False,False,False,False,False,False,False,True,False,0.0,487.54545454545456,0.7,1,3.333333333333333,0,0
-1.0866755151470848,0,2,-0.0235160554434733,-0.8875151110697495,1,4,1,-1.1263940629467242,1,2,4,-0.3048367694725835,0.8543338150970898,0.1228606975723441,0,1.3093409798465847,4,2,0,-0.4240732797786506,0.1557070814399298,3,-0.1646131090542286,-0.6154915796172451,-0.6791456840737199,-1.1559347102263289,False,False,True,False,True,False,False,False,False,False,False,False,False,False,False,False,True,False,False,False,True,0.0,563.4444444444445,0.2857142857142857,0,3.333333333333333,0,2
1.979376322216091,1,1,-1.3275238286794515,0.4698214391996017,4,1,1,0.9402796204509212,4,4,3,1.5304739873994313,-0.7077786835641765,1.324225833479301,1,0.4893759527060795,3,3,0,1.6517235028215294,-0.6201892226844657,2,1.9580296129608248,0.7649976209279952,0.2521455058408027,1.086895217551534,False,False,True,False,False,True,False,False,False,False,False,False,False,False,False,False,True,False,False,False,True,0.15,547.8,0.35,2,2.333333333333333,0,2
2.08887817355049,0,1,1.4044468293168375,1.7037637576262843,3,4,1,0.1037688438375884,3,4,2,1.4681193895604354,0.5511870171112733,0.523315742874663,1,-0.8772324258614291,3,1,1,2.819359193034131,-2.171981830933257,3,1.9580296129608248,3.249878181909428,3.977310265498893,1.3672489585237668,False,True,False,False,True,False,False,False,False,False,False,False,False,True,False,False,False,False,False,True,False,0.75,394.1764705882353,0.8,2,2.333333333333333,0,8
-0.3201625558062908,0,0,0.4871790040367768,2.073946453154289,1,1,0,1.2847252343505289,2,1,3,-0.9522179524972436,0.2217590641772194,-0.6780493930322936,0,1.3093409798465847,4,3,3,-0.8132851765161844,-0.6201892226844657,3,-0.3278933184400019,-0.063295899399149,-0.6791456840737199,-1.1559347102263289,False,True,False,False,False,False,False,False,True,False,False,False,False,False,False,True,False,False,True,False,False,0.0,338.1666666666667,0.6666666666666666,1,2.333333333333333,0,0
0.3368485522001039,0,1,0.9904367568255668,-0.8875151110697495,1,2,0,1.137105685536411,4,2,3,-0.0269012582857965,-0.0597444297335782,0.9237707881769818,0,1.3093409798465847,4,2,3,0.4840878126089281,-2.171981830933257,3,0.8150681472604113,1.8693889813641875,2.7355886789461965,1.086895217551534,False,True,False,False,False,False,True,False,False,True,False,False,False,False,False,False,False,False,True,False,False,0.8461538461538461,398.5625,0.8461538461538461,1,2.333333333333333,0,3
-0.3201625558062908,0,1,-1.282899988530692,2.4441291486822943,3,2,1,0.9894861367222936,3,2,3,-0.228649240372377,0.4466245610605326,0.523315742874663,0,-0.6039107501479274,3,1,2,-0.1645986819536281,-1.3960855268088614,3,0.161947309717318,0.7649976209279952,1.4938670923934996,0.8065414765793012,False,True,False,False,False,False,True,False,False,False,False,True,False,False,False,False,False,False,False,True,False,0.7777777777777778,493.54545454545456,0.7777777777777778,1,2.0,1,0
-0.6486681098094882,1,2,-0.2466352561872719,-0.8875151110697495,3,3,0,1.1863122018077836,2,1,4,-0.7913303212130086,-0.3416695464510322,1.7246808787816197,0,-0.3305890744344257,3,3,0,-1.072759774341207,0.1557070814399298,4,-0.9810141559830952,-1.1676872598353414,-0.6791456840737199,-1.1559347102263289,False,False,True,False,True,False,False,False,False,False,False,False,False,False,False,False,False,True,False,False,True,0.0,696.25,0.0,1,3.333333333333333,0,5
-0.2106607044718917,1,2,-0.3482784476372246,1.0867925984129432,4,4,0,0.0545623275662159,3,2,3,-0.4020929169552494,1.2613403644558867,-1.0785044383346123,1,0.7626976284195812,3,3,1,-0.8132851765161844,-2.171981830933257,2,-0.4911735278257753,-0.6154915796172451,0.2521455058408027,-0.5952272282818631,False,False,True,False,False,True,False,False,False,False,False,False,False,False,False,False,True,False,False,True,False,0.6,769.0,0.4,1,3.333333333333333,0,2
0.1178448495313057,0,2,-0.2714262784921384,-0.270543951856408,3,4,1,-0.4375028351475091,4,1,3,-0.8285728284547298,0.2016617103932733,-0.6780493930322936,0,-1.1505541015749308,3,4,3,-0.9430224754286956,-0.6201892226844657,3,-0.4911735278257753,-0.6154915796172451,-0.6791456840737199,-0.3148734873096303,False,True,False,False,True,False,False,False,False,False,False,False,False,False,False,True,False,False,True,False,False,0.0,522.0,0.4,1,3.6666666666666665,0,0
-0.3201625558062908,0,1,-0.9878868231027804,-0.8875151110697495,4,3,0,1.5799643319787635,3,2,4,0.0390711831138236,-1.1454231568733246,-0.6780493930322936,0,-1.1505541015749308,3,4,0,0.3543505136964169,-0.6201892226844657,4,1.141628566031958,1.8693889813641875,0.5625759024789769,1.9279564404682328,False,True,False,False,False,False,False,False,True,True,False,False,False,False,False,False,False,False,False,False,True,0.2666666666666666,445.8,0.7333333333333333,1,3.6666666666666665,0,3
-0.9771736638126856,0,1,-0.1648248825812124,2.073946453154289,3,3,1,-0.8803614815898617,2,2,1,-0.378683340974739,1.3940110076170416,-0.6780493930322936,0,-1.1505541015749308,3,3,1,-0.8132851765161844,-2.171981830933257,3,-0.3278933184400019,-0.339393739508197,-0.6791456840737199,-0.0345197463373974,False,False,True,False,True,False,False,False,False,False,False,False,False,False,False,False,True,False,False,True,False,0.0,787.3333333333334,0.5,0,2.333333333333333,0,2
-0.6486681098094882,1,1,-1.1713403881587927,1.5803695257836163,4,4,1,1.5799643319787635,3,2,3,-0.0690384950507152,0.9477935372392168,-0.6780493930322936,1,-0.0572673987209239,3,4,2,-0.1645986819536281,0.1557070814399298,2,0.4885077284888646,-0.6154915796172451,1.1834366957553253,0.8065414765793012,False,True,False,False,False,False,True,False,False,False,False,False,False,True,False,False,False,False,False,True,False,0.5454545454545454,561.7272727272727,0.1818181818181818,1,3.6666666666666665,0,8
0.2273467008657048,0,1,1.7242510170496157,1.456975293940948,4,1,1,-1.0771875466753518,2,2,4,-0.0815945403493526,-1.5102674255665005,0.1228606975723441,1,-0.8772324258614291,3,4,2,-0.4240732797786506,-0.6201892226844657,4,-0.3278933184400019,-0.063295899399149,-0.3687152874355457,-0.0345197463373974,False,False,True,False,True,False,False,False,False,False,False,False,False,False,False,False,True,False,False,True,False,0.1666666666666666,680.0,0.6666666666666666,1,3.0,0,2
1.5413689168784943,0,2,-0.6482498175261093,-0.8875151110697495,3,2,1,-0.6835354165043717,3,3,2,0.8709623877303249,0.1520507601433923,-0.2775943477299747,0,-1.1505541015749308,3,2,0,0.3543505136964169,1.707499689688721,3,-0.4911735278257753,-0.6154915796172451,0.2521455058408027,-0.5952272282818631,False,False,True,False,False,True,False,False,False,False,False,False,False,False,False,False,True,False,False,True,False,0.6,706.4,0.4,2,2.0,1,2
0.4463504035345031,0,2,0.9854785523645936,1.5803695257836163,3,4,0,0.448214457737196,3,2,4,-0.2205622959427461,-0.0506092689226936,0.1228606975723441,1,-0.3305890744344257,3,1,2,0.0948759158713943,0.9316033855643254,2,-0.1646131090542286,-0.6154915796172451,0.2521455058408027,-0.3148734873096303,False,True,False,False,True,False,False,False,False,False,False,False,False,False,False,True,False,False,True,False,False,0.4285714285714285,420.5384615384616,0.2857142857142857,1,3.0,0,0
0.0083429981969065,0,1,1.5779839854509032,-0.6407266473844129,1,3,1,-0.5851223839616266,3,1,3,-0.7464264981958478,-1.2832938146499062,1.7246808787816197,1,-0.0572673987209239,3,4,0,-0.4240732797786506,-0.6201892226844657,3,-0.1646131090542286,-0.063295899399149,-0.3687152874355457,-0.3148734873096303,False,True,False,False,True,False,False,False,False,False,False,False,False,False,False,True,False,False,False,True,False,0.1428571428571428,332.8888888888889,0.5714285714285714,1,3.333333333333333,0,0
-0.42966440714069,0,2,0.7648384538512817,-0.5173324155417446,1,2,1,-0.2406767700620191,3,2,4,0.7436994201271866,0.699879326925364,1.324225833479301,0,-0.6039107501479274,3,1,0,-0.4240732797786506,-0.6201892226844657,4,-0.3278933184400019,-0.063295899399149,-0.3687152874355457,-0.5952272282818631,False,False,True,False,True,False,False,False,False,False,False,False,False,False,False,False,True,False,False,True,False,0.1666666666666666,1110.888888888889,0.6666666666666666,1,2.333333333333333,0,2
-0.5391662584750891,0,1,-0.7523721112065487,-0.8875151110697495,1,3,1,-1.4708396768463317,3,2,2,-0.5161613962784638,0.8690906133300572,-1.0785044383346123,1,-0.6039107501479274,3,1,3,-0.9430224754286956,0.1557070814399298,2,-0.6544537372115486,-0.6154915796172451,-0.3687152874355457,-0.5952272282818631,False,False,True,False,False,True,False,False,False,False,False,False,False,False,False,False,True,False,False,True,False,0.25,815.6,0.5,1,2.0,1,2
0.2273467008657048,0,0,1.6920226880532891,1.950552221311621,2,3,1,0.251388392651706,3,3,3,0.9399142297092828,-1.5268512559616447,0.1228606975723441,0,1.5826626555600865,4,2,1,0.2246132147839056,-0.6201892226844657,3,-0.1646131090542286,-0.063295899399149,-0.6791456840737199,0.2458339946348354,False,True,False,False,True,False,False,False,False,True,False,False,False,False,False,False,False,False,False,True,False,0.0,780.0,0.5714285714285714,1,2.6666666666666665,0,3
-1.3056792178158831,0,1,1.4118841360082974,1.0867925984129432,1,1,1,1.333931750621901,4,2,3,-0.0577593357146511,-0.2580476897975501,-0.2775943477299747,0,-1.1505541015749308,3,2,0,-0.6835478776036732,0.1557070814399298,2,-0.6544537372115486,-0.6154915796172451,-0.3687152874355457,-0.5952272282818631,False,False,True,False,True,False,False,False,False,False,False,False,False,False,False,False,True,False,False,True,False,0.25,890.2857142857143,0.5,0,2.0,1,2
1.6508707682128936,0,2,-1.1911732060026858,2.320734916839626,2,4,0,-0.3390898026047641,4,4,3,1.4351331688606257,-0.6439730988235364,-0.2775943477299747,1,-1.1505541015749308,3,2,1,1.6517235028215294,0.1557070814399298,2,-0.3278933184400019,-0.339393739508197,-0.6791456840737199,-0.5952272282818631,False,True,False,False,False,False,True,False,False,False,False,False,False,True,False,False,False,False,False,True,False,0.0,529.88,0.5,2,3.0,0,8
0.6653541062033014,0,1,0.3161209501331978,-0.3939381836990763,3,1,0,0.349801425194451,2,2,3,-0.5155229532971771,0.7996633911673343,-0.6780493930322936,1,-0.3305890744344257,3,1,0,1.1327743071714844,0.1557070814399298,1,2.1213098223465976,0.7649976209279952,-0.3687152874355457,1.086895217551534,False,True,False,False,False,False,True,False,False,False,False,False,False,False,False,True,False,False,False,False,True,0.0476190476190476,194.33333333333331,0.3333333333333333,1,1.6666666666666667,1,0
-1.0866755151470848,0,1,-1.481228166969624,0.0996387436715968,3,4,0,1.5799643319787635,2,2,4,-0.1562923691598903,-1.0137363002610345,-0.6780493930322936,1,-1.1505541015749308,3,4,0,-0.6835478776036732,0.1557070814399298,3,-0.1646131090542286,-0.6154915796172451,0.5625759024789769,-0.0345197463373974,False,False,True,False,False,True,False,False,False,False,False,False,False,False,False,False,True,False,False,True,False,0.5714285714285714,824.1428571428571,0.2857142857142857,0,4.0,0,2
-1.0866755151470848,1,1,-1.6547653231036896,0.9633983665702748,4,4,0,-0.7327419327757442,3,1,3,-0.8745407231073683,1.597654823231992,-0.6780493930322936,1,-0.6039107501479274,3,4,0,-0.4240732797786506,-0.6201892226844657,3,0.161947309717318,-0.6154915796172451,1.4938670923934996,0.8065414765793012,False,True,False,False,True,False,False,False,False,False,False,False,False,False,False,True,False,False,False,False,True,0.7777777777777778,266.0,0.2222222222222222,0,3.6666666666666665,0,0
-1.196177366481484,0,1,-0.2962173007970049,-0.8875151110697495,1,1,1,-1.4708396768463317,2,1,4,-0.5531910891930892,-1.44238615369485,-1.0785044383346123,0,-0.8772324258614291,3,4,0,-0.8132851765161844,-0.6201892226844657,3,-0.4911735278257753,-0.339393739508197,-0.3687152874355457,-0.8755809692540959,False,True,False,False,False,False,True,False,False,False,False,False,False,False,False,True,False,False,False,False,True,0.2,650.6666666666666,0.6,0,3.0,0,0
0.5558522548689022,0,1,0.8540861341488011,0.0996387436715968,3,3,0,-1.7168722582031943,3,4,1,2.191049658704016,0.3236512424524707,-1.0785044383346123,0,-0.3305890744344257,3,3,1,1.2625116060839956,1.707499689688721,3,2.1213098223465976,0.7649976209279952,-0.6791456840737199,1.3672489585237668,True,False,False,True,False,False,False,False,False,False,False,False,True,False,False,False,False,False,False,True,False,0.0,763.5909090909091,0.3333333333333333,1,2.333333333333333,0,1
1.6508707682128936,0,1,-1.3498357487538315,-0.1471497200137397,4,3,0,-0.5851223839616266,3,1,1,-0.7562159572422431,0.4286353213098675,2.5255909693862573,0,-0.6039107501479274,3,3,0,0.0948759158713943,-0.6201892226844657,1,-0.3278933184400019,-0.063295899399149,-0.6791456840737199,-0.0345197463373974,False,True,False,False,False,False,False,True,False,False,False,True,False,False,False,False,False,False,False,True,False,0.0,226.92307692307693,0.6666666666666666,2,2.333333333333333,0,7
0.0083429981969065,0,1,1.6350033367520962,0.2230329755142651,3,1,0,1.3831382668932737,3,1,3,-0.6117150291443653,0.6735981719771268,0.523315742874663,0,0.7626976284195812,3,1,0,-0.4240732797786506,2.4833959938131165,3,-0.6544537372115486,-0.6154915796172451,-0.6791456840737199,-0.5952272282818631,False,True,False,False,False,False,True,False,False,False,False,True,False,False,False,False,False,False,False,False,True,0.0,403.22222222222223,0.5,1,1.6666666666666667,1,0
-0.2106607044718917,0,2,-1.493623678122057,1.0867925984129432,2,3,1,-0.2898832863333916,3,3,4,0.6083495080944173,0.7913714759697621,-0.2775943477299747,0,-1.1505541015749308,3,3,0,-0.1645986819536281,-0.6201892226844657,3,-0.8177339465973219,-0.6154915796172451,-0.0582848907973714,-0.5952272282818631,False,True,False,False,True,False,False,False,False,False,False,False,False,True,False,False,False,False,False,False,True,0.6666666666666666,851.0909090909091,0.6666666666666666,1,3.333333333333333,0,8
-1.3056792178158831,0,1,0.3632238925124442,-1.010909342912418,3,1,1,0.743453555365431,3,1,4,-0.6968407599825849,-1.3215209491200697,0.523315742874663,0,-1.1505541015749308,3,2,1,-0.5538105786911619,-0.6201892226844657,2,-0.6544537372115486,-0.6154915796172451,-0.6791456840737199,-0.5952272282818631,False,True,False,False,False,False,False,False,True,False,False,True,False,False,False,False,False,False,False,True,False,0.0,403.625,0.5,0,2.333333333333333,0,0
-1.196177366481484,0,1,-0.3730694699420911,-0.270543951856408,3,3,1,1.6783773645215088,4,1,1,-0.6225685598262383,1.301956694830435,-1.0785044383346123,0,-0.8772324258614291,3,4,0,-0.4240732797786506,-0.6201892226844657,3,-0.0013328996684553,0.7649976209279952,-0.6791456840737199,0.8065414765793012,False,True,False,False,False,False,False,True,False,False,False,True,False,False,False,False,False,False,False,False,True,0.0,397.55555555555554,0.875,0,2.6666666666666665,0,7
-0.8676718124782865,0,1,-1.1663821836978194,0.9633983665702748,3,2,1,-0.7327419327757442,2,3,1,0.315942622665133,-0.6386325432725577,-0.6780493930322936,0,-0.6039107501479274,3,1,0,-0.1645986819536281,0.1557070814399298,2,0.4885077284888646,1.3171933011460917,-0.6791456840737199,1.3672489585237668,True,False,False,False,False,False,False,True,False,False,True,False,False,False,False,False,False,False,False,False,True,0.0,726.1818181818181,0.8181818181818182,0,1.3333333333333333,1,1
1.3223652142096962,1,2,1.6672316657484223,2.320734916839626,2,1,1,1.5307578157073911,2,2,1,-0.4723216448967806,1.1801077037067895,0.1228606975723441,0,1.3093409798465847,4,1,0,1.1327743071714844,-0.6201892226844657,3,-0.4911735278257753,-0.339393739508197,-0.3687152874355457,-0.3148734873096303,False,True,False,False,True,False,False,False,False,False,False,True,False,False,False,False,False,False,False,False,True,0.2,204.0,0.6,2,1.0,1,0
-0.8676718124782865,1,2,-1.1539866725453862,0.59321567104227,1,3,0,0.8910731041795485,3,3,4,0.2233683903785691,1.2110267095282454,-1.0785044383346123,1,-0.8772324258614291,3,1,0,-0.2943359808661394,-1.3960855268088614,3,0.161947309717318,0.7649976209279952,1.4938670923934996,0.8065414765793012,False,True,False,False,False,False,False,True,False,True,False,False,False,False,False,False,False,False,False,False,True,0.7777777777777778,755.3,0.7777777777777778,0,2.6666666666666665,0,7
1.869874470881692,0,1,0.4177641415831505,-1.010909342912418,3,4,0,-0.5851223839616266,3,4,4,2.303628437737561,-1.2172395749404328,1.324225833479301,0,1.036019304133083,3,4,0,2.3004099973840857,0.1557070814399298,2,2.1213098223465976,0.7649976209279952,3.0460190755843706,0.8065414765793012,False,True,False,False,False,False,True,False,False,False,False,False,False,False,True,False,False,False,False,False,True,0.5714285714285714,577.6,0.3333333333333333,2,4.0,0,6
2.3078818762192883,0,1,0.6260087289440293,-1.010909342912418,3,4,0,0.4974209740085685,3,5,1,2.7927417338445326,1.1444103060765638,0.1228606975723441,1,1.5826626555600865,4,3,1,2.68962189412162,0.1557070814399298,3,0.3252275191030913,1.041095461037043,-0.3687152874355457,0.2458339946348354,False,True,False,False,False,False,True,False,False,False,False,False,False,False,True,False,False,False,False,True,False,0.1,597.0,0.8,2,2.6666666666666665,0,6
1.979376322216091,0,1,0.8268160096134479,-1.010909342912418,4,2,1,0.743453555365431,4,4,4,1.7511624445975158,-0.2669017687373305,-0.2775943477299747,0,-0.6039107501479274,3,4,2,2.559884595209108,0.9316033855643254,4,-0.0013328996684553,0.7649976209279952,-0.6791456840737199,-1.1559347102263289,False,True,False,False,False,False,True,False,False,False,False,False,False,False,True,False,False,False,True,False,False,0.0,460.375,0.875,2,3.333333333333333,0,6
-0.1011588531374925,0,1,0.9210218943719408,-0.7641208792270812,4,1,0,1.629170848250136,3,2,2,0.5904731046183913,0.906474502186908,0.1228606975723441,1,0.2160542769925777,3,4,0,0.4840878126089281,0.1557070814399298,3,-0.3278933184400019,-0.063295899399149,-0.6791456840737199,-0.8755809692540959,False,False,True,False,False,True,False,False,False,False,False,False,False,False,False,False,True,False,False,False,True,0.0,579.875,0.6666666666666666,1,2.333333333333333,0,2
-0.6486681098094882,1,2,-0.3358829364847913,-1.010909342912418,4,2,0,-0.7819484490471167,1,1,3,-1.0898109275376,0.258721330227414,-0.6780493930322936,0,-0.8772324258614291,3,2,0,-1.3322343721662295,0.1557070814399298,3,-0.9810141559830952,-1.1676872598353414,-0.6791456840737199,-1.1559347102263289,False,False,True,False,True,False,False,False,False,False,False,False,False,False,False,False,False,True,False,False,True,0.0,679.5,0.0,1,2.333333333333333,0,5
-0.7581699611438873,0,1,0.130188282846699,-0.270543951856408,4,4,0,0.349801425194451,3,2,1,-0.3669785529844839,-0.218134064100762,1.7246808787816197,0,-0.3305890744344257,3,2,2,-0.4240732797786506,0.1557070814399298,3,-0.6544537372115486,-0.6154915796172451,-0.6791456840737199,-0.5952272282818631,False,False,True,False,False,True,False,False,False,False,False,False,False,False,False,False,True,False,True,False,False,0.0,531.0,0.5,0,2.333333333333333,0,2
-0.6486681098094882,0,1,-1.538247518270817,-0.1471497200137397,5,1,0,1.333931750621901,3,4,2,2.110818657388993,-0.7682112858515668,0.1228606975723441,0,-1.1505541015749308,3,3,0,-0.2943359808661394,0.1557070814399298,4,-0.6544537372115486,-0.6154915796172451,-0.3687152874355457,-1.1559347102263289,False,True,False,False,True,False,False,False,False,False,False,False,False,False,True,False,False,False,False,False,True,0.25,1642.2,0.5,1,2.0,1,6
-0.3201625558062908,0,2,-0.6011468751468629,-1.010909342912418,4,4,1,1.235518718079156,3,1,1,-0.7464264981958478,0.8391553940574662,0.9237707881769818,0,-0.3305890744344257,3,3,2,-0.1645986819536281,-0.6201892226844657,3,-0.4911735278257753,-0.339393739508197,-0.3687152874355457,-0.3148734873096303,False,True,False,False,False,False,False,True,False,False,False,False,False,False,False,True,False,False,True,False,False,0.2,272.3636363636364,0.6,1,2.6666666666666665,0,7
-0.6486681098094882,1,1,-1.488665473661084,-0.1471497200137397,3,1,0,-1.569252709389077,2,1,2,-1.0898109275376,1.117145364579462,-0.6780493930322936,0,-0.8772324258614291,3,3,0,-1.3322343721662295,0.1557070814399298,4,-0.9810141559830952,-1.1676872598353414,-0.6791456840737199,-1.1559347102263289,False,True,False,False,True,False,False,False,False,False,False,False,False,False,False,True,False,False,False,False,True,0.0,630.5,0.0,1,2.0,1,0
-1.0866755151470848,0,1,1.4242796471607309,0.2230329755142651,1,2,1,1.235518718079156,3,1,1,-0.9373209496005552,-0.9323630985763854,-1.0785044383346123,0,-0.3305890744344257,3,2,0,-0.6835478776036732,0.1557070814399298,4,-0.3278933184400019,-1.1676872598353414,-0.3687152874355457,-0.0345197463373974,False,True,False,False,True,False,False,False,False,False,False,True,False,False,False,False,False,False,False,True,False,0.1666666666666666,299.85714285714283,0.0,0,1.6666666666666667,1,0
-0.1011588531374925,0,1,-1.5630385405756837,-0.6407266473844129,4,1,1,-1.4216331605749593,2,2,4,-0.1475669817489728,1.1652103645382703,-0.6780493930322936,0,0.2160542769925777,3,3,0,-0.1645986819536281,-0.6201892226844657,2,0.4885077284888646,-0.063295899399149,-0.3687152874355457,1.086895217551534,False,True,False,False,True,False,False,False,False,False,False,True,False,False,False,False,False,False,False,False,True,0.0909090909090909,528.1818181818181,0.3636363636363636,1,2.6666666666666665,0,0
-0.1011588531374925,0,1,-1.1738194903892794,0.8400041347276065,4,3,0,1.5799643319787635,2,2,1,-0.1822557170655473,-0.1151175583410941,0.523315742874663,0,-0.6039107501479274,3,1,2,-0.0348613830411168,0.1557070814399298,2,-0.6544537372115486,-0.6154915796172451,-0.6791456840737199,-0.5952272282818631,False,False,True,False,False,True,False,False,False,False,False,False,False,False,False,False,True,False,False,True,False,0.0,470.5833333333333,0.5,1,1.6666666666666667,1,2
1.103361511540898,0,1,-0.8366615870430948,-1.010909342912418,3,1,1,0.3990079414658235,3,1,4,-0.656193223507335,-0.5773566953718549,1.7246808787816197,0,-0.8772324258614291,3,3,1,0.7435624104339507,-0.6201892226844657,2,-0.1646131090542286,0.212801940709899,-0.3687152874355457,-0.5952272282818631,False,True,False,False,False,False,False,False,True,False,False,False,False,False,False,True,False,False,False,True,False,0.1428571428571428,190.0,0.7142857142857143,2,2.6666666666666665,0,0
-1.3056792178158831,1,1,-1.039947969943,-0.0237554881710714,2,1,1,0.1037688438375884,2,1,1,-0.447635182953697,0.1221155408708012,0.1228606975723441,0,-0.8772324258614291,3,1,0,-0.6835478776036732,-0.6201892226844657,3,-0.6544537372115486,-0.6154915796172451,-0.0582848907973714,-0.5952272282818631,False,False,True,False,True,False,False,False,False,False,False,False,False,False,False,False,False,True,False,True,False,0.5,628.5714285714286,0.5,0,1.0,1,5
0.0083429981969065,0,0,1.51352732745825,-0.5173324155417446,2,3,1,0.8910731041795485,4,1,3,-0.639168077339691,1.5680006858305051,-1.0785044383346123,0,-0.3305890744344257,3,1,0,-0.5538105786911619,-0.6201892226844657,1,-0.1646131090542286,0.212801940709899,-0.3687152874355457,-0.3148734873096303,False,True,False,False,False,False,False,False,True,False,False,True,False,False,False,False,False,False,False,False,True,0.1428571428571428,437.5,0.7142857142857143,1,2.333333333333333,0,0
2.08887817355049,0,1,1.1218291750413594,-1.010909342912418,2,1,0,1.1863122018077836,3,1,1,-0.9443438223947084,-0.5367403649973064,-0.2775943477299747,0,1.855984331273588,4,4,1,-0.8132851765161844,0.1557070814399298,4,-0.6544537372115486,-0.6154915796172451,-0.3687152874355457,-1.1559347102263289,False,True,False,False,True,False,False,False,False,False,False,False,False,False,False,True,False,False,False,True,False,0.25,344.3333333333333,0.5,2,2.0,1,0
1.103361511540898,0,1,-1.09944642347468,-0.8875151110697495,4,1,0,0.7926600716368035,3,4,3,2.269790959729369,1.7412876593662083,0.1228606975723441,0,1.036019304133083,3,2,2,1.911198100646552,-0.6201892226844657,4,2.1213098223465976,3.5259760220184755,0.8730062991171511,0.5261877356070683,False,True,False,False,False,False,True,False,False,False,False,False,False,False,True,False,False,False,False,True,False,0.238095238095238,635.8888888888889,0.8095238095238095,2,2.0,1,6
-1.4151810691502822,0,1,1.6697107679789092,-0.6407266473844129,1,4,0,-1.1756005792180968,3,2,3,-0.4982849928024376,0.1261912280018113,-0.6780493930322936,1,-0.8772324258614291,3,3,2,-0.8132851765161844,0.1557070814399298,3,-0.3278933184400019,-0.063295899399149,-0.6791456840737199,-0.3148734873096303,False,False,True,False,False,False,True,False,False,False,False,False,False,False,False,False,True,False,False,True,False,0.0,693.6666666666666,0.6666666666666666,0,3.333333333333333,0,2
-0.5391662584750891,0,1,-0.4995036836969103,-0.270543951856408,5,4,1,1.5307578157073911,3,2,4,0.5747248444133206,1.2690701159112503,0.523315742874663,0,-0.8772324258614291,3,3,1,-0.5538105786911619,0.1557070814399298,2,-0.4911735278257753,-0.339393739508197,-0.6791456840737199,-0.3148734873096303,False,False,True,False,False,True,False,False,False,False,False,False,False,False,False,False,True,False,False,True,False,0.0,1150.5,0.6,1,3.6666666666666665,0,2
-0.3201625558062908,0,1,-0.9953241297942405,-1.010909342912418,3,4,0,0.9894861367222936,2,1,2,-0.6830078287213742,-1.4904511536536584,0.9237707881769818,0,0.4893759527060795,3,1,1,-0.5538105786911619,-0.6201892226844657,2,-0.3278933184400019,-0.063295899399149,-0.6791456840737199,-0.5952272282818631,False,True,False,False,True,False,False,False,False,False,False,True,False,False,False,False,False,False,False,True,False,0.0,411.75,0.6666666666666666,1,2.333333333333333,0,0
0.4463504035345031,0,1,1.1912440374949855,-0.5173324155417446,5,2,1,1.1863122018077836,4,1,3,-0.93136214844188,-1.2300288000756714,-0.2775943477299747,1,-0.8772324258614291,3,1,0,-0.5538105786911619,1.707499689688721,2,-0.4911735278257753,-0.6154915796172451,-0.6791456840737199,-0.3148734873096303,False,True,False,False,False,False,True,False,False,False,False,False,False,False,False,True,False,False,False,True,False,0.0,265.875,0.4,1,2.0,1,0
0.3368485522001039,0,0,-0.3457993454067379,-0.0237554881710714,4,3,1,0.743453555365431,3,2,3,-0.5380812719693053,1.2347781276365453,0.1228606975723441,0,-1.1505541015749308,3,3,2,-0.0348613830411168,-0.6201892226844657,4,0.161947309717318,0.7649976209279952,-0.6791456840737199,0.8065414765793012,False,True,False,False,False,False,False,True,False,False,False,True,False,False,False,False,False,False,True,False,False,0.0,331.25,0.7777777777777778,1,3.0,0,7
-0.6486681098094882,0,1,-1.1812567970807393,-0.1471497200137397,2,1,1,-1.7168722582031943,3,3,4,0.912886810168148,-0.8330006571410715,-0.6780493930322936,0,0.7626976284195812,3,1,1,0.2246132147839056,1.707499689688721,3,0.9783483566461848,0.7649976209279952,2.114727885669848,1.3672489585237668,False,False,True,False,True,False,False,False,False,False,False,False,False,False,False,False,True,False,True,False,False,0.6428571428571429,770.9285714285714,0.5,1,2.0,1,2
0.9938596602064989,1,1,-1.0548225833259202,-0.0237554881710714,3,1,1,-0.6835354165043717,3,3,4,0.7645552241825504,0.2351104530546661,0.523315742874663,0,-1.1505541015749308,3,1,1,2.1706726984715745,-1.3960855268088614,4,-0.0013328996684553,0.7649976209279952,0.5625759024789769,-0.3148734873096303,False,False,True,False,False,True,False,False,False,False,False,False,False,False,False,False,True,False,True,False,False,0.5,348.13793103448273,0.875,2,2.0,1,2
0.2273467008657048,1,0,-0.5218156037712901,-0.8875151110697495,3,1,0,-0.5851223839616266,2,1,1,-0.6080971855837409,0.4030568710393906,-0.2775943477299747,1,2.1293060069870897,4,2,0,-0.0348613830411168,-0.6201892226844657,4,-0.9810141559830952,-1.1676872598353414,-0.6791456840737199,-1.1559347102263289,False,True,False,False,True,False,False,False,False,False,False,True,False,False,False,False,False,False,False,False,True,0.0,303.8333333333333,0.0,1,1.3333333333333333,1,0
-0.6486681098094882,1,2,1.592858598833823,-1.010909342912418,5,3,0,1.6783773645215088,4,3,2,0.2005972573793454,-0.7564058472651929,-0.6780493930322936,0,-1.1505541015749308,3,1,0,-0.1645986819536281,-0.6201892226844657,3,0.4885077284888646,1.041095461037043,0.5625759024789769,0.8065414765793012,False,True,False,False,True,False,False,False,False,False,False,False,False,True,False,False,False,False,False,False,True,0.3636363636363636,676.9090909090909,0.7272727272727273,1,2.0,1,8
0.8843578088720997,0,1,0.5838639910257561,1.3335810620982798,3,2,1,1.432344783164646,1,3,1,0.92523004113969,0.7799876601900444,-0.2775943477299747,1,0.7626976284195812,3,2,1,1.6517235028215294,-0.6201892226844657,3,-0.0013328996684553,0.7649976209279952,-0.6791456840737199,0.8065414765793012,False,True,False,False,False,False,True,False,False,True,False,False,False,False,False,False,False,False,True,False,False,0.0,434.04,0.875,1,1.6666666666666667,1,3
-0.6486681098094882,0,1,1.4763407940009503,-0.1471497200137397,2,4,0,1.4815512994360187,4,1,2,-0.9351928063295998,1.446994940320172,2.5255909693862573,0,0.7626976284195812,3,4,0,-0.4240732797786506,0.1557070814399298,3,-0.6544537372115486,-0.6154915796172451,-0.6791456840737199,-0.5952272282818631,True,False,False,False,False,False,True,False,False,False,True,False,False,False,False,False,False,False,False,False,True,0.0,234.33333333333331,0.5,1,3.333333333333333,0,1
-0.6486681098094882,1,2,-0.6928736576748691,-0.8875151110697495,3,2,1,1.3831382668932737,3,1,4,-0.5919232967244792,0.9511665196924666,1.324225833479301,1,-0.6039107501479274,3,3,1,-0.5538105786911619,-0.6201892226844657,1,-0.8177339465973219,-0.6154915796172451,-0.0582848907973714,-0.5952272282818631,False,True,False,False,True,False,False,False,False,False,False,True,False,False,False,False,False,False,False,True,False,0.6666666666666666,465.25,0.6666666666666666,1,3.0,0,0
0.8843578088720997,0,1,1.600295905525283,2.4441291486822943,3,2,1,-0.5359158676902541,3,3,4,0.6121801659821373,0.0571856286457445,0.523315742874663,1,0.7626976284195812,3,4,2,-0.1645986819536281,0.9316033855643254,4,-0.6544537372115486,-0.8915894197262932,-0.3687152874355457,-0.5952272282818631,False,True,False,False,False,False,False,False,True,False,False,False,False,True,False,False,False,False,False,True,False,0.25,852.7272727272727,0.25,1,3.333333333333333,0,8
1.2128633628752972,0,1,1.0375396992048131,-0.270543951856408,3,3,1,1.4815512994360187,3,2,1,-0.2165188237279307,1.4731355543328573,0.523315742874663,0,-1.1505541015749308,3,1,3,0.4840878126089281,0.1557070814399298,3,-0.8177339465973219,-0.6154915796172451,-0.0582848907973714,-0.5952272282818631,False,False,True,False,False,True,False,False,False,False,False,False,False,False,False,False,True,False,True,False,False,0.6666666666666666,342.875,0.6666666666666666,2,1.6666666666666667,1,2
-0.3201625558062908,1,1,0.754922044929335,-0.0237554881710714,4,1,0,-0.6835354165043717,3,1,3,-0.8004813372781173,-1.5798351886647757,-0.6780493930322936,0,-0.0572673987209239,3,4,0,-1.202497073253718,-2.171981830933257,3,-0.8177339465973219,-0.6154915796172451,-0.0582848907973714,-0.5952272282818631,True,False,False,False,False,False,False,False,True,False,True,False,False,False,False,False,False,False,False,True,False,0.6666666666666666,914.0,0.6666666666666666,1,2.6666666666666665,0,1
0.3368485522001039,0,0,-1.4489998379732976,-0.1471497200137397,1,4,1,-0.5359158676902541,2,3,2,1.5436684756793555,1.5269627326493005,-0.2775943477299747,0,-1.1505541015749308,3,3,1,0.6138251115214394,1.707499689688721,3,0.3252275191030913,1.041095461037043,0.5625759024789769,1.086895217551534,False,True,False,False,False,False,True,False,False,False,False,False,False,False,True,False,False,False,True,False,False,0.4,809.2352941176471,0.8,1,3.0,0,6
-0.9771736638126856,0,1,0.1574584073820522,-0.5173324155417446,3,4,1,0.8910731041795485,3,2,1,0.4170294280355188,1.2897296334374049,-1.0785044383346123,0,0.7626976284195812,3,4,0,-0.6835478776036732,0.9316033855643254,3,-0.3278933184400019,-0.063295899399149,-0.3687152874355457,-0.3148734873096303,False,False,True,False,False,False,True,False,False,False,False,False,False,False,False,False,True,False,False,False,True,0.1666666666666666,1209.0,0.6666666666666666,0,3.0,0,2
0.7748559575377005,0,0,0.442555163888017,-0.5173324155417446,3,3,1,1.1863122018077836,2,1,3,-0.7110993198979867,-0.8910440635240767,0.1228606975723441,0,-0.3305890744344257,3,4,0,-0.5538105786911619,1.707499689688721,3,-0.3278933184400019,-0.6154915796172451,-0.6791456840737199,-0.3148734873096303,False,True,False,False,True,False,False,False,False,False,False,True,False,False,False,False,False,False,False,False,True,0.0,395.25,0.3333333333333333,1,3.333333333333333,0,0
1.7603726195472926,0,1,-0.8812854271918545,-0.8875151110697495,3,4,1,-1.3232201280322142,4,4,2,2.1482739789578105,0.7660741075703894,0.523315742874663,0,-0.8772324258614291,3,2,0,3.078833790859153,-0.6201892226844657,2,0.3252275191030913,1.041095461037043,1.8042974890316736,1.086895217551534,False,True,False,False,False,False,True,False,False,False,False,False,False,False,True,False,False,False,False,False,True,0.8,461.05555555555554,0.8,2,2.6666666666666665,0,6
1.3223652142096962,0,1,1.7168137103581556,-0.5173324155417446,4,1,1,1.4815512994360187,3,2,3,0.0314098673383839,1.0148315634975549,-0.2775943477299747,0,-0.3305890744344257,3,2,1,1.1327743071714844,-2.171981830933257,2,-0.6544537372115486,-0.6154915796172451,-0.3687152874355457,-0.5952272282818631,False,True,False,False,False,False,False,False,True,True,False,False,False,False,False,False,False,False,False,True,False,0.25,316.7142857142857,0.5,2,2.0,1,3
0.3368485522001039,0,1,0.2318314742966517,-0.8875151110697495,3,3,1,0.1037688438375884,3,1,3,-0.8849686251350503,-0.8809251161643276,-0.2775943477299747,0,-0.3305890744344257,3,3,1,-0.4240732797786506,0.1557070814399298,4,-0.6544537372115486,-0.8915894197262932,-0.3687152874355457,-0.5952272282818631,False,True,False,False,False,False,True,False,False,False,False,False,False,False,False,True,False,False,True,False,False,0.25,260.55555555555554,0.25,1,3.0,0,0
0.7748559575377005,0,1,1.6473988479045294,1.3335810620982798,3,4,1,-0.8311549653184892,3,1,2,-0.656193223507335,0.961988171729976,-0.6780493930322936,0,-0.6039107501479274,3,3,0,-0.6835478776036732,0.1557070814399298,2,-0.3278933184400019,-0.6154915796172451,-0.3687152874355457,-0.3148734873096303,False,True,False,False,True,False,False,False,False,False,False,False,False,False,False,True,False,False,False,False,True,0.1666666666666666,488.57142857142856,0.3333333333333333,1,3.0,0,0
-0.42966440714069,0,2,-0.9234301651101277,-0.270543951856408,3,4,1,-0.5851223839616266,3,2,1,-0.4533811697852767,0.4417056283162101,-1.0785044383346123,0,-0.3305890744344257,3,1,2,-0.8132851765161844,-0.6201892226844657,3,-0.4911735278257753,-0.339393739508197,-0.6791456840737199,-0.3148734873096303,False,False,True,False,False,False,True,False,False,False,False,False,False,False,False,False,True,False,False,True,False,0.0,728.8333333333334,0.6,1,2.0,1,2
-0.3201625558062908,0,1,1.2978454334059115,-0.7641208792270812,3,4,1,0.743453555365431,1,2,1,-0.3712348395263948,0.2217590641772194,0.1228606975723441,0,0.7626976284195812,3,4,0,0.4840878126089281,-0.6201892226844657,3,0.9783483566461848,1.3171933011460917,0.2521455058408027,2.2083101814404653,False,False,True,False,False,False,False,True,False,False,False,False,False,False,False,False,True,False,False,False,True,0.2142857142857142,297.4375,0.6428571428571429,1,3.0,0,7
-0.7581699611438873,0,1,1.3771767047814845,0.8400041347276065,1,4,1,1.4815512994360187,3,2,3,-0.2558894742406072,-1.5985271330932007,2.1251359240839385,0,-0.0572673987209239,3,3,2,-0.9430224754286956,-0.6201892226844657,2,-0.8177339465973219,-0.8915894197262932,-0.0582848907973714,-0.5952272282818631,False,False,True,False,True,False,False,False,False,False,False,False,False,False,False,False,True,False,False,True,False,0.6666666666666666,1060.2,0.3333333333333333,0,3.333333333333333,0,2
0.5558522548689022,0,2,-0.1350756558153726,-0.0237554881710714,2,1,0,0.3990079414658235,3,1,4,-0.6023511987521611,0.3014457746352435,-0.6780493930322936,0,-0.6039107501479274,3,3,0,0.0948759158713943,0.1557070814399298,3,0.8150681472604113,1.3171933011460917,0.8730062991171511,1.086895217551534,False,True,False,False,False,False,True,False,False,False,False,True,False,False,False,False,False,False,False,False,True,0.3846153846153846,282.53846153846155,0.6923076923076923,1,2.6666666666666665,0,0
0.7748559575377005,0,2,-1.039947969943,-1.010909342912418,5,1,0,0.645040522822686,3,2,3,-0.3693195105825349,-0.707075978886416,1.7246808787816197,0,-0.8772324258614291,3,3,1,-0.0348613830411168,0.9316033855643254,2,-0.9810141559830952,-1.1676872598353414,-0.6791456840737199,-1.1559347102263289,False,False,True,False,False,True,False,False,False,False,False,False,False,False,False,False,True,False,False,True,False,0.0,397.3333333333333,0.0,1,2.333333333333333,0,2
-0.7581699611438873,0,0,0.4648670839623969,-0.270543951856408,3,3,1,-0.0930572212479015,3,1,3,-1.0898109275376,-1.006428171612327,-0.6780493930322936,0,-0.6039107501479274,3,2,2,-1.3322343721662295,-0.6201892226844657,2,-0.9810141559830952,-1.1676872598353414,-0.6791456840737199,-1.1559347102263289,False,True,False,False,False,False,False,False,True,False,False,False,False,False,False,True,False,False,True,False,False,0.0,637.0,0.0,0,2.6666666666666665,0,0
2.198380024884889,0,1,-0.985407720872294,-1.010909342912418,2,2,1,1.333931750621901,4,2,3,-0.3412280194059224,-1.6291650570435523,-1.0785044383346123,0,2.4026276827005915,4,1,1,0.2246132147839056,-0.6201892226844657,2,0.8150681472604113,1.3171933011460917,-0.0582848907973714,1.086895217551534,False,True,False,False,True,False,False,False,False,False,False,False,False,False,False,True,False,False,False,True,False,0.1538461538461538,350.0,0.6923076923076923,2,2.0,1,0
1.3223652142096962,0,1,1.7044181992057224,-0.270543951856408,4,3,1,-1.5200461931177045,3,3,2,0.8432965252079035,0.9324745752640412,0.1228606975723441,0,-0.3305890744344257,3,2,2,2.3004099973840857,0.1557070814399298,3,0.161947309717318,0.7649976209279952,-0.6791456840737199,0.8065414765793012,False,True,False,False,True,False,False,False,False,True,False,False,False,False,False,False,False,False,True,False,False,0.0,348.8666666666667,0.7777777777777778,2,2.333333333333333,0,3
-0.3201625558062908,0,2,0.0657316248540461,0.7166099028849382,3,2,1,0.251388392651706,3,4,1,2.23531503873989,-0.3350641224800849,1.7246808787816197,0,-0.3305890744344257,3,4,2,0.6138251115214394,0.1557070814399298,2,1.141628566031958,1.041095461037043,1.1834366957553253,1.3672489585237668,False,True,False,False,False,False,True,False,False,False,False,False,False,False,True,False,False,False,True,False,False,0.4,1000.4117647058824,0.5333333333333333,1,2.333333333333333,0,6
-0.9771736638126856,1,2,1.7192928125886422,-1.010909342912418,3,1,1,1.2847252343505289,3,1,3,-0.7649413446531605,0.2015211694577212,0.1228606975723441,0,-0.0572673987209239,3,4,1,-0.8132851765161844,0.1557070814399298,4,-0.6544537372115486,-0.6154915796172451,-0.3687152874355457,-0.5952272282818631,False,False,True,False,False,False,False,False,True,False,False,False,False,False,False,False,False,True,False,True,False,0.25,484.8333333333333,0.5,0,2.6666666666666665,0,5
-0.8676718124782865,1,2,-1.7043473677134229,0.4698214391996017,3,1,0,-0.7327419327757442,3,2,2,-0.1571436264682725,0.4457813154472201,0.9237707881769818,0,-1.1505541015749308,3,1,0,-0.5538105786911619,0.9316033855643254,1,-0.3278933184400019,-0.339393739508197,-0.6791456840737199,-1.1559347102263289,False,False,True,False,False,False,False,False,True,False,False,False,False,False,False,False,True,False,False,False,True,0.0,720.625,0.5,0,1.3333333333333333,1,2
-0.3201625558062908,1,1,-0.0309533621349332,1.827157989468953,4,1,0,-1.2740136117608418,2,2,2,-0.4052851318616827,-0.9132495313413038,-1.0785044383346123,1,2.1293060069870897,4,3,0,0.6138251115214394,-0.6201892226844657,4,1.304908775417731,1.3171933011460917,2.4251582823080224,1.6476026994959998,False,False,True,False,False,False,True,False,False,False,False,False,False,False,False,False,True,False,False,False,True,0.625,270.52941176470586,0.5625,1,2.0,1,2
-0.2106607044718917,0,1,-0.3532366520981979,-0.270543951856408,1,4,1,0.4974209740085685,3,1,3,-0.8724125798364128,0.2640618857783927,-0.6780493930322936,0,-0.6039107501479274,3,1,1,-1.3322343721662295,0.1557070814399298,3,-0.9810141559830952,-1.1676872598353414,-0.6791456840737199,-1.1559347102263289,False,False,True,False,True,False,False,False,False,False,False,False,False,False,False,False,False,True,False,True,False,0.0,1202.0,0.0,1,2.6666666666666665,0,5
-1.4151810691502822,1,2,-1.0449061744039736,-0.0237554881710714,3,2,1,1.137105685536411,3,1,1,-0.7089711766270311,0.3773378798333617,-0.2775943477299747,1,-1.1505541015749308,3,3,0,-0.9430224754286956,-0.6201892226844657,2,-1.1442943653688686,-1.1676872598353414,-0.6791456840737199,-1.1559347102263289,False,True,False,False,False,False,True,False,False,False,False,True,False,False,False,False,False,False,False,False,True,0.0,634.4,0.0,0,2.0,1,0
-1.4151810691502822,0,0,0.0682107270845327,0.4698214391996017,2,4,0,0.5958340065513135,3,1,2,-0.9513666951888616,-1.0133146774543782,-0.6780493930322936,0,-0.6039107501479274,3,3,1,-1.3322343721662295,-0.6201892226844657,3,-0.9810141559830952,-1.1676872598353414,-0.6791456840737199,-1.1559347102263289,False,False,True,False,True,False,False,False,False,False,False,False,False,False,False,False,False,True,False,True,False,0.0,1016.5,0.0,0,3.0,0,5
0.7748559575377005,0,2,0.968124836751187,-0.8875151110697495,1,2,1,0.9894861367222936,3,3,3,0.7886032431443474,0.7597497654705462,0.9237707881769818,1,0.7626976284195812,3,2,0,0.6138251115214394,-0.6201892226844657,2,-0.8177339465973219,-0.6154915796172451,-0.0582848907973714,-0.5952272282818631,False,True,False,False,False,False,True,False,False,False,False,False,False,True,False,False,False,False,False,False,True,0.6666666666666666,600.5294117647059,0.6666666666666666,1,2.333333333333333,0,8
-0.8676718124782865,0,1,1.0995172549669796,1.2101868302556114,3,3,1,0.5466274902799411,2,2,3,0.45044127738952,1.3272540632298078,-0.6780493930322936,0,-0.3305890744344257,3,3,2,-0.1645986819536281,0.1557070814399298,3,0.4885077284888646,0.7649976209279952,-0.6791456840737199,-0.0345197463373974,False,False,True,False,True,False,False,False,False,False,False,False,False,False,False,False,True,False,True,False,False,0.0,783.6363636363636,0.6363636363636364,0,3.0,0,2
-0.7581699611438873,0,1,-1.1713403881587927,-1.010909342912418,3,3,1,-0.9787745141326066,3,1,3,-0.9447694510488996,0.1566886110166106,-1.0785044383346123,0,1.5826626555600865,4,1,1,-0.6835478776036732,0.1557070814399298,4,-0.3278933184400019,-0.339393739508197,-0.3687152874355457,-0.3148734873096303,True,False,False,False,True,False,False,False,False,False,True,False,False,False,False,False,False,False,True,False,False,0.1666666666666666,294.85714285714283,0.5,0,2.333333333333333,0,1
1.979376322216091,0,1,1.0573725170487065,-0.6407266473844129,4,4,1,-1.7660787744745667,3,2,3,-0.5253124123435724,0.2571753799363412,-1.0785044383346123,1,0.2160542769925777,3,2,0,-0.9430224754286956,-0.6201892226844657,3,-0.6544537372115486,-0.6154915796172451,-0.3687152874355457,-0.5952272282818631,False,True,False,False,True,False,False,False,False,True,False,False,False,False,False,False,False,False,False,True,False,0.25,807.0,0.5,2,3.0,0,3
-0.42966440714069,0,1,0.7350892270854419,-0.6407266473844129,4,1,0,0.7926600716368035,2,1,2,-0.5672368347813955,-0.8602655986381732,2.1251359240839385,0,-1.1505541015749308,3,4,0,-0.4240732797786506,1.707499689688721,3,-0.3278933184400019,-0.063295899399149,-0.6791456840737199,-0.5952272282818631,False,True,False,False,False,False,True,False,False,False,False,True,False,False,False,False,False,False,False,True,False,0.0,426.44444444444446,0.6666666666666666,1,2.333333333333333,0,0
1.103361511540898,0,1,-0.5738767506115098,0.59321567104227,3,3,0,0.5958340065513135,3,2,3,-0.4069876464784471,1.3895136976793752,0.1228606975723441,1,0.4893759527060795,3,3,1,-0.0348613830411168,0.9316033855643254,2,-0.3278933184400019,-0.063295899399149,-0.3687152874355457,-0.5952272282818631,False,False,True,False,False,False,True,False,False,False,False,False,False,False,False,False,True,False,False,True,False,0.1666666666666666,382.5833333333333,0.6666666666666666,2,3.0,0,2
-0.9771736638126856,1,2,-1.2729835796087454,-0.8875151110697495,2,3,1,-1.3724266443035866,2,1,1,-0.8390007304824116,-1.258980232799398,1.7246808787816197,0,-1.1505541015749308,3,3,0,-0.4240732797786506,-0.6201892226844657,2,-1.1442943653688686,-1.1676872598353414,-0.6791456840737199,-1.1559347102263289,False,True,False,False,False,False,True,False,False,False,False,True,False,False,False,False,False,False,False,False,True,0.0,284.55555555555554,0.0,0,2.333333333333333,0,0
-0.9771736638126856,0,1,1.5383183497631168,-1.010909342912418,3,1,1,0.3005949089230785,2,1,3,-1.0513894289237695,-0.2505990202132903,-0.6780493930322936,0,-0.3305890744344257,3,4,1,-1.3322343721662295,-0.6201892226844657,1,-0.9810141559830952,-1.1676872598353414,-0.6791456840737199,-1.1559347102263289,False,True,False,False,True,False,False,False,False,False,False,False,False,False,False,True,False,False,True,False,False,0.0,781.5,0.0,0,2.6666666666666665,0,0
-0.9771736638126856,0,2,-0.8317033825821215,-0.270543951856408,3,3,1,-0.5359158676902541,3,2,1,-0.3416536480601135,-0.349399297906396,-1.0785044383346123,0,-0.3305890744344257,3,4,0,-0.8132851765161844,1.707499689688721,3,-0.4911735278257753,-0.6154915796172451,-0.3687152874355457,-0.3148734873096303,False,False,True,False,True,False,False,False,False,False,False,False,False,False,False,False,True,False,False,False,True,0.2,816.3333333333334,0.4,0,2.6666666666666665,0,2
1.3223652142096962,0,1,-1.3176074197575052,-0.7641208792270812,2,3,0,-1.1263940629467242,2,2,1,-0.3648504097135284,1.2307024405055351,0.523315742874663,0,2.675949358414093,4,1,1,-0.1645986819536281,0.1557070814399298,3,-0.6544537372115486,-0.6154915796172451,-0.3687152874355457,-0.5952272282818631,False,True,False,False,False,False,True,False,False,False,False,True,False,False,False,False,False,False,False,True,False,0.25,435.3636363636364,0.5,2,1.6666666666666667,1,0
-0.8676718124782865,0,2,-0.9730122097198606,-0.8875151110697495,1,4,0,1.5307578157073911,3,1,2,-0.7072686620102668,-1.3555318555236704,-1.0785044383346123,0,-0.6039107501479274,3,3,3,-0.9430224754286956,0.1557070814399298,3,-0.6544537372115486,-0.6154915796172451,-0.6791456840737199,-0.5952272282818631,False,True,False,False,True,False,False,False,False,False,False,True,False,False,False,False,False,False,False,True,False,0.0,636.0,0.5,0,3.0,0,0
-0.9771736638126856,0,1,0.6954235913976554,2.4441291486822943,1,3,1,1.4815512994360187,1,2,2,0.0097028059746379,-1.5656405541740162,-0.6780493930322936,0,-0.3305890744344257,3,2,2,-0.4240732797786506,-0.6201892226844657,2,0.161947309717318,0.4888997808189471,-0.3687152874355457,0.8065414765793012,False,True,False,False,True,False,False,False,False,False,False,False,False,True,False,False,False,False,False,True,False,0.1111111111111111,727.6666666666666,0.6666666666666666,0,2.333333333333333,0,8
-0.42966440714069,0,1,-0.7102273732882756,-0.1471497200137397,5,4,1,0.1529753601089609,3,2,3,-0.0245603006877454,1.087210145306871,-0.2775943477299747,1,0.4893759527060795,3,1,0,0.3543505136964169,2.4833959938131165,3,-1.1442943653688686,-1.1676872598353414,-0.6791456840737199,-1.1559347102263289,False,True,False,False,True,False,False,False,False,True,False,False,False,False,False,False,False,False,False,False,True,0.0,425.8666666666667,0.0,1,2.6666666666666665,0,3
-0.5391662584750891,0,1,-0.7622885201284952,0.0996387436715968,3,3,1,-0.0930572212479015,3,3,4,1.0088660716882407,0.949901651272498,-0.2775943477299747,0,2.675949358414093,4,2,0,-0.1645986819536281,1.707499689688721,4,-0.3278933184400019,-0.6154915796172451,-0.6791456840737199,-1.1559347102263289,False,True,False,False,False,False,True,False,False,False,False,False,True,False,False,False,False,False,False,False,True,0.0,1022.181818181818,0.3333333333333333,1,3.0,0,4
1.869874470881692,0,2,0.6136132177915959,0.2230329755142651,4,2,0,1.038692652993666,3,4,4,2.0278210698217296,1.4254921771807052,0.1228606975723441,0,1.3093409798465847,4,1,1,1.911198100646552,-0.6201892226844657,3,1.141628566031958,1.3171933011460917,-0.3687152874355457,2.2083101814404653,False,True,False,False,False,False,True,False,False,False,False,False,True,False,False,False,False,False,True,False,False,0.0666666666666666,593.7777777777778,0.6,2,2.333333333333333,0,4
-0.8676718124782865,1,1,-1.4341252245903775,-1.010909342912418,4,1,1,1.6783773645215088,2,1,1,-0.8813507815744259,-0.9479631424226652,1.324225833479301,0,-0.6039107501479274,3,3,0,-0.0348613830411168,-0.6201892226844657,1,0.3252275191030913,0.7649976209279952,-0.6791456840737199,0.8065414765793012,False,True,False,False,False,False,False,False,True,False,False,False,False,False,False,True,False,False,False,False,True,0.0,196.83333333333331,0.7,0,1.6666666666666667,1,0
0.7748559575377005,0,1,-1.652286220873203,2.320734916839626,3,4,1,-1.6676657419318217,3,4,1,2.090814110642012,1.0907236686956727,0.1228606975723441,0,-0.6039107501479274,3,3,1,1.6517235028215294,-1.3960855268088614,4,2.1213098223465976,0.4888997808189471,3.666879868860719,3.6100788863016295,False,True,False,False,True,False,False,False,False,False,False,False,False,False,True,False,False,False,False,True,False,0.6666666666666666,653.12,0.2857142857142857,1,2.6666666666666665,0,6
0.2273467008657048,0,1,0.7102982047805754,-0.3939381836990763,3,2,0,-1.6676657419318217,3,3,2,0.398514581578206,-0.7256273823792895,0.523315742874663,0,0.7626976284195812,3,4,0,-0.2943359808661394,0.1557070814399298,3,-0.8177339465973219,-1.1676872598353414,-0.0582848907973714,-0.5952272282818631,False,True,False,False,True,False,False,False,False,False,False,False,False,True,False,False,False,False,False,False,True,0.6666666666666666,837.6,0.0,1,2.6666666666666665,0,8
0.9938596602064989,0,1,-1.4242088156684312,-0.7641208792270812,3,3,0,-0.7327419327757442,3,4,2,2.1499764935745747,-0.4122210960981717,2.1251359240839385,0,-0.8772324258614291,3,4,1,1.5219862039090182,-0.6201892226844657,4,0.9783483566461848,2.145486821473236,0.8730062991171511,-0.8755809692540959,False,False,True,False,True,False,False,False,False,False,False,False,True,False,False,False,False,False,False,True,False,0.3571428571428571,691.9166666666666,0.8571428571428571,2,3.0,0,4
-0.2106607044718917,0,1,0.5615520709513763,0.8400041347276065,3,4,0,1.235518718079156,2,3,2,0.4474618768101823,0.9671881863454026,-0.6780493930322936,0,1.036019304133083,3,4,0,-0.0348613830411168,0.1557070814399298,1,0.651787937874638,1.041095461037043,0.2521455058408027,-0.3148734873096303,False,True,False,False,True,False,False,False,False,True,False,False,False,False,False,False,False,False,False,False,True,0.25,717.1666666666666,0.6666666666666666,1,3.333333333333333,0,3
-1.5246829204846812,0,1,-0.7325392933626554,1.3335810620982798,1,1,1,1.5307578157073911,3,2,3,-0.9005040710130253,1.4755247502372424,-1.0785044383346123,0,-0.3305890744344257,3,2,0,-0.8132851765161844,-0.6201892226844657,3,-0.4911735278257753,-0.339393739508197,-0.3687152874355457,-0.5952272282818631,False,True,False,False,True,False,False,False,False,False,False,True,False,False,False,False,False,False,False,False,True,0.2,378.6666666666667,0.6,0,2.0,1,0
0.3368485522001039,1,1,-0.3135710164104114,-0.0237554881710714,4,4,1,0.9894861367222936,3,1,1,-0.9545589100952948,1.0565722213565196,0.1228606975723441,0,-0.3305890744344257,3,2,0,0.4840878126089281,0.1557070814399298,1,-0.3278933184400019,-0.063295899399149,-0.3687152874355457,-1.1559347102263289,False,True,False,False,True,False,False,False,False,False,False,True,False,False,False,False,False,False,False,False,True,0.1666666666666666,126.125,0.6666666666666666,1,2.333333333333333,0,0
-0.3201625558062908,0,1,0.4177641415831505,-1.010909342912418,3,4,1,-0.0930572212479015,2,3,3,0.1233456566436611,-0.2846099266168914,-0.6780493930322936,1,-0.3305890744344257,3,4,0,-0.1645986819536281,0.1557070814399298,3,0.4885077284888646,1.3171933011460917,1.8042974890316736,0.5261877356070683,False,False,True,False,False,False,False,False,True,False,False,False,False,False,False,False,True,False,False,True,False,0.7272727272727273,643.9090909090909,0.8181818181818182,1,3.6666666666666665,0,2
-0.6486681098094882,1,2,-0.5986677729163763,-0.7641208792270812,3,4,0,-1.6184592256604493,3,1,3,-0.5148845103158904,-1.4274888145263307,-0.6780493930322936,0,-0.8772324258614291,3,1,0,-0.5538105786911619,-0.6201892226844657,1,-0.0013328996684553,-0.6154915796172451,1.4938670923934996,0.8065414765793012,False,True,False,False,True,False,False,False,False,False,False,False,False,False,False,True,False,False,False,False,True,0.875,510.5,0.25,1,2.6666666666666665,0,0
1.4318670655440953,0,2,-1.1639030814673328,1.5803695257836163,5,3,1,1.0878991692650386,1,4,4,1.6828490455998444,1.424648931567393,-0.6780493930322936,1,-0.6039107501479274,3,4,0,2.68962189412162,-0.6201892226844657,3,4.080672334975878,0.4888997808189471,3.3564494722225446,1.3672489585237668,False,True,False,False,False,False,True,False,False,False,False,False,False,False,True,False,False,False,False,False,True,0.3939393939393939,436.6969696969697,0.1818181818181818,2,3.6666666666666665,0,6
-0.3201625558062908,0,1,1.58046308768139,-0.270543951856408,2,2,1,-0.5359158676902541,3,1,3,-0.8928427552375856,-1.316742557311299,-1.0785044383346123,1,2.675949358414093,4,2,1,0.0948759158713943,0.9316033855643254,3,0.651787937874638,1.5932911412551394,0.8730062991171511,0.8065414765793012,False,False,True,False,False,False,False,False,True,False,False,False,False,False,False,False,False,True,False,True,False,0.4166666666666667,177.53846153846155,0.8333333333333334,1,2.333333333333333,0,5
0.5558522548689022,0,1,1.01026957466946,-0.8875151110697495,3,3,1,0.1037688438375884,2,1,2,-0.3537840647045598,1.3687136392176686,0.523315742874663,0,-0.3305890744344257,3,2,1,-0.9430224754286956,0.1557070814399298,3,-0.9810141559830952,-1.1676872598353414,-0.6791456840737199,-1.1559347102263289,False,True,False,False,False,False,True,False,False,False,False,True,False,False,False,False,False,False,False,True,False,0.0,968.2,0.0,1,2.333333333333333,0,0
0.0083429981969065,0,1,-0.3185292208713848,0.4698214391996017,3,1,1,-0.929567997861234,3,2,4,-0.4721088305696851,-1.5855973670224104,-0.6780493930322936,0,0.4893759527060795,3,1,0,-0.1645986819536281,-0.6201892226844657,3,0.4885077284888646,1.041095461037043,0.2521455058408027,0.8065414765793012,False,True,False,False,False,False,True,False,False,False,False,False,False,False,False,True,False,False,False,True,False,0.2727272727272727,389.54545454545456,0.7272727272727273,1,2.0,1,0
-0.8676718124782865,0,1,-0.8961600405747744,-0.1471497200137397,1,3,0,-1.3232201280322142,1,2,1,0.6834729655591462,-0.9873146043772452,0.1228606975723441,0,-0.6039107501479274,3,3,1,-0.2943359808661394,0.1557070814399298,3,-0.0013328996684553,0.7649976209279952,-0.6791456840737199,0.8065414765793012,False,True,False,False,False,False,False,True,False,True,False,False,False,False,False,False,False,False,False,True,False,0.0,971.5,0.875,0,2.333333333333333,0,7
-0.42966440714069,0,1,-0.5639603416895632,1.950552221311621,3,4,1,-1.0771875466753518,2,2,2,-0.4646603291213408,1.3827677327728758,-0.6780493930322936,0,-0.6039107501479274,3,4,0,-0.8132851765161844,-0.6201892226844657,3,-0.3278933184400019,-0.339393739508197,-0.6791456840737199,-0.5952272282818631,False,True,False,False,True,False,False,False,False,False,False,False,False,True,False,False,False,False,False,False,True,0.0,720.0,0.5,1,3.333333333333333,0,8
0.8843578088720997,0,1,0.3657029947429309,2.320734916839626,3,4,1,1.5307578157073911,3,1,4,-0.9302980768064022,-1.3671967531744924,0.523315742874663,0,1.3093409798465847,4,4,1,-0.4240732797786506,0.1557070814399298,3,-0.3278933184400019,-0.063295899399149,-0.6791456840737199,-0.3148734873096303,False,True,False,False,False,False,False,False,True,False,False,False,False,False,False,True,False,False,False,True,False,0.0,236.88888888888889,0.6666666666666666,1,4.0,0,0
0.5558522548689022,0,2,-1.275462681839232,-0.8875151110697495,3,4,1,-1.2740136117608418,3,3,4,0.7705140253412257,0.6040304088788518,-0.2775943477299747,1,-0.3305890744344257,3,3,1,1.6517235028215294,0.1557070814399298,1,2.1213098223465976,1.041095461037043,3.3564494722225446,1.3672489585237668,False,True,False,False,True,False,False,False,False,True,False,False,False,False,False,False,False,False,False,True,False,0.6190476190476191,404.96,0.3809523809523809,1,3.6666666666666665,0,3
0.3368485522001039,0,1,1.337511069093698,-0.0237554881710714,2,1,1,-0.929567997861234,3,2,1,-0.2192854099801728,0.7071874555740717,-1.0785044383346123,0,-0.8772324258614291,3,4,0,-0.2943359808661394,1.707499689688721,4,0.161947309717318,-0.063295899399149,1.4938670923934996,-0.8755809692540959,False,False,True,False,False,False,True,False,False,False,False,False,False,False,False,False,True,False,False,True,False,0.7777777777777778,547.3,0.4444444444444444,1,2.0,1,2
-0.42966440714069,0,1,-0.5292529104627501,2.320734916839626,4,2,1,0.645040522822686,3,2,3,-0.2758940209875888,1.2136969873037349,-0.6780493930322936,1,-0.8772324258614291,3,2,1,0.4840878126089281,0.1557070814399298,3,1.304908775417731,2.6976825016913315,0.8730062991171511,0.8065414765793012,False,True,False,False,True,False,False,False,False,False,False,True,False,False,False,False,False,False,False,True,False,0.3125,325.4375,0.875,1,2.333333333333333,0,0
0.3368485522001039,0,1,0.236789678757625,-0.3939381836990763,2,3,1,-1.3724266443035866,3,4,4,2.114010872295427,0.4311650581498048,-0.6780493930322936,1,1.5826626555600865,4,4,0,1.2625116060839956,-0.6201892226844657,3,2.284590031732371,0.7649976209279952,1.4938670923934996,0.8065414765793012,True,False,False,False,False,False,True,False,False,False,False,False,True,False,False,False,False,False,False,False,True,0.3181818181818182,747.1363636363636,0.3181818181818182,1,3.6666666666666665,0,4
-1.4151810691502822,0,1,-1.1217583435490597,1.456975293940948,2,3,1,-0.4375028351475091,2,1,1,-0.8953965271627321,-0.6011081134801548,-1.0785044383346123,0,-0.3305890744344257,3,2,3,-1.202497073253718,0.1557070814399298,3,-0.9810141559830952,-0.8915894197262932,-0.6791456840737199,-1.1559347102263289,False,True,False,False,False,False,False,False,True,False,False,True,False,False,False,False,False,False,True,False,False,0.0,765.3333333333334,0.5,0,2.0,1,0
0.3368485522001039,0,0,0.8416906229963679,-0.1471497200137397,2,4,1,0.3005949089230785,3,2,4,-0.5180767252223237,-0.7690545314648793,0.1228606975723441,1,0.7626976284195812,3,3,0,-0.4240732797786506,-0.6201892226844657,3,-0.8177339465973219,-0.6154915796172451,-0.0582848907973714,-0.5952272282818631,False,True,False,False,True,False,False,False,False,True,False,False,False,False,False,False,False,False,True,False,False,0.6666666666666666,452.1111111111111,0.6666666666666666,1,3.6666666666666665,0,3
0.8843578088720997,0,1,-0.6556871242175693,-1.010909342912418,4,1,1,0.0053558112948434,3,3,2,0.1995331857438676,0.93036646123076,-0.6780493930322936,0,-0.8772324258614291,3,1,3,-0.1645986819536281,0.9316033855643254,3,0.4885077284888646,1.041095461037043,1.4938670923934996,0.8065414765793012,False,True,False,False,False,False,False,False,True,True,False,False,False,False,False,False,False,False,True,False,False,0.6363636363636364,676.4545454545455,0.7272727272727273,1,1.3333333333333333,1,3
-0.2106607044718917,0,1,1.486257202922897,2.320734916839626,4,2,0,1.5799643319787635,2,1,3,-0.8668794073319286,1.671157732525725,-1.0785044383346123,0,2.1293060069870897,4,1,2,-0.6835478776036732,1.707499689688721,3,-0.3278933184400019,-0.339393739508197,0.5625759024789769,-0.5952272282818631,False,False,True,False,True,False,False,False,False,False,False,False,False,False,False,False,False,True,False,True,False,0.6666666666666666,347.1428571428572,0.5,1,2.0,1,5
-0.5391662584750891,0,1,0.0533361137016128,-0.5173324155417446,2,4,0,0.0545623275662159,2,2,2,-0.1330956075064754,0.1842346343848165,0.1228606975723441,0,-0.8772324258614291,3,1,1,0.0948759158713943,-0.6201892226844657,3,-0.0013328996684553,-0.8915894197262932,-0.0582848907973714,0.2458339946348354,False,True,False,False,True,False,False,False,False,False,False,False,False,False,False,True,False,False,False,True,False,0.25,452.1538461538461,0.125,1,2.333333333333333,0,0
-0.1011588531374925,0,1,0.8788771564536676,-0.8875151110697495,4,3,1,0.2021818763803334,3,1,4,-0.8213371413334811,0.3777595026400179,0.1228606975723441,1,1.5826626555600865,4,4,0,-0.5538105786911619,0.1557070814399298,2,-0.6544537372115486,-0.6154915796172451,-0.3687152874355457,-0.5952272282818631,False,False,True,False,True,False,False,False,False,False,False,False,False,False,False,False,False,True,False,False,True,0.25,330.5,0.5,1,3.6666666666666665,0,5
1.2128633628752972,0,1,-0.7697258268199553,0.8400041347276065,4,3,0,1.4815512994360187,3,2,3,-0.0137067700058724,-0.087149912166232,2.1251359240839385,0,-0.3305890744344257,3,3,1,0.873299709346462,-0.6201892226844657,3,0.161947309717318,0.7649976209279952,1.4938670923934996,0.8065414765793012,False,False,True,False,True,False,False,False,False,False,False,False,False,False,False,False,True,False,True,False,False,0.7777777777777778,338.89473684210526,0.7777777777777778,2,3.0,0,2
-0.8676718124782865,0,1,-0.5069409903883703,-0.0237554881710714,3,3,1,1.235518718079156,4,1,3,-0.862410306462922,1.1331670312323985,1.324225833479301,0,0.7626976284195812,3,1,2,-0.8132851765161844,-0.6201892226844657,2,-0.9810141559830952,-1.1676872598353414,-0.6791456840737199,-1.1559347102263289,False,True,False,False,True,False,False,False,False,False,False,False,False,False,False,True,False,False,False,True,False,0.0,408.5,0.0,0,2.333333333333333,0,0
-0.42966440714069,0,1,1.0896008460450328,-0.1471497200137397,4,1,1,-0.9787745141326066,3,2,1,-0.0237090433793632,-0.5233889761198597,-0.2775943477299747,0,-0.6039107501479274,3,4,1,-0.4240732797786506,2.4833959938131165,1,-0.8177339465973219,-0.6154915796172451,-0.0582848907973714,-0.5952272282818631,False,False,True,False,True,False,False,False,False,False,False,False,False,False,False,False,True,False,False,True,False,0.6666666666666666,710.2222222222222,0.6666666666666666,1,2.0,1,2
-0.7581699611438873,1,1,-0.1549084736592658,-1.010909342912418,3,2,1,-0.0930572212479015,2,2,1,0.6832601512320506,-1.263477542737064,-0.6780493930322936,0,-1.1505541015749308,3,4,1,-0.1645986819536281,0.9316033855643254,3,0.4885077284888646,1.041095461037043,1.1834366957553253,0.8065414765793012,False,False,True,False,True,False,False,False,False,False,False,False,False,False,False,False,True,False,False,True,False,0.5454545454545454,883.0909090909091,0.7272727272727273,0,2.333333333333333,0,2
0.1178448495313057,0,2,0.2119986564527585,0.0996387436715968,4,3,1,0.251388392651706,3,2,3,-0.0907455564144612,0.0703964765876392,0.1228606975723441,0,-1.1505541015749308,3,3,0,-0.1645986819536281,-0.6201892226844657,3,-0.1646131090542286,-0.339393739508197,-0.3687152874355457,-0.5952272282818631,True,False,False,True,False,False,False,False,False,False,True,False,False,False,False,False,False,False,False,True,False,0.1428571428571428,552.4545454545455,0.4285714285714285,1,3.0,0,1
-0.2106607044718917,0,1,0.4698252884233702,-1.010909342912418,3,4,1,0.1037688438375884,2,1,1,-0.8626231207900176,1.0425181278013125,-0.6780493930322936,0,1.036019304133083,3,2,0,-1.072759774341207,0.1557070814399298,3,-0.6544537372115486,-1.1676872598353414,-0.3687152874355457,-0.5952272282818631,False,True,False,False,False,False,True,False,False,False,False,True,False,False,False,False,False,False,False,False,True,0.25,612.5,0.0,1,2.333333333333333,0,0
-0.7581699611438873,0,1,1.203639548647419,2.4441291486822943,4,3,1,-1.6184592256604493,3,3,2,0.5845143034597159,0.4899111692105704,0.1228606975723441,0,-0.8772324258614291,3,2,1,-0.2943359808661394,0.1557070814399298,3,-0.4911735278257753,-0.6154915796172451,-0.3687152874355457,-0.3148734873096303,False,False,True,False,False,False,False,False,True,False,False,False,False,False,False,False,True,False,False,True,False,0.2,925.0,0.4,0,2.333333333333333,0,2
-0.2106607044718917,1,1,-1.7316174922487757,-0.8875151110697495,3,1,0,0.1529753601089609,3,1,1,-0.942641307777944,1.7294822207798344,-0.6780493930322936,1,-0.8772324258614291,3,4,1,-1.3322343721662295,-0.6201892226844657,3,-0.9810141559830952,-1.1676872598353414,-0.6791456840737199,-1.1559347102263289,False,True,False,False,True,False,False,False,False,False,False,True,False,False,False,False,False,False,True,False,False,0.0,1037.0,0.0,1,2.0,1,0
1.7603726195472926,1,1,-0.4846290703139904,-0.8875151110697495,5,3,0,0.5958340065513135,2,3,4,0.7800906700605255,0.0428504532194333,-1.0785044383346123,0,0.2160542769925777,3,2,1,2.949096491946642,0.9316033855643254,3,4.243952544361651,0.7649976209279952,-0.3687152874355457,1.3672489585237668,False,True,False,False,False,False,False,False,True,False,False,False,False,True,False,False,False,False,False,True,False,0.0294117647058823,290.54285714285714,0.2058823529411764,2,3.0,0,8
0.1178448495313057,1,1,0.2491851899100582,-0.8875151110697495,3,3,1,0.743453555365431,3,2,2,-0.3508046641252221,-0.9360171629007392,0.523315742874663,0,-1.1505541015749308,3,1,2,-0.5538105786911619,-0.6201892226844657,3,-0.3278933184400019,-0.6154915796172451,-0.3687152874355457,-0.0345197463373974,False,True,False,False,False,False,True,False,False,False,False,False,False,True,False,False,False,False,False,True,False,0.1666666666666666,606.875,0.3333333333333333,1,2.0,1,8
-0.5391662584750891,0,0,0.9854785523645936,-1.010909342912418,4,4,1,-0.1914702537906465,3,2,1,-0.5142460673346038,1.526400568907092,0.523315742874663,0,-0.3305890744344257,3,2,1,-0.2943359808661394,0.1557070814399298,2,-0.1646131090542286,0.212801940709899,-0.3687152874355457,-0.5952272282818631,False,True,False,False,False,False,False,False,True,False,False,False,False,False,False,True,False,False,False,True,False,0.1428571428571428,408.7,0.7142857142857143,1,2.333333333333333,0,0
1.2128633628752972,0,1,0.7574011471598217,0.7166099028849382,4,3,0,-0.043850704976529,3,1,1,-0.8802867099389482,0.3115647219949926,2.1251359240839385,0,-0.8772324258614291,3,4,1,-0.1645986819536281,0.1557070814399298,2,0.161947309717318,-0.6154915796172451,1.4938670923934996,0.5261877356070683,False,True,False,False,False,False,False,True,False,False,False,False,False,False,False,True,False,False,False,True,False,0.7777777777777778,215.1818181818182,0.2222222222222222,2,2.6666666666666665,0,7
-0.3201625558062908,0,1,-0.8019541558162817,-0.270543951856408,4,1,1,-1.5200461931177045,3,1,4,-0.7515340420461409,1.0888966365334958,-0.6780493930322936,0,-0.6039107501479274,3,3,0,-1.3322343721662295,0.9316033855643254,1,-0.9810141559830952,-1.1676872598353414,-0.6791456840737199,-1.1559347102263289,False,True,False,False,False,False,True,False,False,False,False,False,False,False,False,True,False,False,False,False,True,0.0,1486.0,0.0,1,2.6666666666666665,0,0
1.979376322216091,0,1,-0.2912590963360316,2.073946453154289,5,3,1,-0.2898832863333916,2,5,4,2.7841631883193108,1.226064589632317,-0.6780493930322936,0,1.5826626555600865,4,3,1,3.078833790859153,0.1557070814399298,3,4.733793172518971,0.4888997808189471,-0.0582848907973714,2.488663922412698,False,False,True,False,False,True,False,False,False,False,False,False,True,False,False,False,False,False,False,True,False,0.054054054054054,529.3513513513514,0.1621621621621621,2,3.333333333333333,0,4
-0.3201625558062908,0,1,1.3598229891680778,-1.010909342912418,4,2,1,-1.0279810304039791,3,2,4,-0.2169444523821218,-0.1834204530194005,2.5255909693862573,0,0.4893759527060795,3,2,1,-0.2943359808661394,0.1557070814399298,2,-0.8177339465973219,-0.6154915796172451,-0.0582848907973714,-0.8755809692540959,False,True,False,False,True,False,False,False,False,False,False,False,False,False,False,True,False,False,False,True,False,0.6666666666666666,548.4,0.6666666666666666,1,2.6666666666666665,0,0
-1.196177366481484,0,1,-0.8143496669687149,-0.7641208792270812,3,1,0,1.137105685536411,3,1,4,-0.9454078940301862,-0.4469347071795331,-0.6780493930322936,0,1.5826626555600865,4,1,0,-1.3322343721662295,1.707499689688721,3,-0.9810141559830952,-1.1676872598353414,-0.6791456840737199,-1.1559347102263289,False,True,False,False,True,False,False,False,False,False,False,False,False,False,False,True,False,False,False,True,False,0.0,1030.5,0.0,0,2.0,1,0
0.1178448495313057,0,1,1.097038152736493,0.59321567104227,3,3,1,0.6942470390940585,3,2,2,0.7279511599221159,-0.2751936839349027,-1.0785044383346123,0,-1.1505541015749308,3,4,1,-0.1645986819536281,0.1557070814399298,3,0.3252275191030913,1.041095461037043,1.4938670923934996,0.8065414765793012,False,False,True,False,True,False,False,False,False,False,False,False,False,False,False,False,True,False,False,True,False,0.7,902.181818181818,0.8,1,3.0,0,2
0.1178448495313057,0,1,-0.9060764494967212,0.8400041347276065,3,2,0,1.1863122018077836,3,2,2,-0.4906236770269979,0.2903430407266299,-0.2775943477299747,0,-0.8772324258614291,3,2,0,-0.4240732797786506,1.707499689688721,4,-0.6544537372115486,-0.6154915796172451,-0.3687152874355457,-0.5952272282818631,False,False,True,False,True,False,False,False,False,False,False,False,False,False,False,False,True,False,False,False,True,0.25,466.44444444444446,0.5,1,2.0,1,2
-0.1011588531374925,0,1,0.2020822475308119,-1.010909342912418,4,2,0,0.349801425194451,3,2,3,0.0663114169820539,1.0026045021045245,1.324225833479301,0,-0.6039107501479274,3,1,0,0.4840878126089281,1.707499689688721,3,-0.9810141559830952,-1.1676872598353414,-0.6791456840737199,-1.1559347102263289,False,False,True,False,True,False,False,False,False,False,False,False,False,False,False,False,True,False,False,False,True,0.0,425.9375,0.0,1,2.0,1,2
-0.8676718124782865,0,1,1.406925931547324,-0.7641208792270812,1,2,1,1.038692652993666,3,1,1,-0.3788961553018346,0.2670132454249861,-0.6780493930322936,1,0.7626976284195812,3,4,0,-0.1645986819536281,0.1557070814399298,3,0.4885077284888646,1.3171933011460917,-0.3687152874355457,0.2458339946348354,False,True,False,False,False,False,True,False,False,False,False,True,False,False,False,False,False,False,False,False,True,0.0909090909090909,429.3636363636364,0.8181818181818182,0,2.333333333333333,0,0
-0.2106607044718917,0,1,-0.3284456297933313,0.0996387436715968,4,1,0,-0.7327419327757442,3,2,3,-0.0769126251532505,-1.418072571844342,0.1228606975723441,1,0.2160542769925777,3,3,0,-0.1645986819536281,0.9316033855643254,3,-0.3278933184400019,-0.6154915796172451,-0.6791456840737199,-0.0345197463373974,False,True,False,False,False,False,True,False,False,True,False,False,False,False,False,False,False,False,False,False,True,0.0,558.3636363636364,0.3333333333333333,1,2.333333333333333,0,3
0.2273467008657048,0,1,1.6350033367520962,-0.3939381836990763,3,4,1,-1.3724266443035866,4,3,3,0.3689333901119247,-1.356937264879191,-0.2775943477299747,0,-1.1505541015749308,3,1,1,-0.0348613830411168,0.1557070814399298,3,-0.0013328996684553,0.4888997808189471,1.4938670923934996,0.5261877356070683,False,False,True,False,False,False,True,False,False,False,False,False,False,False,False,False,True,False,False,True,False,0.875,686.4166666666666,0.75,1,2.6666666666666665,0,2
-0.8676718124782865,0,2,0.4772625951148301,-0.8875151110697495,1,1,1,1.038692652993666,3,2,4,0.500027015602783,1.4292867824406112,-0.6780493930322936,0,1.036019304133083,3,4,1,-0.6835478776036732,-2.171981830933257,4,-0.1646131090542286,-0.063295899399149,-0.3687152874355457,-0.3148734873096303,False,True,False,False,True,False,False,False,False,True,False,False,False,False,False,False,False,False,True,False,False,0.1428571428571428,1264.7142857142858,0.5714285714285714,0,3.0,0,3
1.4318670655440953,0,1,-1.3349611353709117,-0.0237554881710714,3,3,1,-0.3390898026047641,3,5,3,2.7298955349099456,0.7316415783601321,0.523315742874663,1,0.2160542769925777,3,3,1,2.040935399559064,-0.6201892226844657,3,-0.9810141559830952,-1.1676872598353414,-0.6791456840737199,-1.1559347102263289,False,False,True,False,False,True,False,False,False,False,False,False,True,False,False,False,False,False,False,True,False,0.0,690.3928571428571,0.0,2,3.0,0,4
-1.5246829204846812,0,1,0.4326387549660704,0.0996387436715968,3,4,1,-1.0279810304039791,4,1,3,-0.9428541221050396,-0.2089989032898774,-0.2775943477299747,0,0.2160542769925777,3,4,1,-0.9430224754286956,-0.6201892226844657,3,-0.8177339465973219,-0.6154915796172451,-0.0582848907973714,-0.5952272282818631,False,True,False,False,False,False,False,False,True,False,False,False,False,False,False,True,False,False,False,True,False,0.6666666666666666,414.6,0.6666666666666666,0,3.6666666666666665,0,0
-0.1011588531374925,0,2,1.238346979874232,-0.3939381836990763,4,1,1,0.6942470390940585,4,2,1,-0.2003449348686689,0.7586254379861296,0.1228606975723441,1,-0.6039107501479274,3,4,1,-0.2943359808661394,0.1557070814399298,3,-0.6544537372115486,-0.6154915796172451,-0.6791456840737199,-0.5952272282818631,False,True,False,False,True,False,False,False,False,False,False,True,False,False,False,False,False,False,False,True,False,0.0,556.2,0.5,1,2.0,1,0
0.5558522548689022,0,1,0.6359251378659758,-0.0237554881710714,2,4,1,1.333931750621901,2,5,4,2.7899091751508904,1.6933632003429522,2.1251359240839385,0,1.855984331273588,4,4,0,1.6517235028215294,-0.6201892226844657,3,-0.9810141559830952,-1.1676872598353414,-0.6791456840737199,-0.8755809692540959,False,True,False,False,False,False,False,True,False,False,False,False,True,False,False,False,False,False,False,False,True,0.0,784.52,0.0,1,4.0,0,7
-0.2106607044718917,0,1,-0.1301174513543993,2.320734916839626,3,2,1,-0.9787745141326066,4,2,3,-0.6589598097595771,1.5508546916931525,-0.6780493930322936,0,0.4893759527060795,3,4,2,-0.1645986819536281,0.1557070814399298,2,0.4885077284888646,1.3171933011460917,1.1834366957553253,1.086895217551534,False,True,False,False,True,False,False,False,False,False,False,True,False,False,False,False,False,False,False,True,False,0.5454545454545454,309.72727272727275,0.8181818181818182,1,3.0,0,0
-0.3201625558062908,0,2,-0.3705903677116045,0.0996387436715968,4,4,1,1.2847252343505289,2,2,3,-0.3065392840893479,0.1431966812036118,-0.6780493930322936,0,-0.3305890744344257,3,2,1,-0.4240732797786506,0.1557070814399298,2,0.161947309717318,-0.6154915796172451,1.4938670923934996,0.8065414765793012,False,True,False,False,False,False,False,False,True,True,False,False,False,False,False,False,False,False,False,True,False,0.7777777777777778,562.5555555555555,0.2222222222222222,1,3.0,0,3
0.3368485522001039,0,1,-1.6969100610219627,0.59321567104227,2,4,0,0.8910731041795485,3,2,1,-0.3967725587778607,-0.428804926493316,-0.6780493930322936,0,-0.0572673987209239,3,3,1,-0.8132851765161844,-0.6201892226844657,3,-0.3278933184400019,-0.063295899399149,-0.3687152874355457,-0.5952272282818631,False,False,True,False,True,False,False,False,False,False,False,False,False,False,False,False,True,False,False,True,False,0.1666666666666666,773.1666666666666,0.6666666666666666,1,2.6666666666666665,0,2
0.6653541062033014,0,1,0.4648670839623969,2.197340684996958,3,4,1,1.038692652993666,4,1,2,-0.3463355632562156,-1.1887097650233625,0.9237707881769818,0,-0.8772324258614291,3,3,1,-0.4240732797786506,-2.171981830933257,3,-0.1646131090542286,-0.063295899399149,-0.6791456840737199,-0.5952272282818631,False,True,False,False,False,False,False,False,True,False,False,True,False,False,False,False,False,False,True,False,False,0.0,541.7777777777778,0.5714285714285714,1,3.0,0,0
-0.2106607044718917,0,1,1.3548647847071045,-0.270543951856408,2,3,1,-0.142263737519274,2,1,4,-0.8115476822870858,-0.9275847067676152,-0.6780493930322936,0,0.7626976284195812,3,4,1,-1.3322343721662295,1.707499689688721,2,-0.9810141559830952,-1.1676872598353414,-0.6791456840737199,-0.8755809692540959,False,True,False,False,True,False,False,False,False,False,False,True,False,False,False,False,False,False,False,True,False,0.0,1345.0,0.0,1,3.6666666666666665,0,0
0.9938596602064989,0,1,-0.593709568455403,-1.010909342912418,4,4,1,-0.4867093514188816,4,4,1,2.3544910619133974,-1.5680297500784015,-0.6780493930322936,0,-0.0572673987209239,3,2,0,2.040935399559064,1.707499689688721,1,3.1009910786612376,-1.1676872598353414,-0.6791456840737199,2.2083101814404653,False,False,True,False,True,False,False,False,False,False,False,False,True,False,False,False,False,False,False,False,True,0.0,627.3928571428571,0.0,2,2.333333333333333,0,4
-0.9771736638126856,1,1,-1.1738194903892794,1.827157989468953,3,3,1,-0.7327419327757442,3,1,2,-0.8715613225280306,-0.9822551306973706,-0.6780493930322936,1,0.4893759527060795,3,3,3,-1.3322343721662295,0.1557070814399298,3,-0.9810141559830952,-0.8915894197262932,-0.6791456840737199,-1.1559347102263289,False,True,False,False,False,False,True,False,False,False,False,True,False,False,False,False,False,False,False,True,False,0.0,1204.0,0.5,0,2.6666666666666665,0,0
-1.6341847718190805,0,0,-0.856494404886988,2.073946453154289,2,2,0,0.9402796204509212,2,1,3,-0.7851587057272378,-0.5649890930432726,-0.6780493930322936,1,-0.3305890744344257,3,2,0,-0.9430224754286956,-0.6201892226844657,2,-0.4911735278257753,-0.6154915796172451,-0.3687152874355457,-0.3148734873096303,False,True,False,False,False,False,False,True,False,False,False,False,False,False,False,True,False,False,False,True,False,0.2,562.8,0.4,0,2.333333333333333,0,7
1.4318670655440953,0,2,1.0697680282011397,1.3335810620982798,5,2,1,-1.2248070954894692,3,4,3,1.009078886015336,0.8960744729560548,-0.2775943477299747,1,-0.0572673987209239,3,3,1,2.68962189412162,0.1557070814399298,3,3.754111916204331,1.041095461037043,3.0460190755843706,2.488663922412698,False,True,False,False,False,False,True,False,False,True,False,False,False,False,False,False,False,False,False,True,False,0.3870967741935484,340.7575757575757,0.2580645161290322,2,2.6666666666666665,0,3
-0.5391662584750891,0,1,-0.4176933100908508,-0.5173324155417446,4,2,0,-1.5200461931177045,4,1,4,-0.6791771708336544,0.628203449793808,0.1228606975723441,0,0.4893759527060795,3,4,2,-0.6835478776036732,0.1557070814399298,3,-0.6544537372115486,-0.6154915796172451,-0.6791456840737199,-0.5952272282818631,False,True,False,False,False,False,False,True,False,False,False,False,False,False,False,True,False,False,False,True,False,0.0,473.1428571428572,0.5,1,3.333333333333333,0,7
0.7748559575377005,0,1,1.2656171044095852,-0.270543951856408,3,2,0,-1.7168722582031943,3,5,4,2.669881894669001,-1.5127971624064376,-1.0785044383346123,1,-0.3305890744344257,3,4,1,1.5219862039090182,0.9316033855643254,2,2.447870241118145,0.7649976209279952,-0.3687152874355457,1.6476026994959998,False,True,False,False,False,False,True,False,False,False,False,False,False,False,True,False,False,False,True,False,False,0.0434782608695652,793.7083333333334,0.3043478260869565,1,3.333333333333333,0,6
-0.7581699611438873,0,1,-1.3919804866721046,-0.270543951856408,3,2,1,-0.8803614815898617,2,1,2,-0.9283827478625424,-1.2599640193482624,-0.6780493930322936,0,-0.8772324258614291,3,2,1,-0.6835478776036732,0.1557070814399298,2,-0.1646131090542286,-0.063295899399149,-0.3687152874355457,-0.8755809692540959,False,True,False,False,False,False,True,False,False,False,False,False,False,False,False,True,False,False,False,True,False,0.1428571428571428,305.85714285714283,0.5714285714285714,0,2.0,1,0
0.8843578088720997,0,1,0.5268446397245632,-0.5173324155417446,5,3,0,-0.7819484490471167,1,2,1,-0.1562923691598903,1.283686373208666,-0.6780493930322936,1,-0.3305890744344257,3,1,0,-0.1645986819536281,0.1557070814399298,3,0.4885077284888646,0.7649976209279952,-0.3687152874355457,-0.0345197463373974,False,True,False,False,False,False,True,False,False,False,False,True,False,False,False,False,False,False,False,False,True,0.0909090909090909,524.4545454545455,0.6363636363636364,1,1.6666666666666667,1,0
0.8843578088720997,0,0,-1.1564657747758729,2.073946453154289,3,1,1,-0.6835354165043717,2,2,1,-0.4508273978601302,1.3841731421283965,-0.6780493930322936,0,-0.0572673987209239,3,1,1,-0.1645986819536281,-0.6201892226844657,3,0.4885077284888646,0.7649976209279952,0.5625759024789769,0.2458339946348354,False,False,True,False,False,True,False,False,False,False,False,False,False,False,False,False,True,False,False,True,False,0.3636363636363636,398.6363636363636,0.6363636363636364,1,1.0,1,2
-0.6486681098094882,0,2,-0.2168860294214321,-0.8875151110697495,4,4,1,-0.5851223839616266,3,2,1,-0.2492922301006452,1.0243883471150954,1.7246808787816197,0,-0.6039107501479274,3,4,0,-0.1645986819536281,0.1557070814399298,3,-0.3278933184400019,-0.6154915796172451,-0.6791456840737199,-0.3148734873096303,False,False,True,False,False,False,False,True,False,False,False,False,False,False,False,False,True,False,False,False,True,0.0,484.7272727272728,0.3333333333333333,1,3.0,0,7
-0.1011588531374925,0,1,-0.6036259773773496,0.3464272073569334,4,3,0,0.4974209740085685,3,2,3,-0.3916650149275675,-0.2659179821884661,2.5255909693862573,1,-0.8772324258614291,3,2,2,-0.5538105786911619,-0.6201892226844657,3,-0.6544537372115486,-0.6154915796172451,-0.3687152874355457,-0.8755809692540959,False,True,False,False,True,False,False,False,False,False,False,False,False,True,False,False,False,False,False,True,False,0.25,582.875,0.5,1,2.6666666666666665,0,8
-0.3201625558062908,0,2,-0.9333465740320742,0.0996387436715968,4,3,1,-1.1756005792180968,4,2,4,-0.378683340974739,0.3776189617044658,-0.6780493930322936,0,-0.6039107501479274,3,1,1,-0.2943359808661394,0.1557070814399298,3,0.3252275191030913,0.7649976209279952,1.4938670923934996,-0.5952272282818631,False,True,False,False,True,False,False,False,False,False,False,False,False,True,False,False,False,False,True,False,False,0.7,472.4,0.7,1,2.6666666666666665,0,8
1.3223652142096962,0,1,-0.1995323138080255,1.950552221311621,4,3,0,0.8910731041795485,3,1,1,-0.7006714178703047,1.0946588148911307,-0.6780493930322936,0,-0.3305890744344257,3,4,1,-0.1645986819536281,0.1557070814399298,2,0.3252275191030913,0.4888997808189471,-0.3687152874355457,-0.0345197463373974,False,True,False,False,True,False,False,False,False,False,False,True,False,False,False,False,False,False,False,True,False,0.1,291.90909090909093,0.6,2,2.6666666666666665,0,0
0.2273467008657048,0,1,1.4490706694655973,0.0996387436715968,5,2,1,0.4974209740085685,3,2,1,-0.2397155853813455,-1.4726024548385457,-0.2775943477299747,0,-0.6039107501479274,3,4,3,-0.1645986819536281,0.1557070814399298,3,-0.0013328996684553,0.7649976209279952,1.4938670923934996,0.8065414765793012,False,True,False,False,False,False,True,False,False,False,False,False,False,True,False,False,False,False,False,True,False,0.875,488.8181818181818,0.875,1,2.333333333333333,0,8
-1.0866755151470848,0,1,1.238346979874232,1.2101868302556114,3,4,1,0.0545623275662159,2,1,1,-0.5187151682036103,0.2778348974624956,-0.6780493930322936,0,-1.1505541015749308,3,1,2,-0.5538105786911619,0.1557070814399298,3,-0.0013328996684553,0.7649976209279952,-0.6791456840737199,0.8065414765793012,False,True,False,False,False,False,False,True,False,False,False,True,False,False,False,False,False,False,True,False,False,0.0,508.25,0.875,0,2.0,1,7
-0.2106607044718917,0,1,0.0409406025491796,1.0867925984129432,5,2,1,-0.8803614815898617,4,2,1,-0.2756812066604933,1.6863361535653485,-0.6780493930322936,0,-1.1505541015749308,3,4,0,0.6138251115214394,-0.6201892226844657,3,1.4681889848035046,2.97378034180038,-0.3687152874355457,1.6476026994959998,False,True,False,False,True,False,False,False,False,False,False,False,False,False,False,True,False,False,False,True,False,0.0588235294117647,306.3529411764706,0.8823529411764706,1,2.333333333333333,0,0
-0.9771736638126856,0,1,-0.55156483053713,2.197340684996958,3,2,0,-1.3232201280322142,1,2,1,-0.3461227489291201,0.8638905987146306,-1.0785044383346123,0,1.5826626555600865,4,2,1,-0.6835478776036732,1.707499689688721,2,-0.3278933184400019,-0.339393739508197,-0.6791456840737199,-1.1559347102263289,False,True,False,False,False,False,True,False,False,False,False,False,False,True,False,False,False,False,True,False,False,0.0,696.7142857142857,0.5,0,1.6666666666666667,1,8
-1.7436866231534796,0,1,-0.6358543063736761,-0.5173324155417446,1,3,1,1.5307578157073911,3,1,4,-0.7206759646172863,1.6437522500930712,-0.6780493930322936,0,0.7626976284195812,3,3,0,-1.072759774341207,-0.6201892226844657,3,-0.8177339465973219,-0.6154915796172451,-0.0582848907973714,-0.5952272282818631,False,True,False,False,False,False,True,False,False,False,False,False,False,False,False,True,False,False,False,False,True,0.6666666666666666,779.25,0.6666666666666666,0,3.333333333333333,0,0
-2.072192177156677,1,2,-0.6408125108346494,-0.7641208792270812,2,2,0,0.2021818763803334,3,1,4,-1.0501125429611964,0.5771870901884063,-0.6780493930322936,1,-0.8772324258614291,3,3,0,-1.3322343721662295,-0.6201892226844657,4,-1.1442943653688686,-1.1676872598353414,-0.6791456840737199,-1.1559347102263289,False,False,True,False,False,False,True,False,False,False,False,False,False,False,False,False,False,True,False,False,True,0.0,1569.0,0.0,0,3.0,0,5
1.103361511540898,0,1,0.925980098832914,2.073946453154289,4,4,0,1.5799643319787635,3,5,3,2.7927417338445326,-1.2779532590989275,0.1228606975723441,0,-1.1505541015749308,3,3,1,2.040935399559064,-0.6201892226844657,3,-0.3278933184400019,-0.6154915796172451,-0.3687152874355457,-1.1559347102263289,True,False,False,False,True,False,False,False,False,False,False,False,True,False,False,False,False,False,False,True,False,0.1666666666666666,702.0714285714286,0.3333333333333333,2,3.333333333333333,0,4
0.2273467008657048,0,1,-1.5679967450366568,-0.7641208792270812,2,3,1,0.4974209740085685,2,2,3,-0.7308910523178728,-0.563724224623304,-1.0785044383346123,0,-0.0572673987209239,3,4,1,-0.0348613830411168,0.1557070814399298,3,0.4885077284888646,1.041095461037043,-0.6791456840737199,0.8065414765793012,False,True,False,False,False,False,True,False,False,False,False,True,False,False,False,False,False,False,True,False,False,0.0,255.75,0.7272727272727273,1,3.333333333333333,0,0
0.3368485522001039,0,1,0.2020822475308119,0.7166099028849382,3,1,0,0.6942470390940585,2,3,3,0.8366992810679416,1.6143791945626884,-0.6780493930322936,0,-0.6039107501479274,3,4,2,0.873299709346462,-0.6201892226844657,3,1.794749403575051,2.97378034180038,3.666879868860719,2.2083101814404653,False,True,False,False,True,False,False,False,False,False,False,False,False,True,False,False,False,False,False,True,False,0.7368421052631579,549.2105263157895,0.7894736842105263,1,2.6666666666666665,0,8
-0.2106607044718917,0,0,-1.4737908602781642,-0.1471497200137397,4,3,0,-0.6835354165043717,3,2,3,-0.5012643933817753,-0.2899504821678701,-0.6780493930322936,0,-0.8772324258614291,3,4,1,0.4840878126089281,1.707499689688721,3,1.141628566031958,1.8693889813641875,-0.0582848907973714,1.3672489585237668,False,True,False,False,True,False,False,False,False,True,False,False,False,False,False,False,False,False,False,True,False,0.1333333333333333,259.25,0.7333333333333333,1,3.333333333333333,0,3
0.0083429981969065,0,1,-0.3259665275628447,1.2101868302556114,3,3,1,0.9402796204509212,3,2,3,-0.1565051834869858,1.7117740629002731,0.1228606975723441,0,0.4893759527060795,3,1,3,-0.2943359808661394,-0.6201892226844657,2,-0.4911735278257753,-0.339393739508197,-0.6791456840737199,-0.5952272282818631,False,True,False,False,True,False,False,False,False,False,False,False,False,True,False,False,False,False,False,True,False,0.0,576.8,0.6,1,2.333333333333333,0,8
0.2273467008657048,0,2,-0.2268024383433787,-0.6407266473844129,3,1,0,0.743453555365431,3,2,3,-0.3110083849583545,-1.5702784050472345,-1.0785044383346123,0,-0.6039107501479274,3,4,0,-0.1645986819536281,-0.6201892226844657,1,0.3252275191030913,-0.6154915796172451,0.2521455058408027,1.086895217551534,False,True,False,False,False,False,True,False,False,False,False,False,False,True,False,False,False,False,False,False,True,0.3,458.3636363636364,0.2,1,2.6666666666666665,0,8
0.8843578088720997,0,1,1.3052827400973714,-0.8875151110697495,2,4,0,-0.3390898026047641,2,2,4,-0.1560795548327947,-1.2543423819261796,-0.6780493930322936,0,1.036019304133083,3,1,2,-0.1645986819536281,0.1557070814399298,3,0.4885077284888646,0.7649976209279952,0.2521455058408027,1.3672489585237668,False,True,False,False,False,False,False,True,False,False,False,False,False,True,False,False,False,False,True,False,False,0.2727272727272727,524.5454545454545,0.6363636363636364,1,3.0,0,7
0.1178448495313057,0,1,-1.0052405387161871,-0.8875151110697495,2,4,0,-0.5851223839616266,2,3,3,0.2665696987789656,-0.0160361987768842,0.1228606975723441,1,1.036019304133083,3,4,1,-0.1645986819536281,2.4833959938131165,4,-0.3278933184400019,-0.063295899399149,-0.6791456840737199,-0.5952272282818631,False,True,False,False,False,False,True,False,False,False,False,False,False,True,False,False,False,False,False,True,False,0.0,705.0909090909091,0.6666666666666666,1,3.6666666666666665,0,8
-0.2106607044718917,1,1,-0.1623457803507257,0.0996387436715968,3,4,1,-0.5359158676902541,2,3,1,0.8092462328726157,1.0142693997553462,2.5255909693862573,0,0.4893759527060795,3,3,0,0.4840878126089281,0.1557070814399298,3,0.9783483566461848,2.145486821473236,1.1834366957553253,-1.1559347102263289,False,False,True,False,False,False,True,False,False,False,False,False,False,False,False,False,True,False,False,True,False,0.4285714285714285,644.125,0.8571428571428571,1,2.6666666666666665,0,2
0.0083429981969065,0,1,1.654836154595989,0.0996387436715968,3,2,0,0.251388392651706,3,1,2,-0.5463810307260317,-0.6127730111309766,-0.6780493930322936,0,-1.1505541015749308,3,1,1,-0.4240732797786506,-0.6201892226844657,1,0.161947309717318,-0.063295899399149,1.4938670923934996,0.8065414765793012,False,True,False,False,False,False,True,False,False,False,False,False,False,False,False,True,False,False,False,True,False,0.7777777777777778,437.3333333333333,0.4444444444444444,1,1.6666666666666667,1,0
0.3368485522001039,0,1,-0.8788063249613679,0.8400041347276065,3,3,0,0.8910731041795485,3,3,4,0.3067916066000244,0.7919336397119704,1.324225833479301,1,-0.0572673987209239,3,4,0,0.873299709346462,-0.6201892226844657,2,-0.4911735278257753,-0.6154915796172451,0.2521455058408027,-0.3148734873096303,False,True,False,False,True,False,False,False,False,False,False,False,False,True,False,False,False,False,False,False,True,0.6,418.1578947368421,0.4,1,3.6666666666666665,0,8
0.7748559575377005,0,2,-0.4970245814664236,-1.010909342912418,5,1,1,-1.4216331605749593,3,2,4,-0.1618255416643746,-0.5354754965773377,0.523315742874663,1,-1.1505541015749308,3,3,0,0.3543505136964169,0.1557070814399298,3,0.4885077284888646,0.7649976209279952,-0.6791456840737199,-0.5952272282818631,True,False,False,True,False,False,False,False,False,False,True,False,False,False,False,False,False,False,False,True,False,0.0,382.8666666666667,0.6363636363636364,1,2.6666666666666665,0,1
1.2128633628752972,0,2,-1.0845718100917598,-0.6407266473844129,5,3,1,1.137105685536411,2,4,4,1.851185178332424,-1.2242666217180365,-0.2775943477299747,0,2.675949358414093,4,2,1,1.5219862039090182,0.1557070814399298,3,-0.8177339465973219,-0.6154915796172451,-0.0582848907973714,-0.5952272282818631,False,True,False,False,False,False,True,False,False,False,False,False,True,False,False,False,False,False,False,True,False,0.6666666666666666,633.4166666666666,0.6666666666666666,2,3.0,0,4
-0.2106607044718917,1,1,-0.0978891223580728,0.7166099028849382,2,1,1,-0.3390898026047641,1,2,4,-0.2263082827743259,1.0940966511489223,1.324225833479301,1,-0.3305890744344257,3,4,2,-0.5538105786911619,-0.6201892226844657,2,-0.8177339465973219,-0.6154915796172451,-0.0582848907973714,-0.5952272282818631,False,False,True,False,False,False,True,False,False,False,False,False,False,False,False,False,True,False,True,False,False,0.6666666666666666,680.0,0.6666666666666666,1,3.0,0,2
-1.4151810691502822,0,2,-0.5837931595334565,-0.8875151110697495,1,1,0,-1.6676657419318217,3,1,4,-0.5838363522948483,0.4082568856548172,-0.6780493930322936,1,-0.6039107501479274,3,3,0,-0.6835478776036732,-0.6201892226844657,3,-0.1646131090542286,-0.339393739508197,-0.3687152874355457,-0.3148734873096303,False,True,False,False,False,False,False,False,True,False,False,False,False,False,False,True,False,False,False,False,True,0.1428571428571428,537.1428571428571,0.4285714285714285,0,2.6666666666666665,0,0
-1.0866755151470848,0,1,-0.7846004402028751,-0.1471497200137397,3,2,0,0.9894861367222936,4,1,3,-0.6355502337790667,1.1491886978853345,1.7246808787816197,0,0.4893759527060795,3,1,0,-0.8132851765161844,-2.171981830933257,3,-0.6544537372115486,-0.6154915796172451,-0.6791456840737199,-0.5952272282818631,False,True,False,False,False,False,True,False,False,False,False,False,False,False,False,True,False,False,False,True,False,0.0,586.1666666666666,0.5,0,2.0,1,0
-1.0866755151470848,0,2,-0.5242947060017769,-0.8875151110697495,3,4,1,1.038692652993666,3,1,4,-0.8349572582675963,-1.1265906715093472,-0.2775943477299747,0,-0.6039107501479274,3,3,0,-0.6835478776036732,-2.171981830933257,2,-0.4911735278257753,-0.6154915796172451,-0.3687152874355457,-0.5952272282818631,False,True,False,False,False,False,True,False,False,False,False,False,False,False,False,True,False,False,False,False,True,0.2,368.57142857142856,0.4,0,3.6666666666666665,0,0
0.3368485522001039,1,1,1.3052827400973714,-0.270543951856408,3,1,1,0.349801425194451,3,1,1,-0.9230623896851536,-1.5423107588723726,0.1228606975723441,1,-0.3305890744344257,3,2,0,-0.1645986819536281,0.1557070814399298,1,-0.4911735278257753,-0.6154915796172451,-0.6791456840737199,-0.3148734873096303,False,True,False,False,True,False,False,False,False,False,False,True,False,False,False,False,False,False,False,False,True,0.0,196.9090909090909,0.4,1,1.3333333333333333,1,0
-0.8676718124782865,0,1,-0.8267451781211482,0.0996387436715968,3,3,1,-1.1756005792180968,2,2,3,-0.1350109364503354,1.2789079813998956,2.5255909693862573,0,-1.1505541015749308,3,3,0,-0.4240732797786506,-0.6201892226844657,3,-0.3278933184400019,-0.6154915796172451,-0.3687152874355457,-0.0345197463373974,False,False,True,False,False,False,True,False,False,False,False,False,False,False,False,False,True,False,False,False,True,0.1666666666666666,652.1111111111111,0.3333333333333333,0,3.0,0,2
-0.1011588531374925,0,1,-0.2268024383433787,-0.5173324155417446,4,2,0,-1.1756005792180968,3,3,1,0.3201989092070439,1.1916320604220596,0.523315742874663,0,-0.8772324258614291,3,3,2,-0.2943359808661394,2.4833959938131165,3,-0.6544537372115486,-0.6154915796172451,-0.6791456840737199,-0.5952272282818631,False,True,False,False,True,False,False,False,False,True,False,False,False,False,False,False,False,False,False,True,False,0.0,800.8,0.5,1,2.0,1,3
-1.3056792178158831,0,2,-0.075577202283693,-0.8875151110697495,1,4,1,0.5466274902799411,4,2,3,-0.2761068353146844,-1.3126668701802888,-0.6780493930322936,0,0.4893759527060795,3,3,2,-0.5538105786911619,2.4833959938131165,3,-0.0013328996684553,0.7649976209279952,-0.6791456840737199,0.8065414765793012,False,True,False,False,True,False,False,False,False,False,False,False,False,True,False,False,False,False,True,False,False,0.0,650.75,0.875,0,3.333333333333333,0,8
0.2273467008657048,0,1,-0.7697258268199553,0.3464272073569334,3,4,1,0.0053558112948434,3,2,2,-0.2571663602031805,-0.9303955254786564,0.523315742874663,0,1.5826626555600865,4,3,0,-0.5538105786911619,0.1557070814399298,3,-0.3278933184400019,-0.063295899399149,-0.3687152874355457,-1.1559347102263289,False,True,False,False,False,False,True,False,False,False,False,False,False,True,False,False,False,False,False,True,False,0.1666666666666666,661.875,0.6666666666666666,1,3.0,0,8
1.3223652142096962,0,1,-1.2432343528429055,1.5803695257836163,4,1,0,0.3005949089230785,3,4,2,2.108903328445133,-1.5199647501195932,0.1228606975723441,0,0.2160542769925777,3,2,2,2.040935399559064,-0.6201892226844657,3,-0.4911735278257753,-0.6154915796172451,-0.3687152874355457,-0.5952272282818631,False,True,False,False,False,False,False,True,False,False,False,False,False,False,True,False,False,False,False,True,False,0.2,586.1785714285714,0.4,2,1.6666666666666667,1,7
1.4318670655440953,0,1,0.0260659891662596,0.9633983665702748,5,4,0,-0.7819484490471167,2,3,1,1.4398150840567274,1.0776533616893302,0.9237707881769818,0,-0.0572673987209239,3,3,3,1.0030370082589732,0.1557070814399298,3,1.141628566031958,1.8693889813641875,-0.3687152874355457,1.9279564404682328,False,True,False,False,True,False,False,False,False,False,False,False,False,False,True,False,False,False,True,False,False,0.0666666666666666,663.45,0.7333333333333333,2,2.6666666666666665,0,6
-1.8531884744878788,0,1,0.8392115207658811,-0.8875151110697495,3,3,0,-1.7168722582031943,3,1,3,-0.7917559498671998,-0.1492690056802473,-0.6780493930322936,0,1.036019304133083,3,1,0,-1.202497073253718,0.1557070814399298,3,-0.8177339465973219,-0.6154915796172451,-0.0582848907973714,-0.5952272282818631,False,False,True,False,False,False,True,False,False,False,False,False,False,False,False,False,False,True,False,False,True,0.6666666666666666,927.6666666666666,0.6666666666666666,0,2.333333333333333,0,5
-0.3201625558062908,0,1,0.811941396230528,-0.7641208792270812,3,4,0,0.0053558112948434,3,2,2,-0.2277979830639948,0.7053604234118949,-0.6780493930322936,0,-0.8772324258614291,3,3,1,-0.0348613830411168,-0.6201892226844657,3,0.651787937874638,1.041095461037043,1.4938670923934996,1.3672489585237668,False,True,False,False,True,False,False,False,False,False,False,False,False,False,False,True,False,False,True,False,False,0.5833333333333334,452.75,0.6666666666666666,1,3.0,0,0
-0.1011588531374925,0,1,-1.218443330538039,-0.270543951856408,3,1,1,0.5466274902799411,3,1,2,-0.9556229817307724,-0.4726536983855621,-0.2775943477299747,0,-1.1505541015749308,3,3,0,0.4840878126089281,0.9316033855643254,3,-0.4911735278257753,-0.339393739508197,-0.3687152874355457,-0.3148734873096303,False,True,False,False,True,False,False,False,False,False,False,True,False,False,False,False,False,False,False,False,True,0.2,125.8125,0.6,1,2.0,1,0
1.3223652142096962,0,1,-0.8366615870430948,-0.3939381836990763,1,3,0,-1.2248070954894692,2,4,3,1.5881466700423252,-0.3739939616280084,-0.2775943477299747,1,1.036019304133083,3,2,1,2.430147296296597,0.1557070814399298,3,1.304908775417731,1.8693889813641875,-0.0582848907973714,2.2083101814404653,False,True,False,False,True,False,False,False,False,True,False,False,False,False,False,False,False,False,False,True,False,0.125,450.5161290322581,0.6875,2,2.6666666666666665,0,3
-0.1011588531374925,0,0,0.2268732698356784,-1.010909342912418,4,4,0,-1.6184592256604493,2,2,3,-0.4531683554581812,0.1542994151122254,-1.0785044383346123,0,-0.0572673987209239,3,3,0,-0.9430224754286956,2.4833959938131165,3,-0.6544537372115486,-0.6154915796172451,-0.3687152874355457,-0.5952272282818631,False,True,False,False,False,False,True,False,False,False,False,False,False,True,False,False,False,False,False,True,False,0.25,874.8,0.5,1,3.333333333333333,0,8
-0.1011588531374925,0,1,0.5888221954867294,-0.7641208792270812,2,4,1,0.645040522822686,4,2,1,0.0720574038136338,1.6857739898231403,1.324225833479301,0,1.3093409798465847,4,1,1,0.2246132147839056,0.1557070814399298,3,-0.3278933184400019,-0.063295899399149,-0.6791456840737199,-0.0345197463373974,False,True,False,False,True,False,False,False,False,True,False,False,False,False,False,False,False,False,True,False,False,0.0,488.7142857142857,0.6666666666666666,1,2.0,1,3
1.869874470881692,0,1,-0.5416484216151833,1.5803695257836163,5,2,0,1.235518718079156,3,4,3,2.324484241792925,0.6144304381097051,0.1228606975723441,0,2.675949358414093,4,3,1,3.078833790859153,2.4833959938131165,3,0.4885077284888646,1.041095461037043,0.5625759024789769,0.8065414765793012,False,True,False,False,False,False,True,False,False,False,False,False,True,False,False,False,False,False,False,True,False,0.3636363636363636,470.97297297297297,0.7272727272727273,2,2.6666666666666665,0,4
0.6653541062033014,0,1,1.2110768553388789,0.7166099028849382,2,3,1,-0.043850704976529,2,4,3,2.362152377688837,-1.5161701448596874,-0.6780493930322936,0,2.4026276827005915,4,1,1,0.3543505136964169,0.1557070814399298,3,1.141628566031958,1.5932911412551394,1.1834366957553253,1.9279564404682328,False,True,False,False,True,False,False,False,False,False,False,False,False,False,True,False,False,False,False,True,False,0.4,1173.5333333333333,0.6666666666666666,1,2.333333333333333,0,6
-0.2106607044718917,1,2,0.1921658386088653,0.3464272073569334,4,4,1,-1.4708396768463317,3,2,4,-0.4091157897494026,-0.547983639841472,0.1228606975723441,1,2.4026276827005915,4,1,0,0.2246132147839056,-0.6201892226844657,4,0.651787937874638,1.3171933011460917,1.1834366957553253,0.8065414765793012,False,False,True,False,False,False,False,True,False,False,False,False,False,False,False,False,True,False,False,False,True,0.5,327.2142857142857,0.75,1,3.0,0,2
0.1178448495313057,0,2,0.9582084278292404,-1.010909342912418,3,4,1,1.1863122018077836,3,2,4,-0.376342383376688,-0.6248595315884548,1.7246808787816197,0,-0.0572673987209239,3,4,2,1.0030370082589732,0.9316033855643254,4,0.9783483566461848,1.8693889813641875,-0.0582848907973714,1.3672489585237668,False,True,False,False,True,False,False,False,False,False,False,False,False,False,False,True,False,False,False,True,False,0.1428571428571428,236.75,0.7857142857142857,1,4.0,0,0
-0.8676718124782865,0,1,0.4673461861928835,-0.5173324155417446,3,1,1,-1.1263940629467242,2,2,2,-0.4929646346250489,-1.5399215629679872,-0.6780493930322936,1,-0.6039107501479274,3,2,1,-0.1645986819536281,0.1557070814399298,2,0.4885077284888646,-1.1676872598353414,-0.6791456840737199,1.3672489585237668,False,False,True,False,False,False,True,False,False,False,False,False,False,False,False,False,True,False,True,False,False,0.0,380.6363636363636,0.0,0,1.6666666666666667,1,2
-0.42966440714069,0,1,-1.0176360498686203,-0.8875151110697495,4,4,1,1.333931750621901,3,2,4,-0.2124753515131152,-1.4605159343810674,-0.6780493930322936,0,-0.3305890744344257,3,3,2,-0.6835478776036732,1.707499689688721,3,-0.1646131090542286,-0.6154915796172451,-0.6791456840737199,-0.0345197463373974,False,False,True,False,False,False,True,False,False,False,False,False,False,False,False,False,True,False,True,False,False,0.0,786.4285714285714,0.2857142857142857,1,3.6666666666666665,0,2
-0.5391662584750891,0,1,0.4326387549660704,-0.8875151110697495,3,4,1,-1.0279810304039791,3,2,2,-0.2199238529614595,1.5747466507370045,-1.0785044383346123,0,-0.6039107501479274,3,3,2,-0.1645986819536281,0.9316033855643254,2,0.3252275191030913,0.212801940709899,-0.3687152874355457,0.5261877356070683,False,True,False,False,False,False,True,False,False,False,False,False,False,False,False,True,False,False,True,False,False,0.1,497.27272727272725,0.5,1,3.0,0,0
-0.6486681098094882,0,1,0.7673175560817683,-0.5173324155417446,4,1,0,0.0545623275662159,3,2,4,-0.2186469669988862,1.1631022505049893,-0.6780493930322936,0,-1.1505541015749308,3,1,2,-0.1645986819536281,-0.6201892226844657,3,0.4885077284888646,-1.1676872598353414,-0.6791456840737199,-0.5952272282818631,False,False,True,False,True,False,False,False,False,False,False,False,False,False,False,False,True,False,False,True,False,0.0,497.8181818181818,0.0,1,2.0,1,2
1.3223652142096962,0,1,-0.8391406892735814,0.8400041347276065,3,4,0,0.3990079414658235,3,1,1,-0.8334675579779274,1.4936545309234597,0.523315742874663,1,0.2160542769925777,3,2,1,0.7435624104339507,-0.6201892226844657,2,-0.8177339465973219,-0.6154915796172451,-0.0582848907973714,-0.5952272282818631,False,True,False,False,False,False,True,False,False,False,False,True,False,False,False,False,False,False,True,False,False,0.6666666666666666,143.72222222222223,0.6666666666666666,2,2.333333333333333,0,0
0.1178448495313057,0,2,-1.622536994107363,-0.8875151110697495,3,4,0,-1.1756005792180968,2,1,2,-0.8647512640609731,1.336951387782901,-0.6780493930322936,0,1.855984331273588,4,2,0,-0.9430224754286956,0.1557070814399298,3,-0.4911735278257753,-0.339393739508197,0.2521455058408027,-0.3148734873096303,False,True,False,False,False,False,True,False,False,False,False,True,False,False,False,False,False,False,False,False,True,0.6,488.0,0.6,1,2.6666666666666665,0,0
1.103361511540898,0,1,1.04745610812676,-0.8875151110697495,4,2,0,-0.929567997861234,4,4,2,2.0150522101959965,0.9518692243702268,1.324225833479301,0,-0.3305890744344257,3,3,3,2.3004099973840857,-0.6201892226844657,3,-0.6544537372115486,-0.6154915796172451,-0.3687152874355457,-0.5952272282818631,False,False,True,False,True,False,False,False,False,False,False,False,True,False,False,False,False,False,True,False,False,0.25,532.4,0.5,2,2.333333333333333,0,4
1.3223652142096962,0,1,0.016149580244313,-1.010909342912418,3,3,1,-1.4708396768463317,3,4,3,1.888853314228336,1.1342913587168146,0.523315742874663,0,-0.3305890744344257,3,1,0,1.5219862039090182,-0.6201892226844657,3,0.161947309717318,0.7649976209279952,-0.6791456840737199,-1.1559347102263289,False,True,False,False,True,False,False,False,False,False,False,False,True,False,False,False,False,False,False,False,True,0.0,640.7916666666666,0.7777777777777778,2,2.333333333333333,0,4
0.4463504035345031,0,1,1.0003531657475135,1.7037637576262843,2,4,1,0.6942470390940585,3,3,3,0.1231328423165655,-0.3825669586966848,0.1228606975723441,1,0.2160542769925777,3,4,0,1.2625116060839956,-0.6201892226844657,3,-0.8177339465973219,-1.1676872598353414,-0.6791456840737199,-0.5952272282818631,False,False,True,False,True,False,False,False,False,False,False,False,False,False,False,False,True,False,False,False,True,0.0,321.90909090909093,0.0,1,3.6666666666666665,0,2
-1.8531884744878788,0,1,-0.1871368026555923,-0.0237554881710714,1,4,1,-0.5851223839616266,3,1,1,-0.803460737857455,0.9513070606280186,-0.6780493930322936,0,-1.1505541015749308,3,1,0,-1.202497073253718,0.1557070814399298,3,-0.8177339465973219,-0.6154915796172451,-0.6791456840737199,-0.5952272282818631,False,False,True,False,True,False,False,False,False,False,False,False,False,False,False,False,False,True,False,False,True,0.0,909.3333333333334,0.6666666666666666,0,2.0,1,5
-0.42966440714069,0,0,-0.6755199420614625,0.8400041347276065,3,3,0,-1.4708396768463317,3,2,4,-0.2416309143252054,0.2553483477741643,-0.6780493930322936,1,2.675949358414093,4,3,1,-0.5538105786911619,-0.6201892226844657,3,-0.1646131090542286,0.212801940709899,-0.3687152874355457,-0.5952272282818631,False,False,True,False,True,False,False,False,False,False,False,False,False,False,False,False,True,False,True,False,False,0.1428571428571428,671.0,0.7142857142857143,1,3.333333333333333,0,2
-0.1011588531374925,0,1,1.3598229891680778,2.073946453154289,4,1,1,0.6942470390940585,3,2,3,-0.246100015194212,-0.968903741819924,1.324225833479301,0,-0.3305890744344257,3,2,2,-0.1645986819536281,-0.6201892226844657,2,-0.6544537372115486,-0.6154915796172451,-0.6791456840737199,-0.5952272282818631,False,True,False,False,True,False,False,False,False,True,False,False,False,False,False,False,False,False,False,True,False,0.0,486.09090909090907,0.5,1,2.0,1,3
0.7748559575377005,0,1,-0.6804781465224358,-1.010909342912418,3,3,0,-1.0771875466753518,3,1,4,-0.7040764471038335,-1.4259428642352578,0.523315742874663,1,0.7626976284195812,3,1,3,-0.4240732797786506,-0.6201892226844657,3,-0.8177339465973219,-0.6154915796172451,-0.0582848907973714,-0.5952272282818631,True,False,False,False,True,False,False,False,False,False,True,False,False,False,False,False,False,False,True,False,False,0.6666666666666666,355.0,0.6666666666666666,1,2.6666666666666665,0,1
-1.5246829204846812,1,1,1.2829708200229917,-0.1471497200137397,1,4,1,1.333931750621901,2,1,3,-0.5351018713899676,0.8815987565941915,-0.6780493930322936,1,-1.1505541015749308,3,1,0,-0.8132851765161844,-0.6201892226844657,3,-0.3278933184400019,-0.063295899399149,-0.3687152874355457,-0.5952272282818631,False,True,False,False,False,False,True,False,False,False,False,True,False,False,False,False,False,False,False,False,True,0.1666666666666666,664.8333333333334,0.6666666666666666,0,2.6666666666666665,0,0
0.1178448495313057,0,1,1.7168137103581556,-0.6407266473844129,2,4,0,1.038692652993666,3,1,3,-0.6804540567962276,1.667222586330267,1.7246808787816197,0,1.036019304133083,3,4,1,-0.5538105786911619,1.707499689688721,2,-1.1442943653688686,-1.1676872598353414,-0.6791456840737199,-1.1559347102263289,False,True,False,False,False,False,True,False,False,False,False,True,False,False,False,False,False,False,False,True,False,0.0,413.25,0.0,1,3.6666666666666665,0,0
1.7603726195472926,0,1,1.4689034873094906,1.827157989468953,4,2,1,-0.8803614815898617,4,3,4,0.1067461391302082,-1.525586387541676,0.1228606975723441,0,-0.0572673987209239,3,3,0,-0.0348613830411168,-0.6201892226844657,3,-0.4911735278257753,-0.339393739508197,-0.3687152874355457,-0.5952272282818631,False,True,False,False,False,False,True,False,False,True,False,False,False,False,False,False,False,False,False,True,False,0.2,583.75,0.6,2,3.0,0,3
1.2128633628752972,1,2,-0.2342397450348386,-0.270543951856408,2,4,0,1.432344783164646,3,1,3,-0.81899618373543,-0.3616263592994262,-0.2775943477299747,1,-1.1505541015749308,3,3,2,1.0030370082589732,0.1557070814399298,3,0.3252275191030913,0.7649976209279952,1.4938670923934996,0.8065414765793012,False,False,True,False,False,False,True,False,False,False,False,False,False,False,False,False,False,True,False,True,False,0.7,132.75,0.7,2,3.333333333333333,0,5
-0.5391662584750891,1,1,1.131745583963306,-0.8875151110697495,4,4,1,1.432344783164646,3,1,2,-1.0875678645300129,1.4811463876593254,-0.6780493930322936,0,-0.8772324258614291,3,1,0,-1.3322343721662295,-0.6201892226844657,3,-0.9810141559830952,-1.1676872598353414,-0.6791456840737199,-1.1559347102263289,False,True,False,False,True,False,False,False,False,False,False,True,False,False,False,False,False,False,False,False,True,0.0,696.5,0.0,1,2.333333333333333,0,0
-1.196177366481484,0,0,-0.0408697710568798,-0.270543951856408,3,4,1,0.4974209740085685,3,1,4,-0.8370854015385517,-0.3356262862222931,-0.6780493930322936,0,1.3093409798465847,4,3,0,-0.5538105786911619,1.707499689688721,3,-0.0013328996684553,0.7649976209279952,0.8730062991171511,0.8065414765793012,False,True,False,False,False,False,True,False,False,False,False,True,False,False,False,False,False,False,False,False,True,0.625,321.25,0.875,0,3.6666666666666665,0,0
1.979376322216091,0,1,1.5829421899118763,1.5803695257836163,3,1,1,1.3831382668932737,2,1,2,-0.6312939472371558,1.3244432445187664,0.9237707881769818,0,-0.8772324258614291,3,4,1,-0.4240732797786506,-1.3960855268088614,3,-0.4911735278257753,-0.6154915796172451,-0.3687152874355457,-0.5952272282818631,False,True,False,False,False,False,False,False,True,False,False,False,False,False,False,True,False,False,True,False,False,0.2,393.0,0.4,2,2.333333333333333,0,0
-0.3201625558062908,0,1,0.8788771564536676,-0.5173324155417446,2,2,1,-0.4375028351475091,2,2,4,-0.5357403143712542,-0.33745331838447,-0.6780493930322936,0,-0.3305890744344257,3,3,1,0.4840878126089281,0.1557070814399298,4,1.304908775417731,1.5932911412551394,0.5625759024789769,2.488663922412698,False,True,False,False,False,False,True,False,False,False,False,True,False,False,False,False,False,False,False,True,False,0.25,249.125,0.625,1,3.0,0,0
2.526885578888087,0,1,-1.0721762989393266,-1.010909342912418,4,3,1,1.2847252343505289,1,3,4,0.9320400996067476,0.8648743852634951,0.1228606975723441,0,1.3093409798465847,4,3,1,1.0030370082589732,-0.6201892226844657,4,-0.9810141559830952,-1.1676872598353414,-0.6791456840737199,-1.1559347102263289,False,True,False,False,False,False,True,False,False,True,False,False,False,False,False,False,False,False,True,False,False,0.0,544.15,0.0,2,3.333333333333333,0,3
-0.42966440714069,0,1,-1.3275238286794515,1.456975293940948,3,2,1,0.645040522822686,4,1,2,-0.9524307668243392,-0.095020204557148,-0.6780493930322936,0,0.7626976284195812,3,4,3,0.3543505136964169,2.4833959938131165,3,1.141628566031958,1.8693889813641875,-0.0582848907973714,2.488663922412698,False,True,False,False,False,False,True,False,False,False,False,True,False,False,False,False,False,False,False,True,False,0.1333333333333333,135.2,0.7333333333333333,1,2.6666666666666665,0,0
0.0083429981969065,0,2,1.1788485263425523,-1.010909342912418,4,3,1,-1.7168722582031943,1,2,4,0.6430382434109919,-0.9326441804474896,-0.6780493930322936,0,-0.3305890744344257,3,3,2,-0.6835478776036732,-0.6201892226844657,2,-0.1646131090542286,-0.339393739508197,-0.3687152874355457,-0.3148734873096303,False,False,True,False,False,False,True,False,False,False,False,False,False,False,False,False,True,False,True,False,False,0.1428571428571428,1360.7142857142858,0.4285714285714285,1,3.333333333333333,0,2
-0.3201625558062908,0,1,-0.3086128119494382,1.2101868302556114,3,2,0,-1.5200461931177045,2,1,4,-0.7606850581112496,0.846744604577278,-0.6780493930322936,0,-0.8772324258614291,3,2,0,-0.1645986819536281,0.1557070814399298,3,0.4885077284888646,1.3171933011460917,1.8042974890316736,0.8065414765793012,False,True,False,False,True,False,False,False,False,False,False,False,False,False,False,True,False,False,False,True,False,0.7272727272727273,266.27272727272725,0.8181818181818182,1,2.6666666666666665,0,0
-1.5246829204846812,1,1,-0.9308674718015876,-0.270543951856408,3,3,1,1.629170848250136,3,1,4,-0.8998656280317386,1.516422162482895,-0.6780493930322936,1,1.5826626555600865,4,2,1,-1.072759774341207,-0.6201892226844657,3,-0.6544537372115486,-0.6154915796172451,-0.6791456840737199,-0.5952272282818631,False,False,True,False,True,False,False,False,False,False,False,False,False,False,False,False,False,True,True,False,False,0.0,568.75,0.5,0,3.0,0,5
0.7748559575377005,0,1,0.293809030058818,-0.8875151110697495,3,3,0,1.4815512994360187,4,3,4,0.2927458610117182,0.0698343128454309,-0.6780493930322936,1,1.036019304133083,3,2,1,-0.2943359808661394,-0.6201892226844657,3,0.161947309717318,0.7649976209279952,1.1834366957553253,0.8065414765793012,False,True,False,False,True,False,False,False,False,True,False,False,False,False,False,False,False,False,False,True,False,0.6666666666666666,787.9,0.7777777777777778,1,3.0,0,3
-0.2106607044718917,0,2,-1.6274951985683364,-0.8875151110697495,4,1,1,0.645040522822686,2,1,4,-0.334843589593056,-0.0482200730183084,-1.0785044383346123,1,-0.3305890744344257,3,3,0,-0.6835478776036732,-0.6201892226844657,4,-0.3278933184400019,-0.063295899399149,-0.3687152874355457,-0.0345197463373974,False,True,False,False,False,False,True,False,False,False,False,False,False,False,False,True,False,False,False,False,True,0.1666666666666666,704.2857142857143,0.6666666666666666,1,2.6666666666666665,0,0
0.6653541062033014,0,1,0.933417405524374,-0.8875151110697495,3,4,1,0.349801425194451,3,2,4,0.2859358025446606,-1.1586340048152193,-0.6780493930322936,1,0.4893759527060795,3,1,1,-0.1645986819536281,0.1557070814399298,3,0.4885077284888646,1.3171933011460917,1.8042974890316736,1.086895217551534,False,False,True,False,False,False,True,False,False,False,False,False,False,False,False,False,True,False,False,True,False,0.7272727272727273,713.3636363636364,0.8181818181818182,1,3.0,0,2
-1.4151810691502822,0,1,-0.5490857283066433,-0.0237554881710714,3,3,1,-0.1914702537906465,4,1,3,-0.4474223686266014,0.4641921780045414,-0.6780493930322936,0,0.2160542769925777,3,4,1,-0.8132851765161844,-1.3960855268088614,3,-0.3278933184400019,-0.339393739508197,-0.6791456840737199,-0.0345197463373974,False,True,False,False,False,False,True,False,False,False,False,False,False,False,False,True,False,False,False,True,False,0.0,733.5,0.5,0,3.333333333333333,0,0
0.4463504035345031,0,1,0.286371723367358,-0.3939381836990763,3,4,1,-1.5200461931177045,3,3,3,0.582598974515856,0.2186671635950738,-0.6780493930322936,0,-0.8772324258614291,3,2,0,-0.1645986819536281,0.1557070814399298,3,0.4885077284888646,1.041095461037043,1.8042974890316736,0.8065414765793012,False,False,True,False,False,True,False,False,False,False,False,False,False,False,False,False,True,False,False,False,True,0.7272727272727273,840.0909090909091,0.7272727272727273,1,3.0,0,2
-0.8676718124782865,0,1,0.6929444891671688,-0.0237554881710714,4,4,0,-1.1263940629467242,3,1,3,-0.7511084133919499,1.5598493115684848,2.5255909693862573,0,0.4893759527060795,3,3,1,-0.2943359808661394,-0.6201892226844657,3,-0.3278933184400019,-0.339393739508197,-0.3687152874355457,-0.5952272282818631,False,True,False,False,False,False,True,False,False,False,False,True,False,False,False,False,False,False,False,True,False,0.1666666666666666,297.4,0.5,0,3.333333333333333,0,0
-0.1011588531374925,0,1,-0.6755199420614625,-0.8875151110697495,4,3,0,-0.7327419327757442,3,2,4,-0.4259281215899509,-0.9660929231088824,0.1228606975723441,0,-0.0572673987209239,3,3,0,0.7435624104339507,-0.6201892226844657,2,0.9783483566461848,0.7649976209279952,1.1834366957553253,0.8065414765793012,False,False,True,False,True,False,False,False,False,False,False,False,False,False,False,False,False,True,False,False,True,0.4285714285714285,250.11111111111111,0.5,1,3.333333333333333,0,5
0.8843578088720997,0,0,1.0796844371230865,-1.010909342912418,1,3,1,0.3990079414658235,2,3,3,0.9033101654488483,-1.5344404664814566,0.1228606975723441,0,2.1293060069870897,4,4,1,1.7814608017340408,0.1557070814399298,2,2.6111504505039176,2.97378034180038,3.666879868860719,-0.0345197463373974,False,True,False,False,True,False,False,False,False,True,False,False,False,False,False,False,False,False,False,True,False,0.5833333333333334,413.38461538461536,0.625,1,3.333333333333333,0,3
-1.4151810691502822,1,1,-1.3944595889025913,1.5803695257836163,1,4,1,-0.3882963188761366,1,1,3,-1.053091943540534,-0.3834102043099971,-0.6780493930322936,0,-1.1505541015749308,3,3,1,-1.3322343721662295,-0.6201892226844657,3,-0.9810141559830952,-1.1676872598353414,-0.6791456840737199,-1.1559347102263289,True,False,False,True,False,False,False,False,False,False,True,False,False,False,False,False,False,False,False,True,False,0.0,777.5,0.0,0,3.333333333333333,0,1
1.103361511540898,1,2,0.7202146137025219,-0.0237554881710714,3,3,1,0.7926600716368035,1,4,3,1.3689479131339095,1.3844542239995006,1.7246808787816197,0,-1.1505541015749308,3,3,0,1.7814608017340408,0.1557070814399298,1,2.6111504505039176,0.212801940709899,3.666879868860719,1.6476026994959998,False,False,True,False,True,False,False,False,False,False,False,False,False,False,False,False,True,False,False,True,False,0.5833333333333334,497.5384615384616,0.2083333333333333,2,3.0,0,2
-1.196177366481484,0,1,-1.0225942543295936,0.9633983665702748,4,4,1,-0.1914702537906465,1,1,3,-0.8934811982188722,-1.137833946353513,-0.6780493930322936,0,-0.0572673987209239,3,3,3,-1.072759774341207,0.1557070814399298,4,-0.6544537372115486,-0.6154915796172451,-0.6791456840737199,-0.5952272282818631,False,True,False,False,False,False,True,False,False,False,False,True,False,False,False,False,False,False,False,True,False,0.0,576.25,0.5,0,3.333333333333333,0,0
0.8843578088720997,0,1,0.5020536174196967,2.320734916839626,2,4,0,-0.8803614815898617,2,4,2,2.1708322976299383,0.3943433330351623,-0.6780493930322936,0,-1.1505541015749308,3,3,0,1.2625116060839956,-0.6201892226844657,3,2.284590031732371,0.4888997808189471,1.8042974890316736,0.5261877356070683,False,True,False,False,False,False,False,False,True,False,False,False,False,False,True,False,False,False,False,False,True,0.3636363636363636,759.2727272727273,0.2727272727272727,1,3.0,0,6
-0.5391662584750891,0,2,-0.5391693193846967,0.0996387436715968,3,1,1,-0.4867093514188816,3,1,3,-0.6534266372550929,0.4282136985032113,1.324225833479301,0,-0.6039107501479274,3,1,1,-0.1645986819536281,0.1557070814399298,2,-0.3278933184400019,-0.6154915796172451,-0.3687152874355457,-0.3148734873096303,False,True,False,False,True,False,False,False,False,False,False,False,False,False,False,True,False,False,False,True,False,0.1666666666666666,312.09090909090907,0.3333333333333333,1,1.6666666666666667,1,0
-0.6486681098094882,0,1,-0.1524293714287791,-0.8875151110697495,4,2,1,0.1529753601089609,3,1,3,-0.6440628068628887,0.5326356136183998,-0.6780493930322936,0,-0.3305890744344257,3,4,1,-0.6835478776036732,-0.6201892226844657,4,-0.3278933184400019,-0.6154915796172451,-0.6791456840737199,-0.3148734873096303,False,True,False,False,True,False,False,False,False,False,False,True,False,False,False,False,False,False,False,True,False,0.0,496.7142857142857,0.3333333333333333,1,3.0,0,0
0.4463504035345031,0,0,-0.6209796929907562,-0.6407266473844129,3,3,1,-0.2898832863333916,1,2,2,-0.0156220989497324,0.9108312711890224,1.324225833479301,0,1.036019304133083,3,2,1,-0.1645986819536281,0.9316033855643254,3,-0.6544537372115486,-0.6154915796172451,-0.3687152874355457,-0.5952272282818631,True,False,False,True,False,False,False,False,False,False,True,False,False,False,False,False,False,False,False,True,False,0.25,584.5454545454545,0.5,1,2.333333333333333,0,1
0.3368485522001039,0,1,-1.0746554011698133,-0.1471497200137397,2,2,0,1.2847252343505289,3,2,1,0.0026799331804848,-1.303110086562748,-0.2775943477299747,1,0.2160542769925777,3,2,1,0.873299709346462,0.1557070814399298,3,-0.9810141559830952,-1.1676872598353414,-0.6791456840737199,-1.1559347102263289,False,True,False,False,True,False,False,False,False,False,False,False,False,True,False,False,False,False,False,True,False,0.0,342.94736842105266,0.0,1,1.6666666666666667,1,8
-1.4151810691502822,0,1,-0.7350183955931421,2.4441291486822943,1,2,1,1.235518718079156,3,1,1,-0.5525526462118027,-1.5025376741111365,-0.6780493930322936,0,-0.6039107501479274,3,2,3,-0.6835478776036732,-0.6201892226844657,4,-0.1646131090542286,-0.6154915796172451,-0.3687152874355457,-0.5952272282818631,False,True,False,False,False,False,True,False,False,False,False,True,False,False,False,False,False,False,True,False,False,0.1428571428571428,558.1428571428571,0.2857142857142857,0,1.6666666666666667,1,0
0.9938596602064989,0,1,-0.2119278249604587,0.4698214391996017,4,3,1,-1.569252709389077,3,2,2,-0.2003449348686689,-0.6487514906323067,1.324225833479301,0,-0.3305890744344257,3,4,0,1.0030370082589732,0.1557070814399298,3,0.4885077284888646,0.7649976209279952,-0.6791456840737199,1.3672489585237668,False,True,False,False,True,False,False,False,False,True,False,False,False,False,False,False,False,False,False,False,True,0.0,278.1,0.6363636363636364,2,3.0,0,3
-0.2106607044718917,0,1,1.406925931547324,2.197340684996958,4,4,1,-0.8311549653184892,3,2,3,0.0807827912245513,-1.2876505836520202,-0.2775943477299747,0,0.2160542769925777,3,2,1,0.7435624104339507,0.1557070814399298,3,-0.0013328996684553,0.7649976209279952,-0.6791456840737199,0.8065414765793012,False,True,False,False,True,False,False,False,False,False,False,False,False,True,False,False,False,False,False,True,False,0.0,382.3888888888889,0.875,1,3.0,0,8
-0.7581699611438873,0,1,-0.0235160554434733,0.8400041347276065,1,2,1,-1.6184592256604493,3,1,4,-0.7749436180266513,-1.475975437291795,-0.6780493930322936,0,-0.8772324258614291,3,2,1,-0.1645986819536281,-0.6201892226844657,2,0.4885077284888646,-1.1676872598353414,-0.6791456840737199,1.086895217551534,False,True,False,False,True,False,False,False,False,False,False,False,False,False,False,True,False,False,False,True,False,0.0,260.1818181818182,0.0,0,2.6666666666666665,0,0
1.103361511540898,0,0,-0.643291613065136,-0.8875151110697495,4,3,1,1.038692652993666,3,2,2,-0.3246285018924696,-1.5146241945686143,1.7246808787816197,0,-1.1505541015749308,3,4,1,-0.9430224754286956,0.1557070814399298,1,-0.9810141559830952,-1.1676872598353414,-0.6791456840737199,-1.1559347102263289,False,False,True,False,False,True,False,False,False,False,False,False,False,False,False,False,True,False,False,True,False,0.0,995.6,0.0,2,3.0,0,2
0.9938596602064989,0,1,1.1763694241120657,-0.8875151110697495,3,3,1,0.3990079414658235,3,3,4,0.8224407211525397,-1.2251098673313487,0.523315742874663,1,-0.8772324258614291,3,2,1,0.2246132147839056,1.707499689688721,2,0.4885077284888646,0.4888997808189471,-0.6791456840737199,-0.3148734873096303,False,False,True,False,True,False,False,False,False,False,False,False,False,False,False,False,True,False,True,False,False,0.0,740.5714285714286,0.5454545454545454,2,3.0,0,2
-0.1011588531374925,1,1,1.620128723369176,0.4698214391996017,5,2,1,1.4815512994360187,2,2,1,-0.0786151397700149,-0.7947735226709083,0.9237707881769818,1,-0.6039107501479274,3,2,3,0.6138251115214394,0.1557070814399298,3,-0.8177339465973219,-0.6154915796172451,-0.0582848907973714,-0.5952272282818631,False,False,True,False,False,True,False,False,False,False,False,False,False,False,False,False,True,False,True,False,False,0.6666666666666666,360.8235294117647,0.6666666666666666,1,1.6666666666666667,1,2
-0.5391662584750891,1,1,0.4004104259697439,-1.010909342912418,2,1,1,-1.569252709389077,1,2,2,0.04928627081441,-0.3044261985297334,1.324225833479301,0,-0.0572673987209239,3,2,0,-0.1645986819536281,-0.6201892226844657,3,-1.1442943653688686,-1.1676872598353414,-0.6791456840737199,-1.1559347102263289,False,False,True,False,True,False,False,False,False,False,False,False,False,False,False,False,True,False,False,False,True,0.0,612.2727272727273,0.0,1,1.6666666666666667,1,2
-1.5246829204846812,0,1,-1.5927877673415234,-0.6407266473844129,1,3,0,-0.7327419327757442,3,1,2,-0.6827950143942787,-0.2039394296100028,-0.6780493930322936,0,-0.6039107501479274,3,3,0,-1.072759774341207,0.1557070814399298,1,-0.6544537372115486,-0.6154915796172451,-0.3687152874355457,-0.5952272282818631,False,True,False,False,False,False,True,False,False,False,False,True,False,False,False,False,False,False,False,False,True,0.25,823.75,0.5,0,2.6666666666666665,0,0
-0.6486681098094882,0,2,-1.5853504606500637,1.827157989468953,1,4,0,-1.7660787744745667,3,2,4,-0.2692967768476269,-1.074168902548425,-0.2775943477299747,0,1.3093409798465847,4,4,0,-0.2943359808661394,0.1557070814399298,2,-0.3278933184400019,-0.063295899399149,-0.3687152874355457,-0.0345197463373974,False,True,False,False,False,False,False,False,True,False,False,False,False,True,False,False,False,False,False,False,True,0.1666666666666666,523.8,0.6666666666666666,1,4.0,0,8
0.2273467008657048,0,0,-0.0259951576739599,-1.010909342912418,3,4,1,0.5466274902799411,3,2,4,-0.0066838972117193,-0.7482544730031728,-0.6780493930322936,1,-0.0572673987209239,3,4,1,-0.2943359808661394,-0.6201892226844657,3,0.3252275191030913,1.041095461037043,0.8730062991171511,1.086895217551534,False,True,False,False,True,False,False,False,False,False,False,True,False,False,False,False,False,False,False,True,False,0.5,647.2,0.8,1,4.0,0,0
-0.5391662584750891,0,1,-1.06969719670884,1.2101868302556114,3,4,1,0.6942470390940585,1,3,3,0.6611274612141136,-1.4718997501607851,0.1228606975723441,0,-0.6039107501479274,3,3,1,-0.1645986819536281,-0.6201892226844657,1,-0.4911735278257753,-0.339393739508197,-0.6791456840737199,-0.5952272282818631,False,False,True,False,True,False,False,False,False,False,False,False,False,False,False,False,True,False,False,True,False,0.0,873.6363636363636,0.6,1,3.333333333333333,0,2
0.3368485522001039,0,1,-0.4747126613920437,-0.270543951856408,4,2,1,1.0878991692650386,3,5,2,2.7927417338445326,-1.400364413964781,-0.6780493930322936,0,-0.3305890744344257,3,2,0,1.2625116060839956,0.1557070814399298,2,2.284590031732371,1.041095461037043,3.0460190755843706,1.086895217551534,False,False,True,False,False,False,True,False,False,False,False,False,True,False,False,False,False,False,False,False,True,0.5454545454545454,901.5,0.3636363636363636,1,2.0,1,4
0.8843578088720997,0,1,-1.553122131653737,-0.6407266473844129,3,3,0,-0.4867093514188816,1,3,3,0.6921983529700637,-1.08470947271483,0.523315742874663,0,1.5826626555600865,4,3,2,-0.2943359808661394,-0.6201892226844657,4,-0.3278933184400019,-1.1676872598353414,-0.6791456840737199,-0.3148734873096303,True,False,False,False,True,False,False,False,False,False,True,False,False,False,False,False,False,False,False,True,False,0.0,975.6,0.0,1,3.0,0,1
-0.7581699611438873,0,2,1.2631380021790986,-0.8875151110697495,4,4,0,0.5958340065513135,2,1,1,-0.3267566451634251,1.702498361153837,-1.0785044383346123,0,0.2160542769925777,3,4,0,-0.1645986819536281,-0.6201892226844657,3,0.3252275191030913,0.7649976209279952,-0.6791456840737199,0.8065414765793012,False,True,False,False,False,False,False,False,True,False,False,False,False,False,False,True,False,False,False,False,True,0.0,451.6363636363636,0.7,0,3.0,0,0
-1.4151810691502822,0,2,0.2343105765271383,0.0996387436715968,3,1,1,-0.3390898026047641,3,1,4,-0.92753149055416,-1.7168626008280443,-1.0785044383346123,0,-0.3305890744344257,3,4,1,-1.072759774341207,-0.6201892226844657,3,-0.8177339465973219,-0.6154915796172451,-0.0582848907973714,-0.8755809692540959,True,False,False,False,False,False,True,False,False,False,True,False,False,False,False,False,False,False,False,True,False,0.6666666666666666,536.25,0.6666666666666666,0,3.0,0,1
-0.7581699611438873,1,2,-0.501982785927397,-0.1471497200137397,3,3,0,0.0053558112948434,2,1,4,-0.920082989105816,-0.6438325578879842,1.324225833479301,0,-1.1505541015749308,3,3,1,-0.6835478776036732,-2.171981830933257,2,-0.4911735278257753,-0.6154915796172451,-0.3687152874355457,-0.5952272282818631,True,False,False,True,False,False,False,False,False,False,True,False,False,False,False,False,False,False,True,False,False,0.2,311.42857142857144,0.4,0,3.333333333333333,0,1
-0.6486681098094882,0,1,0.4970954129587233,-0.5173324155417446,3,1,1,-0.7327419327757442,3,2,3,0.3921301517653395,0.9317718705862807,-0.6780493930322936,0,1.036019304133083,3,3,1,-0.6835478776036732,0.1557070814399298,3,-0.3278933184400019,-0.6154915796172451,-0.6791456840737199,-0.5952272282818631,False,False,True,False,False,False,False,False,True,False,False,False,False,False,False,False,True,False,False,True,False,0.0,1192.2857142857142,0.3333333333333333,1,2.333333333333333,0,2
-1.0866755151470848,0,1,0.6235296267135425,-0.1471497200137397,3,3,0,0.0545623275662159,3,1,4,-0.6508728653299463,-1.1469691071643977,-0.6780493930322936,0,-1.1505541015749308,3,3,0,-0.6835478776036732,1.707499689688721,2,-0.1646131090542286,-0.6154915796172451,-0.3687152874355457,-0.0345197463373974,False,True,False,False,False,False,True,False,False,False,False,False,False,False,False,True,False,False,False,False,True,0.1428571428571428,492.1428571428572,0.2857142857142857,0,3.333333333333333,0,0
-0.8676718124782865,1,1,-0.9283883695711008,-0.0237554881710714,3,2,0,-0.6835354165043717,1,1,2,-0.7966506793903974,0.0445369444460582,-0.6780493930322936,0,-0.6039107501479274,3,3,0,-1.202497073253718,0.1557070814399298,3,-0.8177339465973219,-0.6154915796172451,-0.0582848907973714,-0.5952272282818631,False,False,True,False,False,True,False,False,False,False,False,False,False,False,False,False,False,True,False,False,True,0.6666666666666666,920.0,0.6666666666666666,0,2.333333333333333,0,5
-0.8676718124782865,0,2,-0.8465779959650415,-1.010909342912418,3,4,1,0.2021818763803334,4,2,3,-0.044564847434727,1.2292970311500144,2.1251359240839385,1,-0.8772324258614291,3,4,0,-0.1645986819536281,1.707499689688721,4,-0.6544537372115486,-0.6154915796172451,-0.6791456840737199,-0.5952272282818631,False,True,False,False,True,False,False,False,False,True,False,False,False,False,False,False,False,False,False,False,True,0.0,572.1818181818181,0.5,0,3.6666666666666665,0,3
-0.7581699611438873,0,1,0.4375969594270437,0.7166099028849382,2,3,1,1.3831382668932737,2,3,1,0.1354760732881074,-1.5775865336959425,-0.2775943477299747,0,-1.1505541015749308,3,1,1,0.0948759158713943,-0.6201892226844657,3,-0.0013328996684553,0.7649976209279952,-0.3687152874355457,0.8065414765793012,False,False,True,False,False,True,False,False,False,False,False,False,False,False,False,False,True,False,True,False,False,0.125,549.2307692307693,0.875,0,1.6666666666666667,1,2
-0.3201625558062908,0,1,-1.5407266205013035,-0.8875151110697495,4,4,1,1.5307578157073911,4,1,4,-0.760046615129963,-1.2265152766868694,-1.0785044383346123,1,-0.3305890744344257,3,1,3,-0.6835478776036732,0.1557070814399298,3,-0.3278933184400019,-1.1676872598353414,-0.3687152874355457,-0.5952272282818631,False,True,False,False,False,False,True,False,False,False,False,False,False,False,False,True,False,False,False,True,False,0.1666666666666666,418.8571428571428,0.0,1,3.0,0,0
-0.42966440714069,0,0,1.1912440374949855,-0.8875151110697495,3,4,0,-0.1914702537906465,3,2,2,-0.2886628806133218,-0.508210555080236,2.1251359240839385,0,-0.0572673987209239,3,4,0,0.2246132147839056,-0.6201892226844657,2,0.651787937874638,0.7649976209279952,-0.3687152874355457,0.8065414765793012,False,False,True,False,False,True,False,False,False,False,False,False,False,False,False,False,True,False,False,False,True,0.0833333333333333,367.6428571428572,0.5833333333333334,1,3.333333333333333,0,2
1.3223652142096962,0,1,1.2656171044095852,0.2230329755142651,4,4,0,0.6942470390940585,3,2,4,-0.4248640499544732,-0.8604061395737252,0.1228606975723441,0,-0.8772324258614291,3,3,0,-0.4240732797786506,-1.3960855268088614,4,-0.3278933184400019,-0.8915894197262932,-0.6791456840737199,-0.0345197463373974,False,False,True,False,False,True,False,False,False,False,False,False,False,False,False,False,True,False,False,False,True,0.0,500.77777777777777,0.1666666666666666,2,3.6666666666666665,0,2
-0.42966440714069,1,1,-1.466353553586704,0.8400041347276065,3,1,0,0.3990079414658235,3,3,1,0.4385236750721692,-0.5932378210892388,-0.2775943477299747,1,1.3093409798465847,4,3,0,-0.0348613830411168,-0.6201892226844657,2,-1.1442943653688686,-1.1676872598353414,-0.6791456840737199,-1.1559347102263289,False,False,True,False,True,False,False,False,False,False,False,False,False,False,False,False,True,False,False,False,True,0.0,713.6666666666666,0.0,1,1.6666666666666667,1,2
0.1178448495313057,0,2,-0.5168573993103168,-0.8875151110697495,2,3,0,0.448214457737196,2,1,2,-0.8587924629022977,0.2318780115369685,0.523315742874663,0,-0.3305890744344257,3,2,1,-0.2943359808661394,0.9316033855643254,2,-0.1646131090542286,-0.8915894197262932,-0.6791456840737199,0.2458339946348354,False,True,False,False,False,False,True,False,False,False,False,True,False,False,False,False,False,False,False,True,False,0.0,246.8,0.1428571428571428,1,2.333333333333333,0,0
-0.6486681098094882,1,1,0.6855071824757089,0.8400041347276065,4,1,1,0.2021818763803334,3,3,3,0.352759501252663,0.6589819146797115,-0.2775943477299747,0,-0.6039107501479274,3,1,3,-0.1645986819536281,-0.6201892226844657,3,-0.9810141559830952,-1.1676872598353414,-0.6791456840737199,-1.1559347102263289,False,False,True,False,False,True,False,False,False,False,False,False,False,False,False,False,True,False,False,True,False,0.0,741.9090909090909,0.0,1,1.6666666666666667,1,2
-0.8676718124782865,0,1,-0.5267738082322635,-0.6407266473844129,3,4,0,1.235518718079156,2,1,1,-0.9351928063295998,-0.6051838006111648,-0.6780493930322936,0,-0.6039107501479274,3,3,1,-1.3322343721662295,-0.6201892226844657,3,-0.9810141559830952,-1.1676872598353414,-0.6791456840737199,-1.1559347102263289,False,True,False,False,False,False,False,False,True,False,False,False,False,False,False,True,False,False,True,False,False,0.0,1054.5,0.0,0,2.6666666666666665,0,0
-0.7581699611438873,0,1,-1.233317943920959,0.8400041347276065,3,3,1,-0.3882963188761366,4,2,3,-0.2573791745302761,-0.728719282961435,0.1228606975723441,0,0.2160542769925777,3,3,1,-0.1645986819536281,0.1557070814399298,3,-0.0013328996684553,-1.1676872598353414,-0.3687152874355457,0.8065414765793012,False,True,False,False,True,False,False,False,False,True,False,False,False,False,False,False,False,False,False,True,False,0.125,481.27272727272725,0.0,0,3.0,0,3
-0.5391662584750891,0,0,0.3731403014343908,-0.5173324155417446,4,2,1,-0.043850704976529,3,1,2,-0.8055888811284104,0.4723435522665615,-0.2775943477299747,0,-0.3305890744344257,3,2,0,0.0948759158713943,0.1557070814399298,3,-0.0013328996684553,0.7649976209279952,-0.6791456840737199,0.8065414765793012,False,True,False,False,False,False,False,False,True,False,False,False,False,False,False,True,False,False,False,False,True,0.0,209.07692307692307,0.875,1,2.0,1,0
0.1178448495313057,0,1,0.0756480337759927,1.0867925984129432,3,2,1,-0.2898832863333916,1,2,4,-0.1473541674218772,1.4371570748315272,0.1228606975723441,1,0.2160542769925777,3,3,1,0.4840878126089281,-0.6201892226844657,3,-0.9810141559830952,-1.1676872598353414,-0.3687152874355457,-1.1559347102263289,False,True,False,False,False,False,True,False,False,True,False,False,False,False,False,False,False,False,False,True,False,0.5,363.1875,0.0,1,3.0,0,3
0.6653541062033014,1,2,0.0111913757833397,0.9633983665702748,3,3,1,-1.3724266443035866,2,1,3,-0.8653897070422597,0.1790346197693899,2.5255909693862573,1,0.2160542769925777,3,4,1,-0.6835478776036732,0.9316033855643254,3,-0.9810141559830952,-1.1676872598353414,-0.6791456840737199,-1.1559347102263289,False,True,False,False,False,False,False,False,True,False,False,False,False,False,False,True,False,False,False,True,False,0.0,348.1428571428572,0.0,1,3.333333333333333,0,0
0.5558522548689022,0,1,0.130188282846699,0.3464272073569334,3,2,1,-0.4375028351475091,3,1,2,-0.7953737934278241,-0.7534544876185995,2.1251359240839385,0,1.855984331273588,4,2,3,-0.5538105786911619,2.4833959938131165,2,-0.3278933184400019,-0.339393739508197,-0.6791456840737199,-0.0345197463373974,False,True,False,False,False,False,True,False,False,False,False,True,False,False,False,False,False,False,True,False,False,0.0,345.75,0.5,1,2.0,1,0
1.979376322216091,0,1,-0.8044332580467684,-0.8875151110697495,3,3,1,-0.2898832863333916,2,5,1,2.66754093707095,0.7718362859280243,2.1251359240839385,0,-0.8772324258614291,3,2,3,2.949096491946642,-0.6201892226844657,3,-0.9810141559830952,-1.1676872598353414,-0.6791456840737199,-1.1559347102263289,False,True,False,False,False,False,True,False,False,False,False,False,False,False,True,False,False,False,False,True,False,0.0,543.9428571428572,0.0,2,2.0,1,6
-0.42966440714069,0,0,-0.068139895592233,-0.6407266473844129,3,4,1,1.1863122018077836,3,2,2,-0.7338704528972104,-1.1410663878712106,0.9237707881769818,0,-0.0572673987209239,3,4,2,-0.0348613830411168,-0.6201892226844657,2,0.3252275191030913,1.041095461037043,-0.3687152874355457,0.8065414765793012,False,True,False,False,False,False,False,False,True,False,False,False,False,False,False,True,False,False,True,False,False,0.1,254.58333333333331,0.8,1,3.333333333333333,0,0
0.4463504035345031,0,1,-0.6308961019127028,-0.0237554881710714,4,3,1,1.3831382668932737,3,1,1,-0.896886227452401,0.8723230548477549,-0.6780493930322936,0,1.3093409798465847,4,2,2,-0.8132851765161844,-0.6201892226844657,3,-0.3278933184400019,-0.339393739508197,-0.6791456840737199,-0.0345197463373974,False,True,False,False,True,False,False,False,False,False,False,True,False,False,False,False,False,False,True,False,False,0.0,381.5,0.5,1,2.0,1,0
-0.3201625558062908,0,0,1.4193214426997576,0.0996387436715968,3,4,1,1.038692652993666,3,2,3,-0.5325480994648211,-0.2810964032280897,-0.6780493930322936,1,-0.3305890744344257,3,3,1,0.4840878126089281,0.1557070814399298,3,1.304908775417731,2.6976825016913315,-0.6791456840737199,0.8065414765793012,False,False,True,False,True,False,False,False,False,False,False,False,False,False,False,False,True,False,True,False,False,0.0,250.0625,0.875,1,3.333333333333333,0,2
1.7603726195472926,0,0,-0.3507575498677112,-1.010909342912418,4,1,0,-0.2898832863333916,2,4,3,1.375119528619681,1.1236102476148573,0.523315742874663,1,1.3093409798465847,4,4,3,2.040935399559064,-0.6201892226844657,2,-0.6544537372115486,-0.6154915796172451,-0.6791456840737199,-0.5952272282818631,False,True,False,False,False,False,True,False,False,False,False,False,False,True,False,False,False,False,False,True,False,0.0,463.0357142857143,0.5,2,2.6666666666666665,0,8
0.6653541062033014,0,1,-1.3845431799806447,-0.8875151110697495,3,2,1,1.5307578157073911,3,1,4,-0.6308683185829647,-1.304234414047165,-1.0785044383346123,0,-0.6039107501479274,3,2,0,-0.1645986819536281,1.707499689688721,3,0.3252275191030913,0.7649976209279952,-0.3687152874355457,1.086895217551534,True,False,False,False,True,False,False,False,False,False,True,False,False,False,False,False,False,False,False,False,True,0.1,321.72727272727275,0.7,1,2.6666666666666665,0,1
-0.3201625558062908,0,1,-0.7226228844407089,-0.7641208792270812,2,4,0,-1.6676657419318217,1,2,4,-0.1009606441150475,1.5515573963709128,0.9237707881769818,0,-0.8772324258614291,3,1,0,-0.6835478776036732,0.1557070814399298,3,-0.8177339465973219,-0.6154915796172451,-0.0582848907973714,-0.5952272282818631,False,False,True,False,True,False,False,False,False,False,False,False,False,False,False,False,True,False,False,False,True,0.6666666666666666,861.2857142857143,0.6666666666666666,1,3.0,0,2
-1.7436866231534796,1,1,-1.1539866725453862,-0.270543951856408,1,2,1,-1.7168722582031943,3,1,2,-0.8138886398851368,-1.3697264900144297,-0.6780493930322936,0,-0.6039107501479274,3,2,0,-1.3322343721662295,0.1557070814399298,3,-0.9810141559830952,-1.1676872598353414,-0.3687152874355457,-1.1559347102263289,False,False,True,False,False,True,False,False,False,False,False,False,False,False,False,False,False,True,False,False,True,0.5,1339.5,0.0,0,2.0,1,5
0.1178448495313057,0,1,0.868960747531721,-0.3939381836990763,2,4,0,-1.2740136117608418,2,1,3,-0.5961795832663902,0.2899214179199737,-0.6780493930322936,0,-1.1505541015749308,3,2,1,-0.8132851765161844,0.1557070814399298,3,-0.3278933184400019,-0.063295899399149,-0.6791456840737199,-0.0345197463373974,False,True,False,False,False,False,False,True,False,False,False,True,False,False,False,False,False,False,False,True,False,0.0,617.0,0.6666666666666666,1,3.0,0,7
-1.6341847718190805,1,1,1.2185141620303388,-0.1471497200137397,1,3,0,0.645040522822686,3,1,1,-0.8736894657989861,0.236937485216843,-0.6780493930322936,1,0.4893759527060795,3,3,0,-1.3322343721662295,2.4833959938131165,3,-0.9810141559830952,-1.1676872598353414,-0.6791456840737199,-1.1559347102263289,False,True,False,False,False,False,True,False,False,False,False,True,False,False,False,False,False,False,False,True,False,0.0,1199.0,0.0,0,2.333333333333333,0,0
-0.6486681098094882,0,1,-1.503540087044004,2.4441291486822943,4,1,0,1.235518718079156,2,2,4,-0.2203494816156505,-0.1280473244118846,-0.6780493930322936,0,-0.3305890744344257,3,1,2,0.2246132147839056,0.1557070814399298,3,0.8150681472604113,0.7649976209279952,0.8730062991171511,0.8065414765793012,False,False,True,False,False,True,False,False,False,False,False,False,False,False,False,False,True,False,False,True,False,0.3846153846153846,390.57142857142856,0.5384615384615384,1,2.0,1,2
1.5413689168784943,0,1,0.3458701768990376,-0.7641208792270812,3,1,0,-0.6343289002329991,3,3,3,1.4072544920111083,1.218615920048057,-0.2775943477299747,0,-1.1505541015749308,3,4,0,0.4840878126089281,-0.6201892226844657,3,-0.8177339465973219,-0.6154915796172451,-0.0582848907973714,-0.5952272282818631,False,True,False,False,False,False,False,False,True,False,False,False,True,False,False,False,False,False,False,True,False,0.6666666666666666,819.75,0.6666666666666666,2,2.6666666666666665,0,4
0.0083429981969065,0,1,-0.5292529104627501,-0.0237554881710714,2,2,1,-0.9787745141326066,2,2,2,-0.4925390059708578,-0.7748167098225142,-0.6780493930322936,0,-0.3305890744344257,3,1,2,-0.8132851765161844,-0.6201892226844657,3,-0.3278933184400019,-0.6154915796172451,-0.6791456840737199,-0.3148734873096303,False,False,True,False,False,True,False,False,False,False,False,False,False,False,False,False,True,False,False,True,False,0.0,698.1666666666666,0.3333333333333333,1,1.6666666666666667,1,2
0.9938596602064989,0,1,-0.1697830870421857,-0.8875151110697495,4,3,1,-0.9787745141326066,3,5,4,2.729257091928659,-0.0133659210013949,1.7246808787816197,1,0.4893759527060795,3,3,1,1.6517235028215294,0.1557070814399298,3,-0.8177339465973219,-0.8915894197262932,-0.0582848907973714,-0.5952272282818631,False,True,False,False,False,False,True,False,False,False,False,False,False,False,True,False,False,False,True,False,False,0.6666666666666666,773.12,0.3333333333333333,2,3.333333333333333,0,6
-0.1011588531374925,0,1,1.4391542605436507,0.0996387436715968,3,4,1,1.1863122018077836,3,3,1,0.3868097935879508,1.6353197939599469,1.7246808787816197,1,-0.6039107501479274,3,4,1,0.4840878126089281,-1.3960855268088614,3,0.8150681472604113,1.041095461037043,0.8730062991171511,0.8065414765793012,False,True,False,False,True,False,False,False,False,True,False,False,False,False,False,False,False,False,False,True,False,0.3846153846153846,520.0625,0.6153846153846154,1,3.0,0,3
0.7748559575377005,1,2,-0.9259092673406144,-1.010909342912418,2,3,1,1.629170848250136,3,1,2,-0.8856070681163369,-0.4526968855371681,-0.6780493930322936,1,-0.8772324258614291,3,3,3,-0.6835478776036732,-0.6201892226844657,2,-0.3278933184400019,-0.339393739508197,-0.0582848907973714,-0.3148734873096303,False,True,False,False,False,False,True,False,False,False,False,False,False,False,False,True,False,False,True,False,False,0.3333333333333333,334.57142857142856,0.5,1,2.6666666666666665,0,0
0.0083429981969065,0,1,1.082163539353573,-0.1471497200137397,2,3,1,1.137105685536411,3,2,2,-0.5176510965681326,-0.2081556576765649,-0.2775943477299747,0,-0.6039107501479274,3,3,0,1.0030370082589732,0.9316033855643254,2,0.4885077284888646,-1.1676872598353414,0.5625759024789769,0.8065414765793012,True,False,False,False,False,False,False,True,False,False,True,False,False,False,False,False,False,False,True,False,False,0.3636363636363636,203.55,0.0,1,2.6666666666666665,0,1
-0.2106607044718917,1,1,-1.2382761483819322,2.197340684996958,3,3,1,0.8910731041795485,3,2,4,-0.1469285387676861,-0.1153986402121982,-0.6780493930322936,1,0.7626976284195812,3,4,0,-0.1645986819536281,-0.6201892226844657,3,0.4885077284888646,0.7649976209279952,1.4938670923934996,0.8065414765793012,False,False,True,False,True,False,False,False,False,False,False,False,False,False,False,False,True,False,False,False,True,0.6363636363636364,528.4545454545455,0.6363636363636364,1,3.6666666666666665,0,2
-0.42966440714069,0,1,0.1599375096125388,-0.1471497200137397,4,4,1,1.1863122018077836,4,1,1,-0.7151427921128021,-1.1576502182663548,1.324225833479301,0,1.036019304133083,3,2,1,0.3543505136964169,-1.3960855268088614,3,0.4885077284888646,1.041095461037043,1.4938670923934996,0.5261877356070683,False,True,False,False,True,False,False,False,False,False,False,False,False,False,False,True,False,False,False,True,False,0.6363636363636364,209.53333333333333,0.7272727272727273,1,2.333333333333333,0,0
-0.9771736638126856,0,1,0.9383756099853472,-1.010909342912418,3,3,1,0.7926600716368035,3,1,4,-0.9490257375908104,-1.2342450281422337,-0.6780493930322936,0,-1.1505541015749308,3,3,1,-0.8132851765161844,2.4833959938131165,4,-0.3278933184400019,-0.339393739508197,-0.6791456840737199,-0.3148734873096303,False,True,False,False,True,False,False,False,False,False,False,False,False,False,False,True,False,False,False,True,False,0.0,340.6666666666667,0.5,0,3.333333333333333,0,0
0.2273467008657048,0,1,1.116870970580386,0.0996387436715968,1,3,1,-0.043850704976529,3,3,3,1.4813138778403596,-0.8993359787216488,1.7246808787816197,0,1.5826626555600865,4,3,0,-0.2943359808661394,0.1557070814399298,3,-0.4911735278257753,-0.339393739508197,-0.0582848907973714,-0.5952272282818631,False,True,False,False,False,False,True,False,False,False,False,False,False,False,True,False,False,False,False,False,True,0.4,1346.4,0.6,1,3.0,0,6
0.9938596602064989,0,0,0.1153136694637791,2.073946453154289,2,2,1,1.5799643319787635,2,2,2,0.3165810656464196,1.5252762414226757,2.1251359240839385,0,-0.0572673987209239,3,3,0,-0.6835478776036732,0.1557070814399298,3,-0.8177339465973219,-0.6154915796172451,-0.0582848907973714,-0.5952272282818631,False,False,True,False,True,False,False,False,False,False,False,False,False,False,False,False,True,False,False,False,True,0.6666666666666666,1141.571428571429,0.6666666666666666,2,2.333333333333333,0,2
0.3368485522001039,0,1,-0.4623171502396105,-0.8875151110697495,2,3,0,1.629170848250136,3,1,1,-0.6653442395724436,1.5869737121300345,0.523315742874663,0,0.4893759527060795,3,4,1,-0.5538105786911619,1.707499689688721,2,-0.4911735278257753,-0.339393739508197,-0.6791456840737199,-0.5952272282818631,False,True,False,False,True,False,False,False,False,False,False,True,False,False,False,False,False,False,False,True,False,0.0,422.125,0.6,1,2.6666666666666665,0,0
0.5558522548689022,0,1,0.8069831917695547,0.4698214391996017,3,2,1,1.432344783164646,4,2,1,-0.2054524787189621,-1.2110557737761418,0.9237707881769818,0,0.7626976284195812,3,3,2,-0.1645986819536281,-0.6201892226844657,2,-1.1442943653688686,-1.1676872598353414,-0.6791456840737199,-1.1559347102263289,False,True,False,False,False,False,True,False,False,True,False,False,False,False,False,False,False,False,False,True,False,0.0,503.45454545454544,0.0,1,2.0,1,3
-0.2106607044718917,0,0,0.9358965077548606,-0.8875151110697495,2,2,1,1.1863122018077836,3,2,4,-0.1577820694495591,1.4235246040829763,-0.2775943477299747,0,-0.3305890744344257,3,3,1,0.4840878126089281,2.4833959938131165,3,-0.0013328996684553,0.7649976209279952,-0.3687152874355457,0.8065414765793012,False,True,False,False,False,False,True,False,False,False,False,False,False,True,False,False,False,False,True,False,False,0.125,360.125,0.875,1,3.0,0,8
0.1178448495313057,0,0,1.322636455710778,-0.8875151110697495,3,1,1,1.6783773645215088,3,1,2,-0.8324034863424496,-1.0096606131300243,0.9237707881769818,0,-0.6039107501479274,3,4,3,0.2246132147839056,0.1557070814399298,3,0.651787937874638,1.5932911412551394,0.2521455058408027,1.086895217551534,True,False,False,True,False,False,False,False,False,False,True,False,False,False,False,False,False,False,True,False,False,0.25,185.14285714285717,0.8333333333333334,1,2.333333333333333,0,1
-0.3201625558062908,1,2,-1.409334202285511,-0.0237554881710714,4,4,1,1.333931750621901,3,2,1,-0.2463128295213075,-1.1390988147734815,0.523315742874663,0,0.4893759527060795,3,3,1,-0.0348613830411168,0.1557070814399298,2,-0.0013328996684553,-0.8915894197262932,-0.6791456840737199,0.8065414765793012,False,True,False,False,True,False,False,False,False,False,False,True,False,False,False,False,False,False,False,True,False,0.0,445.5,0.125,1,2.6666666666666665,0,0
0.0083429981969065,1,1,-1.0721762989393266,0.0996387436715968,4,4,1,-0.3882963188761366,3,2,1,-0.4874314621205646,-1.3099965924047996,-0.6780493930322936,0,-0.0572673987209239,3,2,0,-0.1645986819536281,0.9316033855643254,1,0.4885077284888646,-0.339393739508197,-0.6791456840737199,1.086895217551534,False,True,False,False,False,False,True,False,False,False,False,False,False,True,False,False,False,False,False,False,True,0.0,383.0,0.2727272727272727,1,2.333333333333333,0,8
0.2273467008657048,0,2,-0.0904518156666129,1.3335810620982798,3,3,1,0.841866587908176,3,2,4,-0.5057334942507818,0.6851225286923966,-0.2775943477299747,0,0.7626976284195812,3,4,1,-0.5538105786911619,2.4833959938131165,3,-0.8177339465973219,-0.8915894197262932,-0.0582848907973714,-0.5952272282818631,False,False,True,False,True,False,False,False,False,False,False,False,False,False,False,False,True,False,True,False,False,0.6666666666666666,515.875,0.3333333333333333,1,3.6666666666666665,0,2
0.6653541062033014,0,0,-1.1391120591624662,-0.0237554881710714,3,1,1,-0.6835354165043717,3,1,3,-0.8651768927151642,1.4988545455388862,0.523315742874663,0,-0.6039107501479274,3,3,0,-0.5538105786911619,-0.6201892226844657,2,-0.6544537372115486,-0.6154915796172451,-0.3687152874355457,-0.5952272282818631,False,True,False,False,True,False,False,False,False,False,False,False,False,False,False,True,False,False,False,False,True,0.25,304.75,0.5,1,2.333333333333333,0,0
0.4463504035345031,0,1,-0.8812854271918545,-0.5173324155417446,3,2,1,0.9402796204509212,4,2,2,0.0780162049723091,0.1710237864429218,0.1228606975723441,0,-0.8772324258614291,3,1,0,-0.0348613830411168,0.1557070814399298,1,-0.6544537372115486,-0.6154915796172451,-0.3687152874355457,-0.5952272282818631,False,True,False,False,True,False,False,False,False,True,False,False,False,False,False,False,False,False,False,False,True,0.25,572.5,0.5,1,1.6666666666666667,1,3
0.4463504035345031,0,1,-0.0160787487520133,-0.6407266473844129,1,3,0,0.743453555365431,3,3,3,0.8392530529930881,1.706855130155951,-1.0785044383346123,1,-0.6039107501479274,3,4,1,1.5219862039090182,0.1557070814399298,4,2.447870241118145,2.6976825016913315,3.3564494722225446,0.2458339946348354,False,False,True,False,False,True,False,False,False,False,False,False,False,False,False,False,True,False,True,False,False,0.5652173913043478,435.2916666666667,0.6086956521739131,1,3.333333333333333,0,2
-0.7581699611438873,0,1,0.7177355114720353,0.0996387436715968,3,1,0,-0.0930572212479015,3,3,3,0.6732578778585598,-1.626635320203615,2.5255909693862573,0,-0.3305890744344257,3,2,0,-0.2943359808661394,0.1557070814399298,3,-0.0013328996684553,0.7649976209279952,-0.6791456840737199,-0.5952272282818631,False,True,False,False,False,False,True,False,False,False,False,False,False,True,False,False,False,False,False,False,True,0.0,966.7,0.875,0,2.0,1,0
-1.196177366481484,1,1,0.2913299278283313,1.3335810620982798,2,4,0,0.1529753601089609,3,1,2,-0.9268930475728734,-1.0433904376625214,-1.0785044383346123,1,-1.1505541015749308,3,3,0,-0.6835478776036732,0.1557070814399298,3,-0.3278933184400019,-0.8915894197262932,-0.3687152874355457,-0.0345197463373974,True,False,False,False,False,False,True,False,False,False,True,False,False,False,False,False,False,False,False,True,False,0.1666666666666666,306.85714285714283,0.1666666666666666,0,3.0,0,1
0.9938596602064989,1,1,-1.3423984420623716,1.456975293940948,2,4,0,0.0053558112948434,3,2,2,0.515562461480758,-0.4878321194251857,0.523315742874663,0,1.855984331273588,4,4,1,0.2246132147839056,-0.6201892226844657,4,0.3252275191030913,0.7649976209279952,0.2521455058408027,0.8065414765793012,False,True,False,False,False,False,True,False,False,True,False,False,False,False,False,False,False,False,False,True,False,0.3,637.5714285714286,0.7,2,3.333333333333333,0,3
0.3368485522001039,0,1,0.9706039389816736,-1.010909342912418,3,3,0,-0.6835354165043717,3,2,4,0.0020414901991981,-0.7382760665789758,0.523315742874663,0,0.4893759527060795,3,4,1,0.0948759158713943,0.1557070814399298,3,-0.3278933184400019,-0.339393739508197,-0.6791456840737199,-0.3148734873096303,False,True,False,False,True,False,False,False,False,True,False,False,False,False,False,False,False,False,True,False,False,0.0,501.0,0.5,1,3.6666666666666665,0,3
-0.3201625558062908,0,1,0.0186286824747997,-0.1471497200137397,2,2,1,1.2847252343505289,4,2,3,0.0629063877485252,1.0983128792154846,-0.6780493930322936,0,1.5826626555600865,4,3,2,-0.1645986819536281,1.707499689688721,3,0.4885077284888646,1.041095461037043,0.5625759024789769,1.086895217551534,False,False,True,False,False,False,False,False,True,False,False,False,False,False,False,False,True,False,False,True,False,0.3636363636363636,618.0909090909091,0.7272727272727273,1,2.6666666666666665,0,2
2.3078818762192883,0,0,-1.1217583435490597,-0.8875151110697495,3,2,1,-0.6835354165043717,3,4,2,2.082939980539477,1.1614157592783645,0.523315742874663,0,1.855984331273588,4,4,1,3.078833790859153,-2.171981830933257,2,1.4681889848035046,1.3171933011460917,3.666879868860719,2.7690176633849317,False,False,True,False,False,False,True,False,False,False,False,False,True,False,False,False,False,False,True,False,False,0.8235294117647058,428.7105263157895,0.5294117647058824,2,2.6666666666666665,0,4
-0.2106607044718917,0,1,-1.5308102115793571,1.7037637576262843,4,2,1,1.235518718079156,1,1,3,-0.8083554673806526,-0.6488920315678588,-1.0785044383346123,0,0.2160542769925777,3,2,1,-0.6835478776036732,-0.6201892226844657,4,-0.3278933184400019,-0.063295899399149,-0.6791456840737199,-0.3148734873096303,False,True,False,False,False,False,True,False,False,False,False,True,False,False,False,False,False,False,False,True,False,0.0,386.4285714285714,0.6666666666666666,1,2.333333333333333,0,0
1.103361511540898,0,1,0.49213720849775,-0.6407266473844129,3,3,0,1.2847252343505289,2,3,2,0.8149922197041956,0.6967874263432186,2.1251359240839385,1,-0.8772324258614291,3,3,1,2.1706726984715745,0.9316033855643254,3,2.447870241118145,1.8693889813641875,3.666879868860719,1.6476026994959998,False,True,False,False,True,False,False,False,False,False,False,False,False,True,False,False,False,False,True,False,False,0.6086956521739131,356.3103448275862,0.4782608695652174,2,2.6666666666666665,0,8
0.3368485522001039,0,1,-0.1301174513543993,0.3464272073569334,3,2,0,-0.929567997861234,3,2,1,-0.4374200952531106,-0.5010429673670804,-0.2775943477299747,0,-0.8772324258614291,3,2,1,0.4840878126089281,0.1557070814399298,3,-0.0013328996684553,-0.063295899399149,1.4938670923934996,0.8065414765793012,False,True,False,False,True,False,False,False,False,True,False,False,False,False,False,False,False,False,True,False,False,0.875,278.0,0.5,1,1.6666666666666667,1,3
1.869874470881692,0,1,-0.9209510628796408,-0.270543951856408,4,4,0,0.1037688438375884,3,2,4,0.0746111757387803,0.1943535817445656,0.523315742874663,0,-0.0572673987209239,3,2,1,0.3543505136964169,-0.6201892226844657,2,-0.0013328996684553,-0.8915894197262932,-0.3687152874355457,0.8065414765793012,False,True,False,False,False,False,True,False,False,False,False,False,False,False,False,True,False,False,False,True,False,0.125,456.9333333333333,0.125,2,3.333333333333333,0,0
-0.6486681098094882,0,2,0.7995458850780948,-0.270543951856408,4,1,0,0.1037688438375884,3,3,1,0.6668734480456934,-0.8483196191162472,-0.2775943477299747,0,-0.3305890744344257,3,4,2,-0.2943359808661394,0.1557070814399298,3,-0.6544537372115486,-0.6154915796172451,-0.0582848907973714,-0.5952272282818631,False,False,True,False,False,True,False,False,False,False,False,False,False,False,False,False,True,False,False,True,False,0.5,963.7,0.5,1,2.0,1,2
-0.9771736638126856,0,1,1.0276232902828666,-1.010909342912418,3,3,0,0.0545623275662159,3,1,1,-0.6198019735739961,-0.2240367833939489,-0.6780493930322936,0,2.675949358414093,4,3,1,-1.072759774341207,0.1557070814399298,3,-0.6544537372115486,-0.6154915796172451,-0.3687152874355457,-0.5952272282818631,False,True,False,False,False,False,True,False,False,False,False,False,False,False,False,True,False,False,False,True,False,0.25,897.75,0.5,0,2.333333333333333,0,0
0.1178448495313057,0,1,-0.1970532115775388,-0.8875151110697495,4,2,0,0.5466274902799411,1,2,4,-0.2337567842226701,-1.4151212121977486,-0.2775943477299747,1,1.3093409798465847,4,1,2,1.1327743071714844,0.9316033855643254,2,-0.4911735278257753,-0.6154915796172451,-0.6791456840737199,-0.3148734873096303,False,False,True,False,False,True,False,False,False,False,False,False,False,False,False,False,False,True,False,True,False,0.0,257.3809523809524,0.4,1,2.333333333333333,0,5
-1.196177366481484,0,1,-0.5713976483810231,0.0996387436715968,3,3,1,-0.9787745141326066,3,2,4,-0.387195914058561,-0.7291409057680912,-0.6780493930322936,0,-0.6039107501479274,3,1,0,-0.8132851765161844,0.9316033855643254,3,-0.3278933184400019,-0.339393739508197,-0.3687152874355457,-0.5952272282818631,False,False,True,False,False,False,True,False,False,False,False,False,False,False,False,False,True,False,False,False,True,0.1666666666666666,780.6666666666666,0.5,0,2.6666666666666665,0,2
2.3078818762192883,0,2,1.02514418805238,0.7166099028849382,4,1,1,1.038692652993666,3,4,3,1.97568155968332,1.027480247697241,-0.2775943477299747,1,-0.3305890744344257,3,2,0,1.5219862039090182,0.1557070814399298,3,-0.8177339465973219,-0.6154915796172451,-0.0582848907973714,-0.5952272282818631,False,True,False,False,True,False,False,False,False,False,False,False,False,False,True,False,False,False,False,True,False,0.6666666666666666,657.7916666666666,0.6666666666666666,2,2.0,1,6
-2.072192177156677,0,0,1.55815116760701,0.59321567104227,3,2,0,-1.6184592256604493,3,1,3,-1.0618173309514516,-0.8847197214242335,-0.6780493930322936,0,0.2160542769925777,3,3,0,-1.3322343721662295,0.9316033855643254,1,-1.1442943653688686,-1.1676872598353414,-0.6791456840737199,-1.1559347102263289,False,True,False,False,False,False,True,False,False,False,False,False,False,False,False,True,False,False,False,False,True,0.0,1514.0,0.0,0,2.6666666666666665,0,0
-0.6486681098094882,1,1,-1.09944642347468,1.0867925984129432,5,4,1,1.137105685536411,4,1,1,-0.7549390712796697,1.0093504670110238,-1.0785044383346123,0,0.4893759527060795,3,3,0,-1.202497073253718,0.9316033855643254,3,-0.9810141559830952,-1.1676872598353414,-0.6791456840737199,-1.1559347102263289,True,False,False,True,False,False,False,False,False,False,True,False,False,False,False,False,False,False,False,True,False,0.0,985.3333333333334,0.0,1,2.6666666666666665,0,1
-0.8676718124782865,1,1,-1.1217583435490597,0.4698214391996017,3,1,1,-0.4867093514188816,2,1,1,-0.8870967684060057,-1.5678892091428491,0.523315742874663,1,-0.0572673987209239,3,4,3,-0.9430224754286956,0.1557070814399298,3,-0.8177339465973219,-0.6154915796172451,-0.0582848907973714,-1.1559347102263289,True,False,False,True,False,False,False,False,False,False,True,False,False,False,False,False,False,False,True,False,False,0.6666666666666666,467.0,0.6666666666666666,0,2.0,1,1
0.8843578088720997,0,0,-0.5292529104627501,-0.8875151110697495,4,3,0,0.0545623275662159,3,2,3,-0.2871731803236529,0.7521605549507344,0.523315742874663,0,1.855984331273588,4,2,2,-0.1645986819536281,0.1557070814399298,4,0.161947309717318,0.7649976209279952,0.8730062991171511,0.8065414765793012,False,False,True,False,True,False,False,False,False,False,False,False,False,False,False,False,True,False,False,True,False,0.5555555555555556,468.54545454545456,0.7777777777777778,1,2.6666666666666665,0,2
-0.1011588531374925,0,1,-0.9234301651101277,-0.8875151110697495,4,4,0,0.349801425194451,3,2,2,0.0975951230650996,0.7392307888799439,0.523315742874663,1,1.855984331273588,4,4,1,0.4840878126089281,-0.6201892226844657,3,-0.9810141559830952,-1.1676872598353414,-0.6791456840737199,-1.1559347102263289,False,True,False,False,False,False,False,True,False,False,False,False,False,False,False,True,False,False,False,True,False,0.0,435.125,0.0,1,3.333333333333333,0,7
0.6653541062033014,0,2,1.53583924753263,-0.8875151110697495,4,1,1,1.2847252343505289,3,2,4,-0.1762969159068719,0.6932739029544167,-0.6780493930322936,0,1.3093409798465847,4,3,1,-0.5538105786911619,1.707499689688721,3,-0.0013328996684553,0.7649976209279952,1.4938670923934996,0.8065414765793012,False,False,True,False,True,False,False,False,False,False,False,False,False,False,False,False,True,False,False,True,False,0.875,709.375,0.875,1,2.6666666666666665,0,2
-1.0866755151470848,0,2,1.2259514687217987,-0.5173324155417446,2,4,0,-0.6343289002329991,3,1,4,-0.8777329380138016,0.7747876455746178,-1.0785044383346123,1,-0.3305890744344257,3,3,0,-0.6835478776036732,0.1557070814399298,2,-0.3278933184400019,-0.063295899399149,-0.6791456840737199,-0.5952272282818631,False,True,False,False,True,False,False,False,False,False,False,True,False,False,False,False,False,False,False,False,True,0.0,339.85714285714283,0.6666666666666666,0,3.6666666666666665,0,0
-0.8676718124782865,0,2,-0.5664394439200499,1.3335810620982798,1,4,1,-1.2740136117608418,3,1,4,-0.5727700072858798,-1.0273687710095851,-0.6780493930322936,0,-0.6039107501479274,3,2,0,-0.0348613830411168,0.1557070814399298,4,0.651787937874638,1.041095461037043,0.2521455058408027,1.6476026994959998,False,True,False,False,False,False,True,False,False,False,False,True,False,False,False,False,False,False,False,True,False,0.25,317.6666666666667,0.6666666666666666,0,3.333333333333333,0,0
-0.5391662584750891,0,2,1.2780126155620184,0.0996387436715968,4,4,1,0.645040522822686,3,2,4,-0.3948572298340008,1.653027951839508,2.1251359240839385,0,-0.6039107501479274,3,3,0,-0.9430224754286956,-0.6201892226844657,4,-1.1442943653688686,-1.1676872598353414,-0.6791456840737199,-1.1559347102263289,False,False,True,False,False,True,False,False,False,False,False,False,False,False,False,False,True,False,False,False,True,0.0,929.6,0.0,1,3.6666666666666665,0,2
0.5558522548689022,0,0,-1.1093628323966265,0.0996387436715968,4,3,1,-1.3724266443035866,3,1,3,-0.7591953578215808,-1.145704238744429,0.1228606975723441,0,1.855984331273588,4,2,2,-0.1645986819536281,-1.3960855268088614,2,-0.1646131090542286,-0.339393739508197,0.2521455058408027,-0.3148734873096303,False,True,False,False,False,False,False,False,True,False,False,False,False,False,False,True,False,False,False,True,False,0.4285714285714285,266.90909090909093,0.4285714285714285,1,2.6666666666666665,0,0
1.103361511540898,0,1,-1.4762699625086508,-0.0237554881710714,4,2,0,-0.0930572212479015,3,1,3,-0.936044063637982,-1.251109940408482,0.523315742874663,0,-0.8772324258614291,3,3,0,-0.5538105786911619,-0.6201892226844657,3,-0.8177339465973219,-0.6154915796172451,-0.0582848907973714,-1.1559347102263289,False,True,False,False,True,False,False,False,False,False,False,True,False,False,False,False,False,False,False,False,True,0.6666666666666666,263.125,0.6666666666666666,2,2.6666666666666665,0,0
0.9938596602064989,0,1,-0.2391979494958119,-0.8875151110697495,2,4,1,0.7926600716368035,3,3,4,0.4415030756515069,0.7976958180696053,0.1228606975723441,0,-0.3305890744344257,3,3,1,0.0948759158713943,0.9316033855643254,2,0.3252275191030913,1.041095461037043,0.5625759024789769,0.8065414765793012,False,True,False,False,True,False,False,False,False,False,False,False,False,True,False,False,False,False,True,False,False,0.4,659.8461538461538,0.8,2,3.6666666666666665,0,8
-0.9771736638126856,0,0,-1.2952954996831252,-1.010909342912418,2,3,1,-1.1263940629467242,3,1,4,-0.808142653053557,-0.5367403649973064,-0.6780493930322936,0,-0.0572673987209239,3,2,1,-1.072759774341207,-0.6201892226844657,3,-0.6544537372115486,-0.6154915796172451,-0.0582848907973714,-0.5952272282818631,True,False,False,False,True,False,False,False,False,False,True,False,False,False,False,False,False,False,True,False,False,0.5,676.5,0.5,0,3.0,0,1
-0.8676718124782865,0,1,-0.1896159048860789,2.4441291486822943,1,4,1,1.333931750621901,1,2,3,-0.0254115579961276,0.9598800576966948,2.1251359240839385,0,0.4893759527060795,3,4,2,-0.0348613830411168,0.1557070814399298,3,-0.0013328996684553,-1.1676872598353414,-0.3687152874355457,0.5261877356070683,False,True,False,False,True,False,False,False,False,True,False,False,False,False,False,False,False,False,True,False,False,0.125,532.0,0.0,0,3.6666666666666665,0,3
0.5558522548689022,0,1,0.8416906229963679,-0.1471497200137397,3,4,1,0.743453555365431,3,1,3,-0.5395709722589741,-0.0968472367193249,0.523315742874663,0,-0.6039107501479274,3,4,0,-0.4240732797786506,0.1557070814399298,3,-1.1442943653688686,-1.1676872598353414,-0.6791456840737199,-1.1559347102263289,False,True,False,False,True,False,False,False,False,False,False,True,False,False,False,False,False,False,False,False,True,0.0,440.8888888888889,0.0,1,3.6666666666666665,0,0
-0.5391662584750891,1,1,-0.963095800797914,-0.8875151110697495,4,3,1,0.7926600716368035,2,2,2,0.7243333163614916,1.6686279956857877,1.7246808787816197,1,-0.8772324258614291,3,3,0,-0.5538105786911619,0.1557070814399298,2,-0.8177339465973219,-0.6154915796172451,-0.0582848907973714,-0.5952272282818631,False,False,True,False,False,True,False,False,False,False,False,False,False,False,False,False,True,False,False,False,True,0.6666666666666666,1238.375,0.6666666666666666,1,2.6666666666666665,0,2
0.9938596602064989,0,1,1.280491717792505,-0.7641208792270812,3,1,0,-1.0279810304039791,4,4,1,1.4304512536645233,-0.9239306424432612,-0.2775943477299747,0,-0.8772324258614291,3,4,1,1.7814608017340408,1.707499689688721,3,1.9580296129608248,3.5259760220184755,-0.0582848907973714,1.086895217551534,False,False,True,False,False,False,False,False,True,False,False,False,False,False,False,False,True,False,True,False,False,0.1,508.6538461538461,0.85,2,2.0,1,2
-1.0866755151470848,0,1,-0.1846577004251056,1.7037637576262843,1,2,0,-1.4708396768463317,2,2,3,-0.6306555042558691,-1.0252606569763043,-0.6780493930322936,0,1.5826626555600865,4,4,1,-0.2943359808661394,1.707499689688721,3,0.3252275191030913,1.041095461037043,0.8730062991171511,1.086895217551534,False,False,True,False,False,False,True,False,False,False,False,False,False,False,False,False,False,True,False,True,False,0.5,354.0,0.8,0,3.0,0,5
-0.8676718124782865,0,1,-1.1168001390880864,-0.3939381836990763,1,4,1,1.038692652993666,2,1,2,-0.7872868489981932,0.157531856629923,-0.6780493930322936,0,-1.1505541015749308,3,4,0,-1.3322343721662295,0.1557070814399298,3,-0.9810141559830952,-1.1676872598353414,-0.6791456840737199,-1.1559347102263289,True,False,False,False,False,False,True,False,False,False,True,False,False,False,False,False,False,False,False,True,False,0.0,1402.0,0.0,0,3.333333333333333,0,1
0.6653541062033014,0,1,0.0508570114711262,-0.3939381836990763,3,1,0,0.743453555365431,2,5,3,2.742877208862774,1.1560752037273856,1.7246808787816197,0,-0.6039107501479274,3,4,0,1.2625116060839956,-0.6201892226844657,3,1.4681889848035046,2.145486821473236,1.1834366957553253,2.7690176633849317,False,True,False,False,False,False,True,False,False,False,False,False,True,False,False,False,False,False,False,True,False,0.3529411764705882,881.4545454545455,0.7058823529411765,1,2.6666666666666665,0,4
1.2128633628752972,0,1,1.0449770058962733,0.0996387436715968,3,4,1,1.235518718079156,2,5,2,2.7927417338445326,-0.1026094150769598,0.523315742874663,0,-0.8772324258614291,3,4,0,2.3004099973840857,0.1557070814399298,3,2.447870241118145,1.5932911412551394,3.0460190755843706,1.3672489585237668,False,True,False,False,True,False,False,False,False,False,False,False,False,False,True,False,False,False,False,True,False,0.5217391304347826,655.5,0.4347826086956521,2,3.333333333333333,0,6
-0.8676718124782865,1,2,-0.8515362004260147,1.827157989468953,2,4,1,0.349801425194451,2,1,4,-0.8649640783880687,0.0618234795189629,-0.6780493930322936,1,2.4026276827005915,4,2,0,-1.3322343721662295,0.1557070814399298,2,-0.9810141559830952,-1.1676872598353414,-0.3687152874355457,-1.1559347102263289,False,True,False,False,True,False,False,False,False,False,False,False,False,False,False,True,False,False,False,False,True,0.5,1219.5,0.0,0,3.333333333333333,0,0
0.9938596602064989,1,1,1.1193500728108727,0.0996387436715968,3,3,0,-0.0930572212479015,3,3,2,0.1725057662027329,-0.0424578946606735,0.9237707881769818,0,1.5826626555600865,4,3,3,0.3543505136964169,-0.6201892226844657,3,0.161947309717318,0.7649976209279952,-0.6791456840737199,0.8065414765793012,False,False,True,False,True,False,False,False,False,False,False,False,False,False,False,False,True,False,False,True,False,0.0,487.6,0.7777777777777778,2,2.6666666666666665,0,2
-1.0866755151470848,0,2,0.8144204984610147,0.7166099028849382,3,4,0,0.5466274902799411,2,1,1,-0.3680426246199616,1.339481124622838,-1.0785044383346123,0,1.036019304133083,3,4,1,-0.4240732797786506,-0.6201892226844657,2,-0.0013328996684553,0.4888997808189471,1.4938670923934996,-0.3148734873096303,False,True,False,False,True,False,False,False,False,False,False,False,False,False,False,True,False,False,False,True,False,0.875,530.4444444444445,0.75,0,3.0,0,0
0.2273467008657048,0,1,0.080606238236966,1.2101868302556114,4,4,1,-1.2248070954894692,3,2,4,-0.5536167178472804,-1.289055993007541,2.1251359240839385,0,-0.3305890744344257,3,2,3,-0.5538105786911619,-0.6201892226844657,3,-0.8177339465973219,-0.6154915796172451,-0.0582848907973714,-0.5952272282818631,False,True,False,False,False,False,False,True,False,False,False,False,False,False,False,True,False,False,True,False,False,0.6666666666666666,487.75,0.6666666666666666,1,3.333333333333333,0,7
1.979376322216091,0,1,0.0830853404674526,-0.8875151110697495,4,2,1,1.5799643319787635,2,1,4,-0.8175064834457612,-0.8907629816529725,2.1251359240839385,0,1.3093409798465847,4,2,1,1.0030370082589732,-0.6201892226844657,4,-0.3278933184400019,-0.6154915796172451,-0.6791456840737199,-0.0345197463373974,False,True,False,False,False,False,False,False,True,False,False,False,False,False,False,True,False,False,False,True,False,0.0,133.1,0.3333333333333333,2,2.6666666666666665,0,0
-0.9771736638126856,0,1,0.9160636899109672,-0.7641208792270812,3,2,0,0.5958340065513135,3,1,2,-0.7762205039892247,-1.4926998086224916,-0.6780493930322936,0,1.036019304133083,3,4,1,-1.3322343721662295,0.1557070814399298,3,-0.9810141559830952,-1.1676872598353414,-0.6791456840737199,-1.1559347102263289,False,False,True,False,False,False,True,False,False,False,False,False,False,False,False,False,False,True,False,True,False,0.0,1428.0,0.0,0,2.6666666666666665,0,5
-0.7581699611438873,1,1,0.3533074835904976,-0.0237554881710714,3,2,1,1.137105685536411,3,1,4,-1.0898109275376,0.2397483039278844,-0.6780493930322936,0,-0.6039107501479274,3,3,0,-1.3322343721662295,0.1557070814399298,2,-0.9810141559830952,-1.1676872598353414,-0.6791456840737199,-1.1559347102263289,False,False,True,False,False,False,True,False,False,False,False,False,False,False,False,False,False,True,False,False,True,0.0,540.5,0.0,0,3.0,0,5
-1.6341847718190805,1,1,-1.020115152099107,-0.270543951856408,1,4,1,0.448214457737196,3,1,2,-0.8579412055939155,1.655417147743893,-0.6780493930322936,1,2.1293060069870897,4,1,0,-1.3322343721662295,-0.6201892226844657,3,-0.9810141559830952,-1.1676872598353414,-0.6791456840737199,-1.1559347102263289,False,True,False,False,True,False,False,False,False,False,False,False,False,False,False,True,False,False,False,False,True,0.0,1236.0,0.0,0,2.333333333333333,0,0
-0.1011588531374925,0,1,1.1490992995767126,0.0996387436715968,4,2,0,-0.142263737519274,2,2,3,-0.176722544561063,-1.159898873235188,-0.6780493930322936,1,-0.6039107501479274,3,1,1,-0.1645986819536281,0.9316033855643254,3,0.4885077284888646,1.3171933011460917,-0.3687152874355457,0.8065414765793012,False,False,True,False,False,False,False,False,True,False,False,False,False,False,False,False,True,False,False,True,False,0.0909090909090909,515.7272727272727,0.8181818181818182,1,2.0,1,2
-0.6486681098094882,0,1,-1.218443330538039,1.3335810620982798,3,2,1,1.137105685536411,3,2,3,-0.4908364913540934,0.6058574410410288,-0.6780493930322936,0,-1.1505541015749308,3,1,1,-0.1645986819536281,-0.6201892226844657,3,0.4885077284888646,1.041095461037043,-0.6791456840737199,-0.5952272282818631,False,True,False,False,True,False,False,False,False,False,False,True,False,False,False,False,False,False,True,False,False,0.0,381.54545454545456,0.7272727272727273,1,2.0,1,0
-0.3201625558062908,0,1,1.6796271769008555,-0.6407266473844129,3,3,1,-0.0930572212479015,3,3,4,0.6830473369049551,1.4238056859540804,-0.2775943477299747,1,-0.6039107501479274,3,4,3,-0.2943359808661394,0.1557070814399298,3,-0.3278933184400019,-0.339393739508197,-0.3687152874355457,-1.1559347102263289,False,False,True,False,True,False,False,False,False,False,False,False,False,False,False,False,True,False,False,True,False,0.1666666666666666,971.3,0.5,1,3.6666666666666665,0,2
-0.8676718124782865,0,1,-0.5218156037712901,-0.270543951856408,3,4,1,-0.3390898026047641,3,1,1,-0.9451950797030906,0.7126685520606025,0.1228606975723441,0,-0.3305890744344257,3,2,0,-0.0348613830411168,-0.6201892226844657,3,-0.6544537372115486,-0.6154915796172451,-0.3687152874355457,-0.5952272282818631,False,True,False,False,True,False,False,False,False,False,False,True,False,False,False,False,False,False,False,False,True,0.25,171.83333333333334,0.5,0,2.333333333333333,0,0
0.0083429981969065,0,1,-0.0483070777483398,-0.270543951856408,4,4,1,0.5958340065513135,3,2,1,-0.4723216448967806,-0.1019067103991995,0.9237707881769818,1,1.855984331273588,4,3,1,0.6138251115214394,-0.6201892226844657,3,-0.3278933184400019,-0.339393739508197,-0.6791456840737199,-0.0345197463373974,False,True,False,False,False,False,True,False,False,False,False,False,False,False,False,True,False,False,False,True,False,0.0,252.0,0.5,1,2.6666666666666665,0,0
-0.2106607044718917,0,1,-1.446520735742811,0.8400041347276065,2,4,0,-1.0771875466753518,2,2,2,-0.3650632240406239,1.5564763291152353,-1.0785044383346123,1,-1.1505541015749308,3,4,0,-0.9430224754286956,-0.6201892226844657,3,-0.6544537372115486,-0.6154915796172451,-0.6791456840737199,-0.5952272282818631,False,True,False,False,False,False,False,True,False,False,False,False,False,True,False,False,False,False,False,True,False,0.0,957.6,0.5,1,3.333333333333333,0,7
0.8843578088720997,0,1,-0.6110632840688096,1.950552221311621,2,2,0,1.333931750621901,2,2,4,-0.1271368063478001,1.3456649257871292,-1.0785044383346123,0,-0.6039107501479274,3,4,2,-0.1645986819536281,-0.6201892226844657,2,0.3252275191030913,1.041095461037043,0.2521455058408027,1.086895217551534,False,True,False,False,True,False,False,False,False,False,False,False,False,True,False,False,False,False,False,True,False,0.3,536.9090909090909,0.8,1,3.333333333333333,0,8
-0.1011588531374925,0,2,1.01770688136092,-0.8875151110697495,1,2,1,1.3831382668932737,2,2,4,-0.5570217470808092,-1.418072571844342,-0.6780493930322936,0,1.5826626555600865,4,4,0,-0.1645986819536281,-0.6201892226844657,2,0.4885077284888646,-0.8915894197262932,-0.6791456840737199,1.086895217551534,True,False,False,True,False,False,False,False,False,False,True,False,False,False,False,False,False,False,False,False,True,0.0,353.27272727272725,0.0909090909090909,1,3.333333333333333,0,1
0.3368485522001039,0,1,0.8292951118439346,-1.010909342912418,4,1,1,1.5799643319787635,3,4,1,2.196157202554309,0.6574359643886387,-0.2775943477299747,0,-1.1505541015749308,3,1,1,1.392248904996507,0.1557070814399298,3,1.9580296129608248,0.7649976209279952,2.7355886789461965,3.329725145329397,False,True,False,False,True,False,False,False,False,False,False,False,True,False,False,False,False,False,True,False,False,0.55,731.4347826086956,0.35,1,1.0,1,4
-1.196177366481484,0,1,-0.7945168491248218,-1.010909342912418,2,2,0,1.1863122018077836,2,1,3,-0.7598338008028674,0.0836073245295338,-0.6780493930322936,1,-0.6039107501479274,3,3,1,-1.3322343721662295,0.1557070814399298,2,-0.9810141559830952,-1.1676872598353414,-0.3687152874355457,-1.1559347102263289,False,True,False,False,True,False,False,False,False,False,False,False,False,False,False,True,False,False,False,True,False,0.5,1466.5,0.0,0,2.6666666666666665,0,0
-1.0866755151470848,0,1,-0.7226228844407089,-0.8875151110697495,2,1,0,1.137105685536411,4,2,3,-0.0007250960530439,1.782606694418517,-1.0785044383346123,0,-0.3305890744344257,3,2,0,-0.2943359808661394,1.707499689688721,2,0.161947309717318,0.7649976209279952,-0.6791456840737199,0.8065414765793012,False,False,True,False,False,False,True,False,False,False,False,False,False,False,False,False,True,False,False,False,True,0.0,650.0,0.7777777777777778,0,2.0,1,2
1.2128633628752972,0,2,-1.6993891632524494,1.5803695257836163,3,4,0,-0.3882963188761366,3,4,4,2.2708550313648463,-1.6690786827403403,0.1228606975723441,0,-1.1505541015749308,3,2,1,1.6517235028215294,0.1557070814399298,3,2.447870241118145,3.5259760220184755,0.5625759024789769,0.8065414765793012,False,True,False,False,False,False,True,False,False,False,False,False,True,False,False,False,False,False,True,False,False,0.1739130434782608,686.96,0.7391304347826086,2,3.333333333333333,0,4
0.7748559575377005,0,1,-1.5679967450366568,-1.010909342912418,4,2,1,0.5958340065513135,4,2,1,-0.3129237139022144,-0.6955516221711463,-0.2775943477299747,0,-0.0572673987209239,3,4,1,-0.1645986819536281,1.707499689688721,3,-0.8177339465973219,-1.1676872598353414,-0.0582848907973714,-0.5952272282818631,False,True,False,False,True,False,False,False,False,True,False,False,False,False,False,False,False,False,False,True,False,0.6666666666666666,457.54545454545456,0.0,1,2.333333333333333,0,3
-0.3201625558062908,1,0,0.4078477326612039,0.8400041347276065,4,4,1,0.9402796204509212,1,1,1,-0.8930555695646811,0.0206449854022061,-0.6780493930322936,1,2.1293060069870897,4,2,1,-0.8132851765161844,-0.6201892226844657,3,-0.3278933184400019,-0.6154915796172451,0.2521455058408027,-1.1559347102263289,False,True,False,False,False,False,False,False,True,False,False,False,False,False,False,True,False,False,False,True,False,0.5,384.5,0.3333333333333333,1,2.333333333333333,0,0
2.08887817355049,1,1,0.8912726676061008,1.827157989468953,2,1,1,1.5307578157073911,3,1,4,-0.8334675579779274,-0.5694864029809389,-0.6780493930322936,0,0.2160542769925777,3,4,0,-0.8132851765161844,0.1557070814399298,3,-0.4911735278257753,-0.6154915796172451,-0.3687152874355457,-1.1559347102263289,False,True,False,False,True,False,False,False,False,False,False,True,False,False,False,False,False,False,False,False,True,0.2,431.1666666666667,0.4,2,3.0,0,0
-0.1011588531374925,0,1,-1.1589448770063595,0.9633983665702748,2,3,1,-1.6184592256604493,2,2,2,-0.2120497228589241,0.3526026751761972,-0.2775943477299747,0,0.2160542769925777,3,3,2,0.0948759158713943,-1.3960855268088614,1,-0.4911735278257753,-0.6154915796172451,-0.3687152874355457,-0.3148734873096303,False,False,True,False,False,True,False,False,False,False,False,False,False,False,False,False,True,False,False,True,False,0.2,423.61538461538464,0.4,1,2.6666666666666665,0,2
0.4463504035345031,0,1,-1.1539866725453862,-0.1471497200137397,3,3,0,-0.5851223839616266,3,2,2,-0.4491248832433658,1.760682308472394,0.9237707881769818,0,1.5826626555600865,4,3,1,0.3543505136964169,0.1557070814399298,3,-0.3278933184400019,-0.063295899399149,-0.3687152874355457,-0.0345197463373974,False,False,True,False,False,True,False,False,False,False,False,False,False,False,False,False,True,False,False,True,False,0.1666666666666666,292.8666666666667,0.6666666666666666,1,2.6666666666666665,0,2
0.5558522548689022,0,1,1.4713825895399772,-0.3939381836990763,3,3,1,0.841866587908176,3,3,1,1.4566274158972758,0.0743316227830972,2.5255909693862573,0,-0.6039107501479274,3,2,1,0.873299709346462,0.1557070814399298,4,0.9783483566461848,0.7649976209279952,0.8730062991171511,0.8065414765793012,False,True,False,False,False,False,True,False,False,False,False,False,False,False,True,False,False,False,False,True,False,0.3571428571428571,702.5263157894736,0.5,1,2.0,1,6
-0.6486681098094882,0,1,0.6855071824757089,0.0996387436715968,2,3,0,0.9894861367222936,3,2,4,0.0169384930958865,0.8154039759491662,-0.2775943477299747,1,-1.1505541015749308,3,4,1,-0.4240732797786506,-0.6201892226844657,3,-0.3278933184400019,-0.6154915796172451,-0.3687152874355457,-0.0345197463373974,False,False,True,False,False,False,True,False,False,False,False,False,False,False,False,False,True,False,True,False,False,0.1666666666666666,731.4444444444445,0.3333333333333333,1,3.6666666666666665,0,2
-0.3201625558062908,0,1,-0.167303984811699,-0.7641208792270812,1,4,0,0.448214457737196,2,2,4,0.3404162702811211,0.3066457892506701,0.1228606975723441,1,-0.8772324258614291,3,3,0,-0.2943359808661394,0.1557070814399298,2,-0.4911735278257753,-0.6154915796172451,-0.6791456840737199,-0.8755809692540959,False,False,True,False,False,False,True,False,False,False,False,False,False,False,False,False,True,False,False,True,False,0.0,810.3,0.4,1,3.6666666666666665,0,2
-0.6486681098094882,0,1,-0.821786973660175,-0.6407266473844129,3,1,0,-0.1914702537906465,4,1,3,-0.5374428289880187,0.2414347951545093,2.1251359240839385,0,-0.8772324258614291,3,2,1,-0.9430224754286956,-2.171981830933257,2,-0.8177339465973219,-0.6154915796172451,-0.0582848907973714,-0.5952272282818631,False,True,False,False,False,False,True,False,False,False,False,True,False,False,False,False,False,False,True,False,False,0.6666666666666666,795.6,0.6666666666666666,1,2.0,1,0
-1.196177366481484,0,2,0.7276519203939819,-0.3939381836990763,3,3,1,-0.2406767700620191,4,1,4,-0.842618574043036,-1.0134552183899304,-1.0785044383346123,0,0.7626976284195812,3,1,1,-0.4240732797786506,0.1557070814399298,3,-0.0013328996684553,0.7649976209279952,1.4938670923934996,0.8065414765793012,False,True,False,False,False,False,False,True,False,False,False,True,False,False,False,False,False,False,False,True,False,0.875,282.6666666666667,0.875,0,2.6666666666666665,0,7
0.8843578088720997,0,2,1.2259514687217987,-1.010909342912418,4,2,1,-1.0771875466753518,3,2,3,-0.2350336701852434,0.0278125731153617,0.523315742874663,0,-0.8772324258614291,3,3,0,0.0948759158713943,0.1557070814399298,3,-0.4911735278257753,-0.6154915796172451,-0.6791456840737199,-0.3148734873096303,False,True,False,False,False,False,True,False,False,True,False,False,False,False,False,False,False,False,False,False,True,0.0,415.3076923076923,0.4,1,2.6666666666666665,0,3
-0.42966440714069,0,1,-1.4514789402037842,0.0996387436715968,4,2,1,-1.1263940629467242,3,2,3,-0.2163060094008351,-0.5485458035836803,-0.6780493930322936,0,-0.3305890744344257,3,2,0,-0.1645986819536281,-0.6201892226844657,2,0.4885077284888646,-0.063295899399149,-0.6791456840737199,1.3672489585237668,False,False,True,False,False,True,False,False,False,False,False,False,False,False,False,False,True,False,False,False,True,0.0,498.8181818181818,0.3636363636363636,1,2.333333333333333,0,2
-0.9771736638126856,0,2,-0.0483070777483398,-1.010909342912418,2,3,1,-1.1756005792180968,2,2,4,0.0703548891968694,0.6945387713743854,-0.6780493930322936,1,-0.8772324258614291,3,3,1,-0.5538105786911619,-0.6201892226844657,3,-0.0013328996684553,0.7649976209279952,-0.6791456840737199,0.8065414765793012,False,False,True,False,True,False,False,False,False,False,False,False,False,False,False,False,True,False,False,True,False,0.0,854.25,0.875,0,3.333333333333333,0,2
-0.8676718124782865,1,2,-0.1400338602763459,1.827157989468953,3,3,1,-1.0279810304039791,4,1,1,-1.0898109275376,-0.5159403065355999,-0.6780493930322936,0,0.4893759527060795,3,4,0,-1.3322343721662295,0.1557070814399298,3,-0.9810141559830952,-1.1676872598353414,-0.6791456840737199,-1.1559347102263289,False,False,True,False,False,False,False,False,True,False,False,False,False,False,False,False,False,True,False,False,True,0.0,545.5,0.0,0,2.6666666666666665,0,5
0.2273467008657048,0,0,1.1119127661194128,1.456975293940948,4,1,0,-1.6676657419318217,1,2,3,-0.1633152419540434,-1.4512402326346308,1.324225833479301,0,1.036019304133083,3,3,1,-0.1645986819536281,-1.3960855268088614,3,-0.6544537372115486,-0.6154915796172451,-0.3687152874355457,-0.5952272282818631,False,False,True,False,True,False,False,False,False,False,False,False,False,False,False,False,True,False,False,True,False,0.25,521.4545454545455,0.5,1,2.333333333333333,0,2
-1.0866755151470848,0,1,1.367260295859538,-0.8875151110697495,4,2,1,-1.2248070954894692,3,1,2,-0.9102935300594206,-1.158071841073011,-0.6780493930322936,0,-1.1505541015749308,3,3,1,-0.6835478776036732,0.1557070814399298,2,-0.3278933184400019,-0.339393739508197,-0.3687152874355457,-0.5952272282818631,False,True,False,False,False,False,False,False,True,False,False,False,False,False,False,True,False,False,False,True,False,0.1666666666666666,318.0,0.5,0,2.333333333333333,0,0
-0.3201625558062908,0,2,-0.167303984811699,1.5803695257836163,4,3,1,0.9894861367222936,2,2,4,-0.1609742843559924,1.7121956857069296,-0.6780493930322936,1,-0.0572673987209239,3,2,0,0.6138251115214394,0.1557070814399298,3,1.304908775417731,1.5932911412551394,1.1834366957553253,1.9279564404682328,False,True,False,False,False,False,False,True,False,False,False,False,False,False,False,True,False,False,False,True,False,0.375,338.05882352941177,0.625,1,3.0,0,7
-0.9771736638126856,1,1,1.6672316657484223,0.4698214391996017,2,4,0,0.8910731041795485,3,2,3,0.7130541570254275,1.2703349843312193,0.1228606975723441,1,-1.1505541015749308,3,4,0,-0.6835478776036732,-2.171981830933257,3,-0.8177339465973219,-1.1676872598353414,-0.0582848907973714,-0.5952272282818631,False,False,True,False,False,True,False,False,False,False,False,False,False,False,False,False,True,False,False,False,True,0.6666666666666666,1407.7142857142858,0.0,0,3.6666666666666665,0,2
1.103361511540898,0,0,0.9086263832195074,0.59321567104227,4,3,1,-0.0930572212479015,3,2,2,-0.2205622959427461,-1.7129274546325863,2.1251359240839385,0,0.7626976284195812,3,3,1,0.6138251115214394,0.9316033855643254,4,0.161947309717318,0.7649976209279952,-0.3687152874355457,0.8065414765793012,False,True,False,False,False,False,False,False,True,False,False,False,False,False,False,True,False,False,False,True,False,0.1111111111111111,321.5882352941176,0.7777777777777778,2,2.6666666666666665,0,0
2.08887817355049,0,1,1.5879003943728498,0.2230329755142651,5,4,0,1.137105685536411,2,2,1,-0.2390771424000589,0.8453391952217573,0.523315742874663,0,0.2160542769925777,3,3,1,-0.6835478776036732,0.1557070814399298,3,-1.1442943653688686,-1.1676872598353414,-0.6791456840737199,-1.1559347102263289,False,False,True,False,False,True,False,False,False,False,False,False,False,False,False,False,True,False,False,True,False,0.0,768.5714285714286,0.0,2,2.6666666666666665,0,2
0.2273467008657048,0,1,0.1599375096125388,-0.0237554881710714,2,1,1,1.038692652993666,3,2,1,-0.2878116233049396,-0.2808153213569855,-0.6780493930322936,0,2.675949358414093,4,4,1,-0.1645986819536281,0.1557070814399298,3,0.4885077284888646,-1.1676872598353414,1.4938670923934996,1.3672489585237668,False,True,False,False,False,False,True,False,False,False,False,False,False,True,False,False,False,False,False,True,False,0.6363636363636364,468.27272727272725,0.0,1,2.0,1,8
0.1178448495313057,0,2,1.4664243850790035,-0.1471497200137397,3,4,0,-0.3882963188761366,2,2,2,-0.9300852624793068,0.5343221048450247,-0.6780493930322936,1,0.2160542769925777,3,3,1,1.1327743071714844,0.1557070814399298,3,2.1213098223465976,1.8693889813641875,-0.6791456840737199,0.8065414765793012,False,True,False,False,False,False,True,False,False,False,False,False,False,False,False,True,False,False,True,False,False,0.0,101.57142857142856,0.5238095238095238,1,3.0,0,0
2.3078818762192883,0,1,-0.4895872747749636,1.456975293940948,3,4,0,0.3005949089230785,3,4,4,2.4200378746588265,-0.3586749996528327,0.523315742874663,1,-0.6039107501479274,3,3,1,2.3004099973840857,-0.6201892226844657,2,-0.9810141559830952,-1.1676872598353414,-0.6791456840737199,-1.1559347102263289,False,False,True,False,True,False,False,False,False,False,False,False,True,False,False,False,False,False,False,True,False,0.0,595.8333333333334,0.0,2,3.6666666666666665,0,4
-0.5391662584750891,1,2,-1.3994177933635643,-0.5173324155417446,2,1,0,-0.929567997861234,4,1,3,-0.8664537786777374,0.1412291081058828,0.1228606975723441,1,-0.3305890744344257,3,1,0,-0.4240732797786506,-0.6201892226844657,3,-0.4911735278257753,-0.8915894197262932,-0.6791456840737199,-0.3148734873096303,False,True,False,False,True,False,False,False,False,False,False,False,False,False,False,True,False,False,False,False,True,0.0,270.22222222222223,0.2,1,1.6666666666666667,1,0
0.1178448495313057,0,1,1.0003531657475135,-0.0237554881710714,2,2,1,0.251388392651706,3,1,4,-0.3686810676012482,-0.0028253508349896,-0.2775943477299747,0,1.036019304133083,3,4,2,-0.1645986819536281,-2.171981830933257,4,-0.3278933184400019,-0.6154915796172451,-0.6791456840737199,-0.3148734873096303,False,True,False,False,True,False,False,False,False,False,False,False,False,False,False,True,False,False,True,False,False,0.0,433.7272727272728,0.3333333333333333,1,3.333333333333333,0,0
1.3223652142096962,0,2,0.648320649018409,-0.8875151110697495,1,2,1,-1.1756005792180968,3,5,4,2.6937170993037025,-0.0808255700663889,0.1228606975723441,0,-0.0572673987209239,3,4,0,2.1706726984715745,0.1557070814399298,3,-0.3278933184400019,-0.063295899399149,0.5625759024789769,-0.3148734873096303,False,True,False,False,True,False,False,False,False,False,False,False,False,False,True,False,False,False,False,True,False,0.6666666666666666,660.7241379310345,0.6666666666666666,2,3.333333333333333,0,6
0.5558522548689022,0,1,-0.9507002896454808,0.3464272073569334,4,2,1,0.5466274902799411,3,2,4,-0.3014317402390548,-1.6040082295797315,0.1228606975723441,1,-0.8772324258614291,3,3,2,0.3543505136964169,0.9316033855643254,3,-1.1442943653688686,-1.1676872598353414,-0.6791456840737199,-1.1559347102263289,False,False,True,False,False,True,False,False,False,False,False,False,False,False,False,False,True,False,True,False,False,0.0,339.1333333333333,0.0,1,3.0,0,2
-1.0866755151470848,1,2,1.3251155579412648,1.5803695257836163,3,1,0,-0.3882963188761366,2,1,2,-0.7747308036995558,0.7367010520400066,-0.6780493930322936,0,-0.8772324258614291,3,1,0,-1.3322343721662295,-0.6201892226844657,3,-0.9810141559830952,-1.1676872598353414,-0.6791456840737199,-1.1559347102263289,True,False,False,True,False,False,False,False,False,False,True,False,False,False,False,False,False,False,False,True,False,0.0,1431.5,0.0,0,1.3333333333333333,1,1
-0.2106607044718917,0,1,-0.2986964030274915,1.0867925984129432,4,2,1,0.251388392651706,3,2,1,-0.2005577491957645,0.2335645027635933,-1.0785044383346123,0,0.2160542769925777,3,4,1,-0.6835478776036732,-0.6201892226844657,1,-0.3278933184400019,-0.339393739508197,-0.6791456840737199,-0.0345197463373974,False,False,True,False,False,False,True,False,False,False,False,False,False,False,False,False,True,False,False,True,False,0.0,794.4285714285714,0.5,1,2.333333333333333,0,2
-0.9771736638126856,0,0,0.7450056360073884,0.8400041347276065,3,3,1,-0.8311549653184892,3,1,3,-0.9277443048812556,-1.7133490774392426,-0.6780493930322936,0,-0.3305890744344257,3,3,0,-0.8132851765161844,0.1557070814399298,2,-0.3278933184400019,-0.339393739508197,-0.3687152874355457,-0.0345197463373974,False,True,False,False,False,False,True,False,False,False,False,False,False,False,False,True,False,False,False,False,True,0.1666666666666666,357.3333333333333,0.5,0,3.0,0,0
-0.6486681098094882,0,0,0.4301596527355837,-0.7641208792270812,2,3,1,-0.8803614815898617,3,1,1,-0.731742309626255,-1.4501159051502142,-0.6780493930322936,1,-0.6039107501479274,3,4,1,-0.9430224754286956,0.1557070814399298,4,-0.4911735278257753,-0.6154915796172451,-0.0582848907973714,-0.3148734873096303,False,True,False,False,False,False,True,False,False,False,False,False,False,False,False,True,False,False,True,False,False,0.4,613.0,0.4,1,2.6666666666666665,0,0
-0.1011588531374925,0,0,1.3598229891680778,-0.0237554881710714,4,1,1,0.0053558112948434,4,1,2,-0.78600996303562,-0.7132597800507072,-0.6780493930322936,0,1.855984331273588,4,2,0,-0.8132851765161844,0.1557070814399298,3,-0.3278933184400019,-0.063295899399149,-0.6791456840737199,-0.5952272282818631,False,True,False,False,True,False,False,False,False,False,False,True,False,False,False,False,False,False,False,True,False,0.0,468.3333333333333,0.6666666666666666,1,1.6666666666666667,1,0
-0.3201625558062908,0,1,0.3334746657466044,-1.010909342912418,3,1,1,-1.6676657419318217,3,3,4,0.7202898441466762,-1.0601148089932175,-0.6780493930322936,0,1.5826626555600865,4,1,0,0.3543505136964169,0.1557070814399298,2,1.141628566031958,1.041095461037043,-0.0582848907973714,-0.8755809692540959,False,False,True,False,False,True,False,False,False,False,False,False,False,False,False,False,True,False,False,False,True,0.1333333333333333,659.2,0.5333333333333333,1,2.0,1,2
-0.3201625558062908,0,1,1.082163539353573,0.4698214391996017,4,4,1,-1.3232201280322142,3,3,3,0.4521437920062844,1.2087780545594122,-0.6780493930322936,0,0.7626976284195812,3,3,1,-0.2943359808661394,-0.6201892226844657,2,0.161947309717318,0.7649976209279952,-0.3687152874355457,-0.8755809692540959,False,False,True,False,False,False,True,False,False,False,False,False,False,False,False,False,True,False,True,False,False,0.1111111111111111,862.8,0.7777777777777778,1,3.333333333333333,0,2
-1.196177366481484,0,1,-1.6002250740329833,-1.010909342912418,3,3,1,1.432344783164646,3,1,1,-0.7738795463911736,0.8000850139739905,-1.0785044383346123,0,-0.6039107501479274,3,4,0,-0.4240732797786506,2.4833959938131165,2,-0.0013328996684553,0.7649976209279952,1.4938670923934996,0.5261877356070683,False,True,False,False,False,False,True,False,False,False,False,True,False,False,False,False,False,False,False,False,True,0.875,318.55555555555554,0.875,0,2.6666666666666665,0,0
-0.8676718124782865,0,1,-1.652286220873203,-1.010909342912418,3,1,1,1.137105685536411,3,2,1,-0.2405668426897277,-1.1367096188690964,-1.0785044383346123,0,-0.8772324258614291,3,1,1,-0.6835478776036732,1.707499689688721,2,-0.3278933184400019,-0.339393739508197,-0.6791456840737199,-0.5952272282818631,False,True,False,False,True,False,False,False,False,True,False,False,False,False,False,False,False,False,False,True,False,0.0,767.5714285714286,0.5,0,1.0,1,3
-0.5391662584750891,0,0,0.8516070319183144,0.7166099028849382,4,3,0,-1.569252709389077,3,2,4,0.0348148965719127,0.3132512132216175,0.9237707881769818,0,0.7626976284195812,3,2,1,-0.2943359808661394,2.4833959938131165,3,-0.3278933184400019,-0.8915894197262932,-0.3687152874355457,-0.5952272282818631,False,True,False,False,False,False,True,False,False,True,False,False,False,False,False,False,False,False,True,False,False,0.1666666666666666,666.7,0.1666666666666666,1,3.0,0,3
-0.6486681098094882,0,2,0.7995458850780948,-1.010909342912418,3,4,1,-0.8803614815898617,1,2,1,-0.3193081437150808,-1.2005152036097364,-0.6780493930322936,0,1.5826626555600865,4,2,0,-0.1645986819536281,2.4833959938131165,3,0.4885077284888646,1.041095461037043,1.8042974890316736,0.8065414765793012,False,True,False,False,True,False,False,False,False,False,False,False,False,False,False,True,False,False,False,True,False,0.7272727272727273,454.8181818181818,0.7272727272727273,1,2.333333333333333,0,0
-0.9771736638126856,1,1,1.4912154073838704,0.9633983665702748,3,3,1,-1.6676657419318217,2,1,4,-0.8802867099389482,0.6276412860515997,0.9237707881769818,0,-0.8772324258614291,3,1,1,-0.6835478776036732,-0.6201892226844657,2,-0.4911735278257753,-0.8915894197262932,-0.6791456840737199,-0.3148734873096303,False,True,False,False,False,False,False,False,True,False,False,True,False,False,False,False,False,False,True,False,False,0.0,338.1428571428572,0.2,0,2.6666666666666665,0,0
0.1178448495313057,0,1,1.4912154073838704,-1.010909342912418,3,1,1,-0.3390898026047641,2,1,1,-0.7757948753350336,-0.3991507890918291,0.523315742874663,0,-0.3305890744344257,3,1,0,1.1327743071714844,0.1557070814399298,2,-0.9810141559830952,-1.1676872598353414,-0.6791456840737199,-1.1559347102263289,False,False,True,False,True,False,False,False,False,False,False,False,False,False,False,False,False,True,False,False,True,0.0,136.0952380952381,0.0,1,1.0,1,5
-0.2106607044718917,0,1,1.0449770058962733,-0.270543951856408,4,3,0,-0.5359158676902541,3,2,4,-0.2765324639688755,-0.1021877922703036,-0.6780493930322936,1,-1.1505541015749308,3,4,0,-0.1645986819536281,-0.6201892226844657,3,0.4885077284888646,1.041095461037043,-0.6791456840737199,1.3672489585237668,False,False,True,False,True,False,False,False,False,False,False,False,False,False,False,False,True,False,False,True,False,0.0,473.09090909090907,0.7272727272727273,1,3.6666666666666665,0,2
-1.0866755151470848,0,1,0.3756194036648774,-0.0237554881710714,3,4,1,-1.0771875466753518,3,2,4,-0.5104154094468839,-1.294958712300728,-0.6780493930322936,0,-0.3305890744344257,3,1,0,-0.5538105786911619,1.707499689688721,3,-0.0013328996684553,0.7649976209279952,-0.6791456840737199,0.8065414765793012,False,False,True,False,False,True,False,False,False,False,False,False,False,False,False,False,True,False,False,False,True,0.0,513.125,0.875,0,3.0,0,2
-0.5391662584750891,0,1,1.4143632382387843,-0.5173324155417446,4,4,1,-0.4867093514188816,2,2,4,0.6758116497837064,-0.5867729380538436,2.1251359240839385,0,2.4026276827005915,4,2,0,-0.4240732797786506,-1.3960855268088614,3,-0.9810141559830952,-1.1676872598353414,-0.6791456840737199,-1.1559347102263289,False,True,False,False,True,False,False,False,False,False,False,False,False,True,False,False,False,False,False,False,True,0.0,1075.4444444444443,0.0,1,3.333333333333333,0,8
-0.6486681098094882,1,2,-0.1202010424324527,2.073946453154289,4,1,1,-0.142263737519274,3,2,4,-0.1886401468784137,0.950323274079154,-0.6780493930322936,1,-1.1505541015749308,3,3,0,-0.1645986819536281,0.9316033855643254,3,0.4885077284888646,0.7649976209279952,-0.6791456840737199,1.086895217551534,False,False,True,False,False,True,False,False,False,False,False,False,False,False,False,False,True,False,False,True,False,0.0,510.6363636363636,0.6363636363636364,1,2.6666666666666665,0,2
1.7603726195472926,1,1,0.9061472809890208,1.827157989468953,4,1,1,0.0053558112948434,3,3,1,0.8394658673201837,-1.1903962562499877,1.324225833479301,1,-0.6039107501479274,3,2,0,0.4840878126089281,-0.6201892226844657,2,-0.8177339465973219,-0.6154915796172451,-0.0582848907973714,-0.5952272282818631,False,False,True,False,True,False,False,False,False,False,False,False,False,False,False,False,True,False,False,False,True,0.6666666666666666,653.0,0.6666666666666666,2,1.3333333333333333,1,2
1.869874470881692,0,1,-1.6051832784939566,-0.0237554881710714,2,1,0,0.0545623275662159,3,2,3,-0.7674951165783072,1.146940042916501,0.1228606975723441,0,-1.1505541015749308,3,3,2,-0.2943359808661394,2.4833959938131165,2,-0.4911735278257753,-0.339393739508197,-0.0582848907973714,-0.3148734873096303,False,True,False,False,True,False,False,False,False,False,False,False,False,False,False,True,False,False,False,True,False,0.4,289.7,0.6,2,2.333333333333333,0,0
-0.42966440714069,0,2,1.2408260821047186,-0.270543951856408,2,4,1,-1.4708396768463317,3,2,3,-0.113942318067876,0.5292626311651502,-0.6780493930322936,0,1.3093409798465847,4,3,3,-0.2943359808661394,-0.6201892226844657,3,0.3252275191030913,0.7649976209279952,-0.0582848907973714,1.086895217551534,False,True,False,False,True,False,False,False,False,True,False,False,False,False,False,False,False,False,True,False,False,0.2,596.8,0.7,1,3.333333333333333,0,3
0.6653541062033014,0,1,-0.5664394439200499,0.2230329755142651,3,1,1,-1.7660787744745667,3,3,3,0.2142173743134605,0.3597702628893529,-0.6780493930322936,0,0.4893759527060795,3,2,1,-0.1645986819536281,-1.3960855268088614,3,0.4885077284888646,1.3171933011460917,-0.6791456840737199,1.3672489585237668,False,True,False,False,True,False,False,False,False,True,False,False,False,False,False,False,False,False,False,True,False,0.0,682.7272727272727,0.8181818181818182,1,2.0,1,3
0.1178448495313057,0,2,1.5903794966033364,-1.010909342912418,4,4,1,1.0878991692650386,3,1,2,-0.7474905698313256,-1.2773910953567191,-1.0785044383346123,1,-1.1505541015749308,3,2,1,-0.5538105786911619,-0.6201892226844657,3,-0.1646131090542286,-0.6154915796172451,-0.3687152874355457,-0.5952272282818631,True,False,False,False,False,False,False,True,False,False,True,False,False,False,False,False,False,False,False,True,False,0.1428571428571428,373.875,0.2857142857142857,1,2.6666666666666665,0,1
1.979376322216091,0,1,-1.5208938026574104,2.073946453154289,4,3,1,0.251388392651706,4,5,2,2.7927417338445326,1.615925144853761,0.523315742874663,1,0.7626976284195812,3,1,1,3.078833790859153,-2.171981830933257,3,0.4885077284888646,1.3171933011460917,-0.3687152874355457,-0.0345197463373974,True,False,False,True,False,False,False,False,False,False,False,False,True,False,False,False,False,False,False,True,False,0.0909090909090909,545.4444444444445,0.8181818181818182,2,2.0,1,1
-0.6486681098094882,0,1,1.173890321881579,-0.8875151110697495,1,4,0,-0.3390898026047641,1,1,4,-1.0898109275376,0.4529489031603758,-0.6780493930322936,1,-1.1505541015749308,3,3,3,-1.3322343721662295,0.9316033855643254,3,-0.9810141559830952,-1.1676872598353414,-0.6791456840737199,-1.1559347102263289,False,True,False,False,False,False,True,False,False,False,False,True,False,False,False,False,False,False,True,False,False,0.0,564.5,0.0,1,3.6666666666666665,0,0
0.2273467008657048,0,1,-1.694430958791476,0.7166099028849382,4,2,1,0.5466274902799411,3,4,1,1.455137715607607,1.5157194578051347,-1.0785044383346123,0,-0.8772324258614291,3,1,0,1.2625116060839956,0.1557070814399298,3,2.1213098223465976,1.041095461037043,2.7355886789461965,1.6476026994959998,False,False,True,False,False,True,False,False,False,False,False,False,False,False,False,False,True,False,False,False,True,0.5238095238095238,606.4090909090909,0.3809523809523809,1,1.3333333333333333,1,2
0.5558522548689022,0,0,-1.1589448770063595,1.7037637576262843,2,4,1,-1.4216331605749593,2,2,3,-0.4621065571961943,0.069974853780983,-0.6780493930322936,0,-0.8772324258614291,3,4,0,1.1327743071714844,-0.6201892226844657,3,2.1213098223465976,1.3171933011460917,0.2521455058408027,0.8065414765793012,False,True,False,False,True,False,False,False,False,False,False,False,False,False,False,True,False,False,False,False,True,0.1428571428571428,206.28571428571428,0.4285714285714285,1,3.6666666666666665,0,0
-0.6486681098094882,0,0,-0.2615098695701918,0.0996387436715968,3,3,0,-1.2740136117608418,3,3,3,0.9635366200168888,1.7636336681189877,0.523315742874663,0,1.3093409798465847,4,3,1,0.2246132147839056,-0.6201892226844657,4,0.651787937874638,0.7649976209279952,0.5625759024789769,1.086895217551534,False,True,False,False,False,False,True,False,False,False,False,False,False,False,True,False,False,False,False,True,False,0.3333333333333333,787.9285714285714,0.5833333333333334,1,3.0,0,6
1.869874470881692,0,1,-1.6002250740329833,0.0996387436715968,3,3,0,0.5466274902799411,3,2,1,-0.439122609869875,1.529773551360342,1.324225833479301,1,1.036019304133083,3,4,0,-0.2943359808661394,0.1557070814399298,3,-0.3278933184400019,-0.6154915796172451,-0.3687152874355457,-0.0345197463373974,False,True,False,False,False,False,True,False,False,False,False,False,False,True,False,False,False,False,False,False,True,0.1666666666666666,444.0,0.3333333333333333,2,2.6666666666666665,0,8
-1.4151810691502822,0,1,-0.0780563045141796,-1.010909342912418,2,2,1,-1.0279810304039791,2,2,3,-0.4014544739739628,-0.0271389326854978,-0.6780493930322936,0,-0.8772324258614291,3,2,0,-0.9430224754286956,-0.6201892226844657,2,-0.4911735278257753,-0.339393739508197,-0.3687152874355457,-0.5952272282818631,False,True,False,False,True,False,False,False,False,True,False,False,False,False,False,False,False,False,False,False,True,0.2,923.4,0.6,0,2.333333333333333,0,3
-1.5246829204846812,0,1,-0.5738767506115098,0.3464272073569334,2,4,1,0.5958340065513135,3,1,4,-0.8206986983521944,-0.0901012718128255,-0.6780493930322936,0,-0.6039107501479274,3,3,0,-0.8132851765161844,2.4833959938131165,4,-0.3278933184400019,-0.6154915796172451,-0.3687152874355457,-0.0345197463373974,False,True,False,False,False,False,False,True,False,False,False,True,False,False,False,False,False,False,False,False,True,0.1666666666666666,441.1666666666667,0.3333333333333333,0,3.6666666666666665,0,7
0.3368485522001039,0,2,-0.273905380722625,0.2230329755142651,3,4,0,0.349801425194451,3,2,3,-0.0383932319489561,1.7618066359568103,-0.6780493930322936,0,-1.1505541015749308,3,1,1,-0.1645986819536281,-0.6201892226844657,4,0.4885077284888646,1.3171933011460917,2.114727885669848,-0.0345197463373974,False,True,False,False,False,False,False,False,True,False,False,True,False,False,False,False,False,False,False,True,False,0.8181818181818182,574.8181818181819,0.8181818181818182,1,2.6666666666666665,0,0
0.3368485522001039,0,1,-0.8887227338833145,-0.8875151110697495,2,2,0,1.2847252343505289,3,2,2,-0.1758712872526808,-1.4131536391000197,0.1228606975723441,0,-0.3305890744344257,3,3,1,0.4840878126089281,0.9316033855643254,3,0.651787937874638,1.041095461037043,0.8730062991171511,1.6476026994959998,False,False,True,False,False,True,False,False,False,False,False,False,False,False,False,False,True,False,False,True,False,0.4166666666666667,354.8125,0.6666666666666666,1,2.333333333333333,0,2
-1.3056792178158831,0,1,-1.2234015349990124,-0.8875151110697495,3,3,0,0.7926600716368035,3,1,2,-0.918593288816147,0.7507551455952137,0.523315742874663,0,-0.3305890744344257,3,3,0,-0.6835478776036732,0.1557070814399298,3,-0.8177339465973219,-1.1676872598353414,-0.3687152874355457,-0.5952272282818631,True,False,False,True,False,False,False,False,False,False,True,False,False,False,False,False,False,False,False,True,False,0.3333333333333333,312.42857142857144,0.0,0,2.6666666666666665,0,1
-0.7581699611438873,0,1,0.2690180077539514,-1.010909342912418,2,4,1,0.4974209740085685,3,1,2,-0.5863901242199949,-1.4385915484349443,-0.6780493930322936,0,-0.6039107501479274,3,3,0,0.0948759158713943,2.4833959938131165,2,0.8150681472604113,1.041095461037043,-0.3687152874355457,0.8065414765793012,False,True,False,False,False,False,True,False,False,False,False,True,False,False,False,False,False,False,False,True,False,0.0769230769230769,288.3076923076923,0.6153846153846154,0,3.0,0,0
-1.3056792178158831,0,1,0.4326387549660704,-0.8875151110697495,1,4,1,-0.4375028351475091,3,1,3,-0.5376556433151142,-0.9859091950217244,1.324225833479301,1,1.036019304133083,3,3,1,-0.5538105786911619,-0.6201892226844657,2,-0.8177339465973219,-0.6154915796172451,-0.6791456840737199,-0.5952272282818631,False,True,False,False,False,False,False,True,False,False,False,True,False,False,False,False,False,False,True,False,False,0.0,497.125,0.6666666666666666,0,3.333333333333333,0,7
1.103361511540898,0,1,0.9358965077548606,1.950552221311621,3,1,1,0.8910731041795485,3,3,3,0.4532078636417621,-0.1727393419174431,-0.2775943477299747,0,2.1293060069870897,4,2,0,1.7814608017340408,0.1557070814399298,3,1.6314691941892778,2.6976825016913315,3.0460190755843706,1.9279564404682328,False,True,False,False,False,False,True,False,False,True,False,False,False,False,False,False,False,False,False,False,True,0.6666666666666666,332.03846153846155,0.7777777777777778,2,2.0,1,3
-0.42966440714069,0,0,1.2656171044095852,-1.010909342912418,2,2,1,-0.3390898026047641,2,1,3,-0.9566870533662504,0.8609392390680372,-0.6780493930322936,0,-0.8772324258614291,3,3,3,-1.3322343721662295,-0.6201892226844657,2,-0.9810141559830952,-0.8915894197262932,-0.6791456840737199,-1.1559347102263289,False,True,False,False,False,False,True,False,False,False,False,True,False,False,False,False,False,False,True,False,False,0.0,1004.0,0.5,1,2.6666666666666665,0,0
0.1178448495313057,0,1,1.2854499222534783,-1.010909342912418,4,4,1,0.9894861367222936,3,2,2,-0.439122609869875,-0.9384063588051246,-1.0785044383346123,0,-0.0572673987209239,3,1,2,0.6138251115214394,0.1557070814399298,3,1.304908775417731,2.421584661582284,0.8730062991171511,1.086895217551534,False,False,True,False,True,False,False,False,False,False,False,False,False,False,False,False,True,False,False,True,False,0.3125,261.1764705882353,0.8125,1,2.333333333333333,0,2
-0.6486681098094882,0,1,0.8714398497622077,-0.8875151110697495,2,1,1,-0.5851223839616266,3,1,3,-0.7313166809720638,-1.1130987416963485,-1.0785044383346123,0,1.036019304133083,3,3,1,-1.072759774341207,-1.3960855268088614,3,-0.8177339465973219,-0.6154915796172451,-0.3687152874355457,-0.5952272282818631,False,False,True,False,True,False,False,False,False,False,False,False,False,False,False,False,False,True,False,True,False,0.3333333333333333,766.75,0.6666666666666666,1,2.333333333333333,0,5
0.1178448495313057,0,2,-0.7300601911321688,-0.3939381836990763,4,1,1,0.3005949089230785,2,2,3,-0.2516331876986963,-0.0040902192549582,-0.2775943477299747,0,-1.1505541015749308,3,4,1,-0.1645986819536281,-1.3960855268088614,3,0.161947309717318,-0.339393739508197,1.4938670923934996,0.8065414765793012,False,True,False,False,True,False,False,False,False,False,False,False,False,True,False,False,False,False,False,True,False,0.7777777777777778,483.7272727272728,0.3333333333333333,1,2.6666666666666665,0,8
0.5558522548689022,0,1,-0.608584181838323,1.0867925984129432,4,4,1,-1.5200461931177045,3,2,1,-0.2326927125871924,-0.4390644147886172,1.324225833479301,1,0.4893759527060795,3,3,1,-0.2943359808661394,0.1557070814399298,2,-0.4911735278257753,-0.339393739508197,-0.3687152874355457,-0.5952272282818631,False,True,False,False,True,False,False,False,False,False,False,False,False,False,False,True,False,False,True,False,False,0.2,541.0,0.6,1,2.6666666666666665,0,0
0.4463504035345031,0,1,-0.3978604922469576,-1.010909342912418,3,4,1,0.4974209740085685,3,1,4,-0.7919687641942953,0.997685569360202,0.1228606975723441,0,1.855984331273588,4,1,1,0.0948759158713943,0.1557070814399298,3,-0.3278933184400019,-0.339393739508197,-0.3687152874355457,-1.1559347102263289,False,True,False,False,True,False,False,False,False,False,False,False,False,False,False,True,False,False,False,True,False,0.1666666666666666,214.0,0.5,1,3.0,0,0
1.103361511540898,0,0,0.8912726676061008,-1.010909342912418,1,3,0,1.5799643319787635,3,3,2,1.1606026869073671,0.4100839178169942,-1.0785044383346123,0,0.7626976284195812,3,1,2,0.3543505136964169,0.1557070814399298,1,0.9783483566461848,1.041095461037043,0.8730062991171511,2.2083101814404653,False,True,False,False,False,False,True,False,False,False,False,False,False,False,True,False,False,False,False,True,False,0.3571428571428571,797.1333333333333,0.5714285714285714,2,2.0,1,6
-0.2106607044718917,0,1,1.7044181992057224,0.2230329755142651,4,4,1,-1.1263940629467242,3,1,3,-0.8179321120999523,0.8318472654087585,1.7246808787816197,1,-1.1505541015749308,3,3,1,-0.8132851765161844,0.1557070814399298,3,-0.8177339465973219,-0.6154915796172451,-0.0582848907973714,-0.5952272282818631,False,True,False,False,False,False,True,False,False,False,False,True,False,False,False,False,False,False,False,True,False,0.6666666666666666,443.3333333333333,0.6666666666666666,1,3.333333333333333,0,0
-1.6341847718190805,0,1,-0.5490857283066433,-1.010909342912418,2,4,1,-0.142263737519274,3,1,3,-0.6657698682266348,0.465316505488958,-1.0785044383346123,0,-0.8772324258614291,3,4,0,-0.9430224754286956,-0.6201892226844657,4,-0.6544537372115486,-0.6154915796172451,-0.3687152874355457,-0.5952272282818631,False,True,False,False,True,False,False,False,False,False,False,False,False,False,False,True,False,False,False,False,True,0.25,675.0,0.5,0,3.6666666666666665,0,0
-0.2106607044718917,0,1,1.4689034873094906,-0.0237554881710714,4,2,1,-0.8803614815898617,3,2,3,-0.2990907826410037,0.6162574702718819,-0.6780493930322936,0,1.036019304133083,3,2,0,-0.1645986819536281,1.707499689688721,3,0.4885077284888646,0.7649976209279952,-0.6791456840737199,1.086895217551534,False,True,False,False,False,False,True,False,False,False,False,False,False,False,False,True,False,False,False,False,True,0.0,463.45454545454544,0.6363636363636364,1,2.333333333333333,0,0
-0.42966440714069,0,1,-0.7474139067455754,0.7166099028849382,2,2,0,1.432344783164646,3,2,4,-0.3459099346020245,1.031555934828251,-1.0785044383346123,1,-0.6039107501479274,3,1,1,-0.1645986819536281,2.4833959938131165,3,0.3252275191030913,0.7649976209279952,1.8042974890316736,-0.8755809692540959,False,True,False,False,False,False,True,False,False,True,False,False,False,False,False,False,False,False,False,True,False,0.8,443.45454545454544,0.7,1,2.333333333333333,0,3
-0.5391662584750891,0,1,-1.3275238286794515,2.4441291486822943,4,3,0,-0.8311549653184892,2,1,2,-0.7802639762040401,0.2256942103726774,-0.6780493930322936,0,-0.6039107501479274,3,3,0,-0.6835478776036732,0.1557070814399298,3,-0.1646131090542286,-0.6154915796172451,0.5625759024789769,-0.8755809692540959,False,True,False,False,True,False,False,False,False,False,False,True,False,False,False,False,False,False,False,False,True,0.5714285714285714,405.2857142857143,0.2857142857142857,1,2.6666666666666665,0,0
0.3368485522001039,0,1,-0.643291613065136,-1.010909342912418,4,1,1,0.841866587908176,3,1,4,-0.8719869511822218,-1.4409807443393294,2.1251359240839385,0,1.036019304133083,3,3,2,-0.4240732797786506,0.1557070814399298,2,-0.9810141559830952,-1.1676872598353414,-0.6791456840737199,-1.1559347102263289,False,True,False,False,True,False,False,False,False,False,False,True,False,False,False,False,False,False,False,True,False,0.0,267.3333333333333,0.0,1,2.6666666666666665,0,0
-0.5391662584750891,0,1,-1.409334202285511,-1.010909342912418,4,2,1,0.1037688438375884,2,1,2,-0.901142513994312,0.5215328797097863,-1.0785044383346123,0,-0.3305890744344257,3,2,1,-1.072759774341207,-0.6201892226844657,3,-0.8177339465973219,-0.6154915796172451,-0.0582848907973714,-0.5952272282818631,False,False,True,False,False,False,True,False,False,False,False,False,False,False,False,False,False,True,False,True,False,0.6666666666666666,567.25,0.6666666666666666,1,2.0,1,5
0.2273467008657048,0,1,-1.701868265482936,1.827157989468953,1,1,1,-0.6835354165043717,3,2,4,-0.5097769664655972,-1.261088346832679,1.7246808787816197,0,-0.6039107501479274,3,1,0,0.873299709346462,-0.6201892226844657,3,-0.0013328996684553,0.7649976209279952,-0.3687152874355457,0.8065414765793012,False,True,False,False,True,False,False,False,False,False,False,False,False,False,False,True,False,False,False,False,True,0.125,216.21052631578948,0.875,1,2.0,1,0
0.1178448495313057,0,1,-1.491144575891571,0.0996387436715968,3,2,0,1.629170848250136,1,3,3,1.4264077814497078,-1.5371107442569458,0.1228606975723441,0,-0.8772324258614291,3,1,1,1.1327743071714844,0.1557070814399298,3,1.794749403575051,3.249878181909428,-0.3687152874355457,1.9279564404682328,False,True,False,False,False,False,True,False,False,False,False,False,False,False,True,False,False,False,False,True,False,0.0526315789473684,628.8571428571429,0.8421052631578947,1,2.0,1,6
-0.5391662584750891,0,1,-0.0036832375995801,-1.010909342912418,4,3,0,-0.8803614815898617,3,3,4,0.8339326948156993,1.3659028205066273,-0.6780493930322936,0,1.036019304133083,3,3,2,0.3543505136964169,0.1557070814399298,3,1.141628566031958,1.5932911412551394,0.8730062991171511,0.8065414765793012,False,False,True,False,False,True,False,False,False,False,False,False,False,False,False,False,True,False,False,True,False,0.3333333333333333,694.8,0.6666666666666666,1,3.333333333333333,0,2
0.0083429981969065,0,1,-1.5903086651110367,0.0996387436715968,3,3,0,-1.1756005792180968,4,3,4,1.5409018894271134,0.1627318712453497,-0.6780493930322936,1,2.675949358414093,4,1,1,0.6138251115214394,-0.6201892226844657,3,1.4681889848035046,1.8693889813641875,1.1834366957553253,1.086895217551534,False,True,False,False,True,False,False,False,False,False,False,False,False,False,True,False,False,False,False,True,False,0.3529411764705882,808.4705882352941,0.6470588235294118,1,2.6666666666666665,0,6
-1.3056792178158831,0,1,1.436675158313164,-0.1471497200137397,2,1,0,0.9402796204509212,3,2,3,-0.3397383191162536,-0.0884147805862007,-1.0785044383346123,1,1.855984331273588,4,2,1,-0.6835478776036732,0.1557070814399298,2,-0.3278933184400019,-0.339393739508197,-0.6791456840737199,-0.0345197463373974,False,False,True,False,False,False,False,True,False,False,False,False,False,False,False,False,True,False,True,False,False,0.0,701.0,0.5,0,2.0,1,7
1.6508707682128936,0,0,-0.5391693193846967,2.4441291486822943,4,1,1,-1.2740136117608418,3,1,4,-0.642998735227411,0.7694470900236391,-0.2775943477299747,0,-0.0572673987209239,3,2,2,0.6138251115214394,0.1557070814399298,2,0.3252275191030913,1.041095461037043,-0.6791456840737199,-1.1559347102263289,False,False,True,False,True,False,False,False,False,False,False,False,False,False,False,False,False,True,True,False,False,0.0,204.8235294117647,0.8,2,2.333333333333333,0,5
0.7748559575377005,0,1,0.5813848887952695,-1.010909342912418,3,2,1,-1.1756005792180968,3,1,4,-0.8656025213693552,-0.1252365057008432,1.324225833479301,1,-0.8772324258614291,3,3,0,-0.6835478776036732,-0.6201892226844657,3,-0.4911735278257753,-0.339393739508197,-0.3687152874355457,-0.5952272282818631,False,True,False,False,False,False,True,False,False,False,False,False,False,False,False,True,False,False,False,False,True,0.2,348.0,0.6,1,3.0,0,0
-1.7436866231534796,0,1,-0.7474139067455754,-0.5173324155417446,1,3,1,-0.3882963188761366,3,1,1,-0.8775201236867061,1.5692655542504736,-0.6780493930322936,1,-1.1505541015749308,3,4,0,-1.202497073253718,2.4833959938131165,3,-0.8177339465973219,-0.6154915796172451,-0.3687152874355457,-0.5952272282818631,False,False,True,False,False,False,True,False,False,False,False,False,False,False,False,False,False,True,False,False,True,0.3333333333333333,793.3333333333334,0.6666666666666666,0,2.6666666666666665,0,5
0.2273467008657048,0,0,-1.729138390018289,-0.0237554881710714,3,4,1,1.038692652993666,3,5,4,2.7511769676195006,0.1389804531370497,-0.2775943477299747,0,-0.6039107501479274,3,3,0,1.2625116060839956,0.1557070814399298,2,-0.1646131090542286,-1.1676872598353414,-0.3687152874355457,-0.3148734873096303,False,True,False,False,True,False,False,False,False,False,False,False,True,False,False,False,False,False,False,False,True,0.1428571428571428,883.2272727272727,0.0,1,3.6666666666666665,0,4
-1.5246829204846812,1,2,-0.4077769011689042,-0.0237554881710714,3,4,1,-1.6184592256604493,3,1,1,-1.00308057667308,1.776844516060882,-0.6780493930322936,0,1.036019304133083,3,1,1,-1.3322343721662295,0.1557070814399298,2,-0.9810141559830952,-1.1676872598353414,-0.3687152874355457,-1.1559347102263289,False,False,True,False,False,True,False,False,False,False,False,False,False,False,False,False,False,True,False,True,False,0.5,895.0,0.0,0,2.0,1,5
-0.1011588531374925,0,1,-0.608584181838323,-0.7641208792270812,3,1,0,1.3831382668932737,2,3,4,0.2427344941442641,-0.2274097658471986,-1.0785044383346123,0,1.036019304133083,3,3,2,-0.1645986819536281,-0.6201892226844657,3,0.3252275191030913,0.7649976209279952,0.2521455058408027,-0.0345197463373974,False,False,True,False,False,False,True,False,False,False,False,False,False,False,False,False,True,False,False,True,False,0.3,694.9090909090909,0.7,1,2.6666666666666665,0,2
-0.1011588531374925,0,2,-0.2838217896445716,-0.6407266473844129,2,4,0,1.5307578157073911,3,2,2,-0.2920679098468506,-0.7197246630861025,1.7246808787816197,0,-0.6039107501479274,3,2,3,0.873299709346462,0.1557070814399298,3,-0.4911735278257753,-0.6154915796172451,-0.6791456840737199,-0.5952272282818631,False,True,False,False,True,False,False,False,False,False,False,False,False,True,False,False,False,False,True,False,False,0.0,270.05263157894734,0.4,1,2.6666666666666665,0,8
2.08887817355049,0,0,-0.3358829364847913,-1.010909342912418,4,3,1,-0.4375028351475091,3,2,3,-0.0420110755095804,1.6756550424633911,-0.6780493930322936,0,1.5826626555600865,4,1,1,0.2246132147839056,-0.6201892226844657,2,0.9783483566461848,2.145486821473236,-0.3687152874355457,1.3672489585237668,False,True,False,False,True,False,False,False,False,True,False,False,False,False,False,False,False,False,True,False,False,0.0714285714285714,450.4285714285714,0.8571428571428571,2,2.333333333333333,0,3
-0.8676718124782865,1,1,0.7177355114720353,-1.010909342912418,4,1,1,-1.4708396768463317,3,1,4,-0.3652760383677195,1.6599144576815592,2.5255909693862573,1,-0.3305890744344257,3,2,3,-0.9430224754286956,0.1557070814399298,4,-0.8177339465973219,-0.6154915796172451,-0.0582848907973714,-0.5952272282818631,False,True,False,False,False,False,True,False,False,False,False,False,False,False,False,True,False,False,False,True,False,0.6666666666666666,957.4,0.6666666666666666,0,2.333333333333333,0,0
0.5558522548689022,0,1,-1.2457134550733922,-0.8875151110697495,3,1,1,-0.4867093514188816,3,5,3,2.633916273389853,0.4214677335967119,0.9237707881769818,0,-1.1505541015749308,3,1,0,1.6517235028215294,-0.6201892226844657,2,2.447870241118145,0.4888997808189471,0.5625759024789769,2.7690176633849317,False,True,False,False,True,False,False,False,False,False,False,False,True,False,False,False,False,False,False,True,False,0.1739130434782608,755.2,0.2608695652173913,1,1.6666666666666667,1,4
2.08887817355049,1,1,-1.2209224327685255,-0.270543951856408,2,4,1,0.3005949089230785,3,1,3,-0.8862455110976235,-1.4963538729468453,2.1251359240839385,0,-1.1505541015749308,3,4,1,0.3543505136964169,0.9316033855643254,1,0.4885077284888646,1.3171933011460917,2.114727885669848,1.086895217551534,False,True,False,False,False,False,False,False,True,False,False,True,False,False,False,False,False,False,False,True,False,0.8181818181818182,155.93333333333334,0.8181818181818182,2,3.6666666666666665,0,0
0.4463504035345031,0,1,-0.5466066260761566,2.320734916839626,4,1,0,-0.2898832863333916,2,4,2,1.5038721965124875,-1.2189260661670578,-1.0785044383346123,0,2.1293060069870897,4,3,1,1.2625116060839956,0.1557070814399298,3,2.1213098223465976,0.7649976209279952,-0.6791456840737199,1.6476026994959998,False,True,False,False,True,False,False,False,False,False,False,False,False,True,False,False,False,False,False,True,False,0.0,616.8181818181819,0.3333333333333333,1,2.0,1,8
-0.3201625558062908,0,1,-0.2441561539567852,2.320734916839626,3,4,0,1.432344783164646,2,2,3,0.0443915412912124,-0.7498004232942456,-0.6780493930322936,0,1.5826626555600865,4,4,2,-0.4240732797786506,-0.6201892226844657,3,0.161947309717318,0.7649976209279952,-0.3687152874355457,0.8065414765793012,False,False,True,False,False,True,False,False,False,False,False,False,False,False,False,False,True,False,False,True,False,0.1111111111111111,745.7777777777778,0.7777777777777778,1,3.6666666666666665,0,2
-0.1011588531374925,0,0,-1.2432343528429055,0.7166099028849382,4,4,1,1.0878991692650386,1,2,4,-0.2335439698955746,-0.5448917392593264,-0.6780493930322936,0,2.4026276827005915,4,1,1,0.4840878126089281,0.9316033855643254,2,1.304908775417731,2.145486821473236,2.7355886789461965,1.9279564404682328,False,False,True,False,False,True,False,False,False,False,False,False,False,False,False,False,True,False,True,False,False,0.6875,337.875,0.75,1,3.0,0,2
0.4463504035345031,0,1,0.3161209501331978,-0.7641208792270812,3,3,1,-0.4375028351475091,2,2,2,0.5181162334059046,-0.2931829236855677,-0.2775943477299747,0,-1.1505541015749308,3,3,1,0.3543505136964169,1.707499689688721,3,-0.3278933184400019,-0.063295899399149,-0.6791456840737199,-0.0345197463373974,False,False,True,False,True,False,False,False,False,False,False,False,False,False,False,False,True,False,True,False,False,0.0,595.8666666666667,0.6666666666666666,1,2.6666666666666665,0,2
-0.5391662584750891,0,1,-0.6779990442919491,-0.8875151110697495,3,4,1,0.5958340065513135,3,1,1,-0.8649640783880687,-0.4251508621689622,-0.6780493930322936,0,-0.3305890744344257,3,4,0,-0.9430224754286956,0.9316033855643254,3,-0.4911735278257753,-0.6154915796172451,-0.3687152874355457,-0.5952272282818631,False,True,False,False,False,False,False,False,True,False,False,False,False,False,False,True,False,False,False,False,True,0.2,487.8,0.4,1,3.0,0,0
-0.2106607044718917,0,1,0.8516070319183144,2.073946453154289,4,3,0,-1.7168722582031943,3,3,4,0.4966219863692541,0.3273053067768245,-0.6780493930322936,1,0.2160542769925777,3,3,0,-0.2943359808661394,-0.6201892226844657,3,0.3252275191030913,-1.1676872598353414,-0.3687152874355457,0.8065414765793012,True,False,False,False,True,False,False,False,False,False,True,False,False,False,False,False,False,False,False,False,True,0.1,883.7,0.0,1,3.333333333333333,0,1
0.1178448495313057,0,1,-1.1341538547014929,0.0996387436715968,2,1,0,1.6783773645215088,3,2,4,-0.2469512725025942,-1.1708610662082497,-0.6780493930322936,0,-1.1505541015749308,3,3,1,-0.1645986819536281,-1.3960855268088614,3,0.4885077284888646,0.7649976209279952,-0.3687152874355457,1.3672489585237668,False,False,True,False,True,False,False,False,False,False,False,False,False,False,False,False,True,False,False,True,False,0.0909090909090909,485.7272727272728,0.6363636363636364,1,2.6666666666666665,0,2
1.4318670655440953,1,2,0.187207634147892,-1.010909342912418,4,2,1,1.3831382668932737,3,2,3,0.0477965705247412,-0.0081659063859683,1.7246808787816197,0,-0.8772324258614291,3,4,2,0.0948759158713943,0.1557070814399298,3,-0.1646131090542286,-0.339393739508197,-0.6791456840737199,-0.8755809692540959,False,False,True,False,True,False,False,False,False,False,False,False,False,False,False,False,True,False,True,False,False,0.0,517.5384615384615,0.4285714285714285,2,3.0,0,2
-0.1011588531374925,0,1,0.7871503739256616,0.2230329755142651,4,2,0,1.6783773645215088,2,2,4,0.0316226816654794,0.0078557602669677,0.523315742874663,0,-0.6039107501479274,3,1,1,-0.4240732797786506,-0.6201892226844657,2,-0.1646131090542286,-0.339393739508197,-0.6791456840737199,-1.1559347102263289,False,False,True,False,False,True,False,False,False,False,False,False,False,False,False,False,True,False,False,True,False,0.0,739.1111111111111,0.4285714285714285,1,2.333333333333333,0,2
0.8843578088720997,0,1,-1.06225989001738,1.3335810620982798,3,4,0,-0.7819484490471167,3,2,3,-0.3518687357606999,1.2676647065557298,2.1251359240839385,0,-0.0572673987209239,3,3,0,-0.4240732797786506,0.1557070814399298,3,-0.3278933184400019,-0.339393739508197,-0.6791456840737199,-0.8755809692540959,False,False,True,False,True,False,False,False,False,False,False,False,False,False,False,False,True,False,False,False,True,0.0,538.8888888888889,0.5,1,3.333333333333333,0,2
0.3368485522001039,0,1,1.287929024483965,-0.8875151110697495,4,3,1,-0.6835354165043717,2,1,3,-0.7862227773627155,-1.628602893301344,-0.2775943477299747,0,-0.3305890744344257,3,4,0,-0.4240732797786506,-0.6201892226844657,3,-0.8177339465973219,-0.6154915796172451,-0.0582848907973714,-0.5952272282818631,False,True,False,False,True,False,False,False,False,False,False,False,False,False,False,True,False,False,False,False,True,0.6666666666666666,312.1111111111111,0.6666666666666666,1,3.333333333333333,0,0
-0.2106607044718917,0,2,0.982999450134107,1.0867925984129432,4,3,1,0.6942470390940585,3,2,3,-0.1733175153275342,1.444886826286891,-0.6780493930322936,1,-0.3305890744344257,3,4,2,-0.1645986819536281,-0.6201892226844657,4,0.4885077284888646,-0.6154915796172451,-0.6791456840737199,-0.5952272282818631,False,True,False,False,True,False,False,False,False,True,False,False,False,False,False,False,False,False,False,True,False,0.0,517.1818181818181,0.1818181818181818,1,3.333333333333333,0,3
0.3368485522001039,0,1,0.9706039389816736,-0.8875151110697495,4,3,0,1.5799643319787635,3,1,3,-0.9581767536559191,-0.247928742437801,-0.2775943477299747,0,-0.3305890744344257,3,2,3,1.1327743071714844,-0.6201892226844657,3,-0.3278933184400019,-0.339393739508197,-0.6791456840737199,-0.5952272282818631,False,True,False,False,False,False,True,False,False,False,False,False,False,False,False,True,False,False,False,True,False,0.0,95.28571428571428,0.5,1,2.6666666666666665,0,0
-0.2106607044718917,0,1,-1.2779417840697187,-1.010909342912418,4,3,0,-0.1914702537906465,1,1,4,-0.7504699704106632,-0.7534544876185995,-0.6780493930322936,0,-0.8772324258614291,3,4,1,-0.9430224754286956,1.707499689688721,3,-0.4911735278257753,-0.339393739508197,-0.3687152874355457,-0.8755809692540959,False,True,False,False,True,False,False,False,False,False,False,False,False,False,False,True,False,False,False,True,False,0.2,595.4,0.6,1,3.6666666666666665,0,0
-0.8676718124782865,0,1,1.4267587493912175,0.4698214391996017,2,4,1,-0.9787745141326066,2,2,2,-0.5274405556145279,1.3162918702567463,0.523315742874663,1,-0.6039107501479274,3,1,1,-0.1645986819536281,-0.6201892226844657,3,-0.4911735278257753,-0.339393739508197,-0.6791456840737199,-0.3148734873096303,False,True,False,False,False,False,False,True,False,False,False,True,False,False,False,False,False,False,False,True,False,0.0,365.9090909090909,0.6,0,2.333333333333333,0,7
-0.8676718124782865,0,1,-0.8292242803516349,2.320734916839626,4,4,0,0.349801425194451,2,1,1,-0.5785159941174596,-0.8185249407792082,-0.6780493930322936,0,-0.3305890744344257,3,2,0,-0.8132851765161844,0.1557070814399298,1,-0.3278933184400019,-0.063295899399149,-0.6791456840737199,-0.0345197463373974,False,True,False,False,False,False,True,False,False,False,False,False,False,False,False,True,False,False,False,False,True,0.0,630.8333333333334,0.6666666666666666,0,2.333333333333333,0,0
1.4318670655440953,1,1,-0.9730122097198606,2.320734916839626,3,4,1,-1.3232201280322142,2,3,1,0.9258684841209766,0.3194350143859086,0.523315742874663,1,-0.6039107501479274,3,2,1,1.1327743071714844,0.1557070814399298,3,-0.6544537372115486,-0.6154915796172451,-0.0582848907973714,-1.1559347102263289,False,False,True,False,False,True,False,False,False,False,False,False,False,False,False,False,True,False,True,False,False,0.5,516.8571428571429,0.5,2,2.333333333333333,0,2
0.2273467008657048,0,1,-0.1995323138080255,1.827157989468953,1,2,0,-0.2898832863333916,2,4,4,1.1763509471124378,-0.7708815636270562,-1.0785044383346123,0,-1.1505541015749308,3,1,1,1.2625116060839956,-0.6201892226844657,2,2.1213098223465976,1.3171933011460917,2.114727885669848,0.5261877356070683,False,False,True,False,False,True,False,False,False,False,False,False,False,False,False,False,True,False,False,True,False,0.4285714285714285,546.8636363636364,0.4285714285714285,1,2.333333333333333,0,2
-0.6486681098094882,0,0,-1.183735899311226,-0.5173324155417446,3,2,1,0.3990079414658235,3,2,1,0.7305049318472625,-1.4793484197450448,-1.0785044383346123,0,1.036019304133083,3,2,0,-0.1645986819536281,-0.6201892226844657,3,0.3252275191030913,-0.063295899399149,-0.3687152874355457,0.8065414765793012,False,True,False,False,False,False,True,False,False,False,False,False,False,True,False,False,False,False,False,False,True,0.1,903.2727272727273,0.4,1,1.6666666666666667,1,8
-1.196177366481484,0,1,0.903668178758534,-0.5173324155417446,3,4,0,-1.7660787744745667,2,1,3,-0.7528109280087143,0.9929071775514317,-1.0785044383346123,0,0.7626976284195812,3,4,0,-0.8132851765161844,-0.6201892226844657,3,-0.4911735278257753,-0.6154915796172451,-0.6791456840737199,-1.1559347102263289,False,False,True,False,False,False,False,True,False,False,False,False,False,False,False,False,False,True,False,False,True,0.0,494.3333333333333,0.4,0,3.6666666666666665,0,5
-0.1011588531374925,0,2,0.2020822475308119,1.7037637576262843,2,3,1,-1.2248070954894692,4,2,4,-0.8368725872114562,-0.2843288447457873,0.523315742874663,0,0.4893759527060795,3,3,1,0.7435624104339507,0.1557070814399298,3,-0.3278933184400019,-0.6154915796172451,-0.6791456840737199,-0.3148734873096303,False,True,False,False,False,False,True,False,False,False,False,True,False,False,False,False,False,False,False,True,False,0.0,142.83333333333334,0.3333333333333333,1,3.333333333333333,0,0
0.2273467008657048,0,1,-0.4697544569310705,-0.3939381836990763,1,4,1,-1.1756005792180968,2,3,1,0.7422097198375177,1.0040099114600451,0.523315742874663,0,-0.0572673987209239,3,1,1,-0.2943359808661394,1.707499689688721,3,-0.0013328996684553,0.7649976209279952,-0.3687152874355457,0.8065414765793012,False,True,False,False,False,False,True,False,False,True,False,False,False,False,False,False,False,False,False,True,False,0.125,999.1,0.875,1,2.0,1,3
-1.0866755151470848,0,1,-1.6051832784939566,-0.6407266473844129,3,2,1,1.038692652993666,4,2,2,-0.0769126251532505,-1.2844181421343226,-0.6780493930322936,1,1.3093409798465847,4,2,1,-0.6835478776036732,-2.171981830933257,3,-0.1646131090542286,-0.6154915796172451,-0.6791456840737199,-0.3148734873096303,False,True,False,False,True,False,False,False,False,False,False,False,False,True,False,False,False,False,False,True,False,0.0,877.4285714285714,0.2857142857142857,0,2.0,1,8
1.3223652142096962,0,2,0.5466774575684564,-0.8875151110697495,3,4,1,-0.142263737519274,2,2,2,-0.2369489991291034,-0.1503933331646639,-0.2775943477299747,0,-0.3305890744344257,3,4,0,0.7435624104339507,0.1557070814399298,2,0.3252275191030913,0.4888997808189471,-0.6791456840737199,1.086895217551534,False,False,True,False,False,False,True,False,False,False,False,False,False,False,False,False,True,False,False,True,False,0.0,299.44444444444446,0.6,2,3.333333333333333,0,2
-0.3201625558062908,0,1,-0.4325679234737707,-0.1471497200137397,3,2,1,0.7926600716368035,4,2,3,-0.4467839256453148,-0.5741242538541572,-0.2775943477299747,0,-0.8772324258614291,3,1,0,-0.6835478776036732,0.1557070814399298,4,-0.4911735278257753,-0.339393739508197,-0.3687152874355457,-0.5952272282818631,False,True,False,False,False,False,True,False,False,False,False,True,False,False,False,False,False,False,False,True,False,0.2,629.1428571428571,0.6,1,2.0,1,0
